aha_id,mstate,mcrnum,year,national_network,vendor_network,hio,tefca_part,tefca_plan
6110008,ME,200008,2023,1,0,1,1,0
6110050,ME,200033,2023,1,0,1,1,0
6110090,ME,201304,2025,1,0,1,0,0
6110150,ME,201300,2023,1,0,1,1,0
6110200,ME,200031,2025,1,0,1,0,1
6110240,ME,201309,2023,1,0,1,0,1
6110260,ME,200050,2023,1,0,1,1,0
6110290,ME,201317,2025,1,0,1,1,0
6110310,ME,201301,2023,1,0,1,1,0
6110330,ME,201308,2025,0,1,1,1,0
6110370,ME,200024,2022,0,0,1,0,0
6110380,ME,200034,2025,1,0,1,0,1
6110386,ME,201311,2022,0,0,1,0,0
6110387,ME,201307,2025,0,0,1,0,0
6110410,ME,201313,2023,1,0,1,1,0
6110480,ME,200018,2023,1,0,1,1,0
6110555,ME,200039,2023,0,0,1,0,1
6110582,ME,200041,2023,1,0,1,1,0
6120001,NH,300029,2025,1,0,1,1,0
6120010,NH,301310,2025,1,1,0,0,1
6120020,NH,301308,2022,1,0,0,0,0
6120029,NH,301300,2025,1,1,0,0,1
6120030,NH,300001,2025,1,0,1,0,1
6120080,NH,300018,2025,1,1,1,0,1
6120090,NH,300017,2025,1,0,0,1,0
6120110,NH,300023,2023,0,0,0,0,0
6120170,NH,300003,2025,1,1,1,0,1
6120190,NH,300005,2023,0,0,0,0,1
6120210,NH,301303,2025,1,1,0,0,1
6120220,NH,301305,2025,0,0,0,0,0
6120225,NH,300034,2024,1,0,0,1,0
6120240,NH,300012,2022,1,1,0,0,0
6120300,NH,300011,2025,1,0,1,0,1
6120310,NH,301304,2025,0,0,0,0,0
6120340,NH,301309,2025,1,1,0,0,1
6120350,NH,301311,2025,1,1,0,0,0
6120380,NH,300014,2025,1,0,0,1,0
6120410,NH,301312,2025,1,1,0,0,0
6120420,NH,301301,2023,1,0,0,0,0
6130001,VT,470003,2025,1,1,1,1,0
6130015,VT,470001,2025,1,1,1,1,0
6130040,VT,470012,2025,0,0,1,0,0
6130060,VT,470011,2022,1,0,1,0,1
6130120,VT,471307,2025,1,1,1,1,0
6130150,VT,471304,2025,1,0,1,0,0
6130210,VT,470005,2025,1,0,1,0,1
6130212,VT,470024,2025,0,1,1,1,0
6130225,VT,471303,2025,1,1,1,1,0
6130255,VT,471300,2025,1,0,1,1,0
6130290,VT,471302,2025,1,0,1,0,1
6140002,MA,220035,2023,1,1,1,0,1
6140008,MA,220001,2024,1,1,1,1,0
6140011,MA,220070,2025,0,1,1,1,0
6140012,MA,220011,2025,1,1,1,0,1
6140013,MA,220086,2025,1,1,1,0,1
6140016,MA,220074,2025,1,1,1,0,1
6140065,MA,221303,2025,1,1,1,1,0
6140080,MA,220008,2025,1,0,1,0,0
6140215,MA,220110,2025,1,1,1,0,1
6140270,MA,223302,2025,1,1,0,1,0
6140310,MA,220119,2025,1,1,1,0,1
6140428,MA,220063,2025,0,1,1,1,0
6140430,MA,220071,2023,1,1,1,0,1
6140465,MA,220116,2025,1,1,1,0,1
6140583,MA,220162,2023,0,1,1,0,0
6140630,MA,220052,2025,1,0,1,1,0
6140850,MA,220084,2025,1,0,1,1,0
6140900,MA,220020,2025,1,1,1,1,0
6140923,MA,220135,2025,1,1,1,1,0
6140980,MA,220095,2025,1,1,1,1,0
6141010,MA,221302,2025,1,0,1,1,0
6141020,MA,220016,2024,1,0,1,0,1
6141095,MA,220163,2024,1,1,1,1,0
6141110,MA,220024,2025,1,0,1,0,0
6141130,MA,220012,2025,1,1,1,1,0
6141170,MA,220010,2023,0,1,1,0,1
6141300,MA,220049,2024,1,1,1,1,0
6141395,MA,220090,2024,0,0,1,1,0
6141430,MA,220177,2025,1,1,1,0,1
6141530,MA,220101,2023,1,1,1,0,1
6141570,MA,220015,2023,1,1,1,0,1
6141640,MA,221300,2025,1,1,1,0,1
6141660,MA,220030,2024,1,0,1,0,1
6141705,MA,220046,2025,1,0,1,1,0
6141720,MA,220060,2023,0,0,1,0,0
6141890,MA,220019,2024,1,1,1,1,0
6141940,MA,220066,2024,0,0,1,1,0
6141955,MA,220077,2024,1,0,1,0,1
6142000,MA,220073,2025,1,1,1,1,0
6142200,MA,220065,2024,1,0,1,0,1
6149199,MA,221304,2025,1,0,1,1,0
6150080,RI,410006,2025,1,1,1,1,0
6150130,RI,410012,2025,1,1,1,1,0
6150150,RI,410007,2025,1,1,1,1,0
6150200,RI,410008,2023,0,0,1,0,0
6150205,RI,410011,2025,0,0,1,0,1
6150220,RI,410013,2024,1,1,1,0,1
6160001,CT,070017,2025,1,1,1,0,1
6160002,CT,070010,2024,1,1,1,0,1
6160003,CT,070025,2025,1,1,1,0,1
6160004,CT,070002,2024,0,1,1,1,0
6160009,CT,070006,2025,1,1,1,0,1
6160010,CT,070028,2025,1,1,1,0,1
6160013,CT,070035,2025,1,1,1,0,1
6160070,CT,070029,2025,1,0,1,0,0
6160100,CT,070033,2025,1,0,1,1,0
6160120,CT,070031,2023,0,0,1,1,0
6160160,CT,070018,2024,1,1,1,0,1
6160215,CT,070036,2024,1,1,1,0,1
6160340,CT,070020,2025,1,1,1,0,1
6160400,CT,070022,2024,1,1,1,0,1
6160450,CT,073300,2025,1,1,1,1,0
6160480,CT,070007,2024,1,1,1,0,1
6160530,CT,070034,2025,1,0,1,1,0
6160560,CT,070024,2025,1,1,1,0,1
6160610,CT,070004,2025,1,0,1,1,0
6160650,CT,070008,2024,0,1,1,1,0
6160710,CT,070011,2025,1,1,1,0,1
6160740,CT,070016,2024,0,1,1,1,0
6160750,CT,070005,2023,0,0,1,0,1
6160810,CT,070021,2025,1,1,1,0,1
6210001,NY,330136,2025,1,1,1,1,0
6210007,NY,330079,2025,1,0,1,0,1
6210009,NY,330103,2023,0,1,1,0,1
6210024,NY,330101,2025,1,1,1,0,1
6210025,NY,330028,2025,0,0,1,1,0
6210030,NY,330013,2025,1,1,1,0,1
6210033,NY,330073,2025,1,1,1,0,1
6210034,NY,330399,2025,0,1,1,1,0
6210037,NY,330264,2025,1,1,1,0,1
6210039,NY,330208,2025,1,0,1,0,0
6210041,NY,330126,2022,1,1,1,0,1
6210070,NY,330057,2024,0,1,1,1,0
6210120,NY,331309,2024,0,0,1,0,0
6210170,NY,330047,2025,1,0,1,1,0
6210180,NY,330235,2024,0,0,1,0,0
6210280,NY,330043,2025,0,0,1,0,0
6210335,NY,330332,2025,1,1,1,0,1
6210469,NY,330350,2022,0,1,1,0,0
6210545,NY,330056,2025,0,1,1,0,1
6210570,NY,330196,2025,1,1,1,1,0
6210665,NY,330397,2023,1,1,1,0,1
6210690,NY,330202,2025,1,1,1,1,0
6210740,NY,330019,2025,0,0,1,0,0
6210747,NY,330194,2022,0,0,1,0,0
6210965,NY,330396,2025,1,1,1,1,0
6210970,NY,330221,2025,1,0,1,0,1
6211025,NY,330005,2022,0,0,1,0,0
6211070,NY,330219,2025,0,0,1,0,1
6211120,NY,330354,2025,0,0,1,0,1
6211185,NY,330197,2025,1,1,1,0,1
6211200,NY,330273,2025,1,0,1,1,0
6211225,NY,330094,2025,1,1,1,0,1
6211290,NY,330265,2025,1,1,1,0,1
6211295,NY,331320,2025,1,1,1,1,0
6211350,NY,330277,2023,1,1,1,0,1
6211370,NY,330175,2023,1,1,1,0,1
6211450,NY,331305,2025,1,1,1,1,0
6211470,NY,330229,2023,0,1,1,0,1
6211490,NY,331302,2025,1,1,1,1,0
6211500,NY,331310,2025,0,1,1,0,1
6211570,NY,330395,2025,0,0,1,0,1
6211595,NY,330055,2023,1,1,1,0,1
6211600,NY,330193,2025,1,1,1,0,1
6211650,NY,330058,2025,0,0,1,0,0
6211660,NY,330181,2025,0,0,1,0,0
6211670,NY,330191,2025,1,1,1,0,1
6211680,NY,330195,2025,0,0,1,0,0
6211690,NY,330276,2025,0,0,1,0,1
6211720,NY,331315,2025,1,1,1,0,1
6211860,NY,330151,2022,0,0,1,0,0
6211880,NY,330045,2025,0,0,1,0,0
6211980,NY,330014,2025,1,1,1,0,1
6212010,NY,330231,2025,1,1,1,1,0
6212040,NY,330239,2025,1,1,1,0,1
6212140,NY,330004,2022,0,1,1,0,1
6212230,NY,331311,2025,1,1,1,1,0
6212320,NY,331317,2025,0,0,1,0,1
6212350,NY,331321,2025,1,1,1,1,0
6212357,NY,330106,2025,0,0,1,0,0
6212380,NY,330223,2025,1,1,1,0,1
6212390,NY,331319,2024,0,0,1,0,0
6212490,NY,331313,2023,1,1,1,1,0
6212500,NY,330162,2024,0,0,1,0,1
6212565,NY,330030,2025,1,1,1,0,1
6212600,NY,330184,2023,0,0,0,0,0
6212630,NY,330204,2025,1,1,1,1,0
6212655,NY,330169,2025,1,1,1,0,1
6212675,NY,330009,2025,0,0,1,0,1
6212700,NY,330127,2025,1,1,1,1,0
6212830,NY,330240,2025,1,1,1,1,0
6212925,NY,330214,2025,1,1,1,1,0
6212990,NY,330119,2025,0,0,1,0,0
6213010,NY,330080,2025,1,1,1,1,0
6213060,NY,330154,2025,1,1,1,0,1
6213070,NY,330199,2025,1,1,1,1,0
6213100,NY,330059,2025,1,1,1,0,1
6213140,NY,330024,2025,1,1,1,0,1
6213180,NY,330128,2025,1,1,1,1,0
6213335,NY,330046,2025,1,1,1,0,1
6213660,NY,330188,2024,0,0,0,0,0
6213710,NY,330033,2023,1,1,1,1,0
6213720,NY,330104,2025,1,1,1,0,1
6213735,NY,330198,2025,1,1,1,0,1
6213830,NY,330085,2025,1,1,1,1,0
6213870,NY,330261,2024,0,0,1,0,1
6213900,NY,330218,2025,1,1,1,0,1
6213923,NY,330141,2023,1,1,1,1,0
6213930,NY,330267,2023,1,1,1,0,1
6213950,NY,331314,2023,0,0,1,0,0
6213977,NY,330331,2025,0,0,1,0,0
6213990,NY,330250,2025,1,1,1,1,0
6214050,NY,330185,2023,0,0,1,0,0
6214055,NY,330246,2025,1,1,1,0,1
6214140,NY,330023,2025,1,0,1,1,0
6214180,NY,330049,2025,1,0,1,1,0
6214280,NY,330226,2025,1,1,1,0,1
6214290,NY,330125,2025,1,1,1,0,1
6214330,NY,330285,2025,1,1,1,1,0
6214360,NY,330259,2025,1,1,1,0,1
6214390,NY,330215,2025,0,0,1,0,0
6214410,NY,330182,2025,1,1,1,0,1
6214520,NY,330222,2025,1,1,1,0,1
6214616,NY,330401,2025,1,1,1,0,1
6214735,NY,330160,2024,1,0,1,0,0
6214775,NY,330393,2025,1,0,1,0,1
6214870,NY,330140,2024,0,1,1,0,1
6214885,NY,330241,2025,1,1,1,0,1
6214890,NY,330203,2025,0,0,1,0,1
6214990,NY,330180,2024,0,1,1,1,0
6215150,NY,330234,2025,1,0,1,0,0
6215165,NY,331312,2025,1,0,0,0,1
6215170,NY,330008,2024,1,1,1,0,0
6215210,NY,330157,2023,1,0,1,0,0
6215260,NY,330096,2024,0,0,0,0,0
6215280,NY,330166,2025,1,1,1,1,0
6215295,NY,330286,2025,1,1,1,0,1
6215330,NY,330304,2025,1,1,1,0,1
6215460,NY,330006,2025,1,0,1,0,0
6220001,NJ,310027,2025,1,1,1,1,0
6220040,NJ,310064,2025,1,0,1,0,1
6220105,NJ,310050,2025,0,0,1,0,1
6220125,NJ,310032,2025,1,0,1,0,1
6220190,NJ,310014,2022,1,1,1,0,1
6220217,NJ,310011,2024,1,0,1,0,0
6220240,NJ,310083,2025,1,0,1,1,0
6220247,NJ,310108,2025,1,1,1,0,1
6220275,NJ,310069,2023,1,0,1,1,0
6220280,NJ,310045,2024,1,1,1,0,1
6220295,NJ,310005,2024,1,0,1,1,0
6220322,NJ,310111,2025,1,1,1,0,1
6220340,NJ,310001,2025,1,1,1,0,1
6220365,NJ,310115,2025,1,0,1,0,1
6220395,NJ,310112,2025,1,1,1,0,1
6220425,NJ,310003,2025,1,1,1,0,1
6220435,NJ,310074,2025,1,1,1,1,0
6220457,NJ,310069,2025,1,0,1,0,1
6220540,NJ,310084,2025,1,1,1,1,0
6220560,NJ,310075,2025,1,1,1,1,0
6220585,NJ,310113,2025,1,1,1,0,1
6220650,NJ,310054,2025,1,1,1,1,0
6220680,NJ,310015,2025,1,0,1,0,1
6220740,NJ,310073,2025,1,1,1,0,1
6220758,NJ,310009,2025,1,1,1,1,0
6220800,NJ,310076,2025,1,1,1,1,0
6220820,NJ,310002,2025,1,1,1,1,0
6220890,NJ,310096,2025,0,0,1,0,1
6220920,NJ,310038,2025,1,1,1,1,0
6220950,NJ,310070,2025,0,0,1,0,0
6220990,NJ,310028,2025,1,0,1,0,1
6221070,NJ,310006,2025,0,0,1,0,1
6221120,NJ,310019,2025,1,0,1,0,1
6221140,NJ,312025,2025,1,1,1,0,1
6221145,NJ,310060,2023,1,1,0,0,1
6221170,NJ,310052,2025,1,1,1,0,1
6221175,NJ,310017,2025,1,0,1,0,1
6221190,NJ,310010,2025,1,1,1,1,0
6221210,NJ,310024,2025,1,1,1,1,0
6221220,NJ,310034,2025,1,1,1,0,1
6221235,NJ,310012,2025,1,1,1,1,0
6221260,NJ,310091,2023,0,0,1,0,0
6221340,NJ,310048,2025,1,1,1,1,0
6221345,NJ,310086,2023,1,1,1,1,0
6221370,NJ,310051,2025,1,0,1,0,1
6221390,NJ,310008,2025,0,0,1,0,1
6221395,NJ,310041,2025,1,1,1,1,0
6221430,NJ,310044,2025,1,1,1,0,1
6221480,NJ,310021,2022,1,1,1,0,1
6221490,NJ,310110,2025,1,1,1,1,0
6221500,NJ,310092,2025,1,1,1,0,1
6221618,NJ,310130,2025,1,1,1,1,0
6230010,PA,390231,2023,1,1,1,1,0
6230013,PA,390133,2025,1,1,1,1,0
6230019,PA,390066,2025,1,1,1,1,0
6230022,PA,390226,2025,1,1,1,1,0
6230023,PA,390091,2025,1,1,1,0,1
6230024,PA,390178,2025,1,1,1,0,1
6230029,PA,390164,2025,1,1,1,0,1
6230039,PA,390067,2023,1,1,1,0,1
6230041,PA,390050,2025,1,1,1,1,0
6230043,PA,390174,2023,1,1,1,1,0
6230049,PA,390049,2023,1,1,0,0,1
6230051,PA,390096,2025,1,0,1,0,1
6230052,PA,390110,2025,1,1,0,0,0
6230054,PA,390115,2023,1,1,1,1,0
6230086,PA,390073,2025,1,1,1,0,1
6230170,PA,390003,2025,1,1,1,0,1
6230205,PA,390070,2025,0,0,1,0,1
6230260,PA,390139,2025,1,1,1,1,0
6230297,PA,390004,2025,1,0,1,0,1
6230310,PA,390160,2025,1,1,1,1,0
6230340,PA,390058,2023,1,1,1,0,1
6230360,PA,390151,2025,1,1,1,1,0
6230440,PA,390183,2023,1,1,0,0,1
6230456,PA,390326,2025,1,1,0,1,0
6230515,PA,390329,2023,1,0,1,0,1
6230517,PA,390328,2025,1,1,1,0,1
6230522,PA,391313,2025,0,0,0,0,0
6230550,PA,390006,2025,1,1,1,0,1
6230552,PA,390330,2023,1,1,0,0,1
6230555,PA,390156,2023,1,0,1,0,0
6230563,PA,390332,2023,1,1,0,0,1
6230589,PA,390333,2025,0,1,0,0,0
6230590,PA,390203,2023,0,0,1,0,0
6230599,PA,390339,2025,1,0,1,0,1
6230601,PA,390336,2025,1,0,1,0,1
6230602,PA,390334,2025,1,1,1,1,0
6230606,PA,390337,2025,1,1,1,0,1
6230615,PA,390086,2023,0,0,0,0,0
6230680,PA,390201,2025,1,1,1,1,0
6230705,PA,390256,2025,1,0,1,0,1
6230745,PA,390225,2025,1,1,1,1,0
6230760,PA,390063,2025,1,1,1,0,1
6230780,PA,390009,2025,1,1,1,1,0
6230805,PA,390117,2025,1,1,1,0,1
6230820,PA,390065,2025,1,1,1,1,0
6230855,PA,390266,2025,1,1,1,1,0
6230880,PA,390233,2023,1,1,1,0,1
6230950,PA,390185,2025,1,1,1,1,0
6230979,PA,390265,2025,1,1,1,1,0
6230990,PA,390125,2024,0,0,1,0,0
6231010,PA,390173,2023,1,0,0,0,0
6231020,PA,391300,2025,1,1,1,0,1
6231070,PA,391318,2025,1,0,1,1,0
6231100,PA,390163,2025,0,0,1,0,0
6231120,PA,390100,2025,1,1,1,1,0
6231130,PA,390258,2024,0,1,1,0,1
6231150,PA,390012,2023,1,1,1,1,0
6231210,PA,390013,2025,1,1,1,1,0
6231240,PA,390048,2025,1,1,1,0,1
6231330,PA,390002,2025,1,1,1,0,1
6231335,PA,390113,2023,1,0,1,0,0
6231345,PA,390097,2022,1,0,1,0,1
6231375,PA,390222,2025,1,1,1,1,0
6231415,PA,391302,2025,1,1,0,0,0
6231460,PA,391306,2025,0,0,1,0,0
6231480,PA,391301,2025,1,1,1,0,1
6231510,PA,390016,2025,1,1,1,0,1
6231583,PA,390116,2025,0,0,1,0,1
6231634,PA,390142,2023,1,0,1,0,1
6231730,PA,393303,2025,1,1,1,0,1
6231900,PA,390111,2025,1,1,1,1,0
6231970,PA,390195,2025,1,1,1,1,0
6231980,PA,390304,2025,0,0,1,0,1
6232030,PA,390204,2024,1,1,1,0,1
6232170,PA,390223,2025,1,1,1,1,0
6232210,PA,393307,2025,1,1,1,0,1
6232390,PA,390127,2025,1,1,1,0,1
6232430,PA,393302,2025,1,1,1,0,1
6232510,PA,390028,2025,1,1,1,0,1
6232540,PA,390107,2025,1,1,1,0,1
6232551,PA,390267,2025,1,1,1,1,0
6232575,PA,390228,2023,1,0,1,0,1
6232610,PA,390102,2025,1,1,1,0,1
6232690,PA,390090,2025,1,1,1,1,0
6232725,PA,390270,2025,1,1,1,0,1
6232770,PA,390123,2025,1,1,1,0,1
6232800,PA,390030,2025,1,1,1,1,0
6232820,PA,390035,2023,1,1,0,0,1
6232920,PA,390062,2025,1,1,0,1,0
6232970,PA,390079,2023,1,1,1,0,1
6232980,PA,390001,2025,1,1,1,0,1
6233000,PA,390237,2024,1,0,0,0,0
6233090,PA,390057,2023,0,0,1,0,0
6233140,PA,390039,2025,0,0,0,0,0
6233170,PA,391317,2025,1,1,0,0,0
6233220,PA,390032,2025,1,1,1,1,0
6233280,PA,390041,2025,1,1,1,1,0
6233320,PA,390042,2025,1,0,1,1,0
6233360,PA,390138,2025,1,1,1,1,0
6233370,PA,390150,2025,1,0,1,1,0
6233380,PA,391316,2025,1,1,1,0,1
6233400,PA,390179,2025,1,1,1,1,0
6233430,PA,390153,2025,1,1,1,1,0
6233443,PA,390044,2025,1,1,1,0,1
6233500,PA,390045,2025,1,1,1,0,1
6233520,PA,390112,2025,0,0,0,0,1
6233549,PA,390101,2023,1,1,1,0,1
6233550,PA,390046,2025,1,1,1,1,0
6239183,PA,390068,2023,1,1,1,0,1
6310007,DE,080004,2025,1,1,1,0,1
6310030,DE,080007,2025,1,0,1,0,1
6310080,DE,080006,2024,1,1,1,0,1
6310120,DE,080001,2023,1,1,1,0,1
6310140,DE,080003,2024,1,1,1,0,1
6320003,MD,210061,2022,0,0,1,0,0
6320008,MD,210060,2023,1,0,1,0,0
6320020,MD,210023,2025,1,1,1,0,1
6320050,MD,210029,2025,1,1,1,1,0
6320090,MD,210013,2022,1,1,1,0,1
6320120,MD,210015,2025,1,0,1,1,0
6320125,MD,210044,2025,1,1,1,1,0
6320127,MD,210056,2025,1,0,1,1,0
6320180,MD,210009,2025,1,1,1,1,0
6320200,MD,210038,2025,1,1,1,1,0
6320206,MD,210027,2024,1,1,1,0,1
6320220,MD,210008,2025,1,1,1,0,1
6320260,MD,210063,2025,1,1,1,1,0
6320280,MD,210012,2025,1,1,1,1,0
6320290,MD,210034,2025,1,0,1,1,0
6320310,MD,210024,2025,1,0,1,1,0
6320330,MD,210002,2025,1,1,1,1,0
6320350,MD,210022,2025,1,1,1,1,0
6320391,MD,210065,2024,0,1,1,0,1
6320395,MD,210016,2023,1,0,1,0,0
6320416,MD,210062,2025,1,0,1,1,0
6320420,MD,210030,2025,1,1,1,1,0
6320460,MD,210048,2025,1,1,1,1,0
6320480,MD,210037,2025,1,1,1,1,0
6320500,MD,210032,2023,1,1,1,0,1
6320515,MD,210049,2025,1,1,1,1,0
6320540,MD,210005,2025,0,1,1,0,1
6320569,MD,210043,2025,1,1,1,1,0
6320580,MD,210001,2025,1,1,1,1,0
6320590,MD,210006,2022,1,1,1,0,0
6320610,MD,210003,2025,1,1,1,1,0
6320640,MD,210035,2025,1,1,1,1,0
6320645,MD,210051,2025,1,1,1,0,1
6320670,MD,210028,2025,1,0,1,1,0
6320685,MD,210017,2025,1,1,1,1,0
6320690,MD,210018,2025,1,0,1,1,0
6320730,MD,210039,2025,0,0,1,0,1
6320735,MD,210040,2025,1,1,1,1,0
6320775,MD,210057,2023,1,0,1,0,0
6320785,MD,210019,2023,1,1,1,0,1
6320813,MD,210004,2024,0,1,1,0,1
6320880,MD,210033,2025,1,1,1,1,0
6330030,DC,093300,2025,1,0,1,0,1
6330100,DC,090003,2023,0,0,1,0,0
6330120,DC,090011,2025,1,0,1,1,0
6330130,DC,090004,2025,1,0,1,1,0
6330210,DC,090005,2025,1,1,1,1,0
6340005,VA,490018,2025,1,0,1,1,0
6340008,VA,490048,2025,1,0,1,1,0
6340009,VA,490112,2025,1,0,1,1,0
6340010,VA,490053,2023,1,1,1,0,1
6340012,VA,490118,2025,1,0,1,1,0
6340013,VA,490021,2023,1,1,1,0,1
6340014,VA,491303,2022,1,1,1,0,0
6340020,VA,490040,2025,1,1,1,1,0
6340021,VA,490136,2024,0,1,1,0,1
6340023,VA,490141,2025,1,0,1,1,0
6340025,VA,490107,2025,1,0,1,1,0
6340030,VA,490122,2025,1,1,1,1,0
6340040,VA,490050,2025,0,1,1,0,1
6340055,VA,490114,2022,1,1,1,0,0
6340120,VA,490077,2025,1,1,1,0,1
6340140,VA,490110,2025,1,0,1,1,0
6340145,VA,490120,2023,1,1,1,0,1
6340148,VA,490126,2025,1,0,1,1,0
6340195,VA,490019,2023,1,1,1,1,0
6340220,VA,490075,2025,1,0,1,1,0
6340227,VA,490097,2024,0,1,1,0,1
6340231,VA,490101,2025,1,1,1,1,0
6340280,VA,490092,2024,0,1,1,0,1
6340290,VA,490022,2022,1,0,0,0,1
6340300,VA,490033,2025,1,1,1,1,0
6340315,VA,490115,2025,1,0,1,1,0
6340330,VA,490093,2025,1,1,1,0,1
6340340,VA,490004,2025,1,1,1,0,1
6340350,VA,490020,2025,1,0,1,1,0
6340385,VA,491308,2024,0,1,1,0,1
6340390,VA,490002,2022,1,1,1,0,0
6340400,VA,490043,2025,1,1,1,1,0
6340410,VA,491304,2025,0,1,1,1,0
6340420,VA,491307,2024,1,1,1,0,1
6340425,VA,490143,2025,1,1,1,1,0
6340429,VA,490144,2023,1,1,1,1,0
6340451,VA,490145,2025,1,0,1,1,0
6340454,VA,490045,2023,1,1,1,1,0
6340460,VA,490038,2022,1,1,1,0,0
6340480,VA,490079,2025,1,0,1,1,0
6340490,VA,490063,2025,1,1,1,1,0
6340500,VA,490037,2025,1,1,1,1,0
6340510,VA,490041,2024,0,1,1,0,1
6340520,VA,490052,2025,1,1,1,1,0
6340521,VA,490130,2025,1,1,1,1,0
6340580,VA,490046,2025,1,1,1,0,1
6340620,VA,490007,2025,1,1,1,0,1
6340670,VA,490001,2022,1,1,1,0,0
6340675,VA,490027,2022,1,1,1,0,0
6340677,VA,491302,2025,0,1,1,1,0
6340710,VA,490067,2024,0,1,1,0,1
6340740,VA,490017,2024,0,1,1,0,1
6340760,VA,490116,2025,1,0,1,1,0
6340780,VA,490042,2025,0,1,1,1,0
6340800,VA,490060,2025,1,0,1,1,0
6340890,VA,490094,2024,0,1,1,0,1
6340896,VA,490069,2024,0,1,1,0,1
6340921,VA,490059,2024,0,1,1,0,1
6341040,VA,490024,2025,0,1,1,1,0
6341063,VA,490089,2025,0,1,1,1,0
6341075,VA,490013,2025,1,1,1,0,1
6341145,VA,490119,2025,1,1,1,0,1
6341153,VA,490044,2025,1,1,1,0,1
6341162,VA,490057,2025,1,1,1,0,1
6341165,VA,490023,2022,1,1,1,0,1
6341175,VA,490117,2025,0,1,1,1,0
6341195,VA,490066,2025,1,1,1,0,1
6341200,VA,490005,2024,1,1,1,0,1
6341210,VA,490113,2025,1,1,1,0,1
6341215,VA,491305,2024,1,1,1,0,1
6341230,VA,490111,2025,1,0,1,1,0
6344000,VA,490009,2023,1,1,1,1,0
6350006,WV,510070,2025,1,0,1,1,0
6350007,WV,510001,2025,1,1,1,1,0
6350035,WV,510062,2025,1,0,1,0,0
6350060,WV,511309,2024,1,1,1,0,1
6350110,WV,511321,2025,1,1,1,1,0
6350120,WV,510022,2022,0,0,1,0,1
6350180,WV,510031,2023,0,0,1,1,0
6350220,WV,510006,2025,1,1,1,1,0
6350270,WV,510030,2022,1,1,1,0,0
6350295,WV,511308,2025,1,1,1,1,0
6350310,WV,510013,2025,1,1,1,1,0
6350317,WV,511303,2025,1,0,1,0,0
6350325,WV,511310,2025,1,0,1,0,0
6350345,WV,510055,2025,0,0,1,1,0
6350400,WV,510007,2025,0,0,1,0,0
6350420,WV,511315,2025,1,1,1,1,0
6350425,WV,511312,2025,1,0,1,0,1
6350450,WV,510048,2025,0,0,1,0,0
6350468,WV,511313,2025,0,0,1,0,0
6350480,WV,511314,2025,0,0,1,0,0
6350485,WV,510008,2025,1,1,1,1,0
6350540,WV,511318,2025,0,0,1,0,0
6350555,WV,510024,2024,0,0,1,0,0
6350580,WV,510072,2025,1,1,1,1,0
6350590,WV,511317,2024,0,0,0,0,1
6350600,WV,510058,2025,1,1,1,1,0
6350625,WV,511316,2025,1,1,1,1,0
6350630,WV,511300,2022,1,1,1,0,0
6350635,WV,510012,2025,0,0,0,0,0
6350642,WV,510046,2025,1,1,1,1,0
6350645,WV,511319,2025,1,1,1,1,0
6350672,WV,511320,2025,1,1,1,1,0
6350675,WV,511311,2024,1,1,1,0,1
6350680,WV,510002,2022,0,0,1,0,0
6350710,WV,510029,2025,1,1,1,1,0
6350753,WV,511301,2025,0,0,1,0,0
6350755,WV,510023,2025,1,1,1,1,0
6350765,WV,511322,2025,1,1,1,1,0
6350780,WV,510086,2025,0,0,1,0,0
6350800,WV,510038,2022,0,0,0,0,0
6350830,WV,510050,2025,1,1,1,1,0
6359070,WV,511304,2024,0,0,0,0,0
6360001,NC,340069,2025,1,1,1,0,1
6360003,NC,340099,2025,1,1,1,1,0
6360005,NC,340119,2025,1,1,1,1,0
6360006,NC,340070,2023,1,1,1,0,1
6360008,NC,340116,2025,1,0,1,1,0
6360012,NC,340171,2024,0,1,1,0,0
6360013,NC,340002,2025,1,0,1,1,0
6360015,NC,341323,2023,0,1,1,0,0
6360018,NC,340098,2025,1,1,1,1,0
6360019,NC,340141,2024,0,1,1,0,0
6360021,NC,341324,2025,1,1,1,1,0
6360023,NC,340028,2024,1,1,1,1,0
6360026,NC,340183,2024,0,1,1,0,0
6360215,NC,340051,2023,0,1,1,0,0
6360220,NC,341319,2025,1,0,1,1,0
6360222,NC,341305,2025,1,0,1,1,0
6360225,NC,341307,2024,0,1,1,0,0
6360260,NC,340061,2023,1,1,1,0,1
6360280,NC,340113,2025,1,1,1,1,0
6360305,NC,340166,2025,1,1,1,1,0
6360320,NC,340053,2024,0,1,1,0,0
6360340,NC,340156,2025,0,0,0,0,0
6360348,NC,340024,2024,0,0,1,0,1
6360355,NC,340030,2025,1,1,1,1,0
6360360,NC,340001,2025,1,1,1,1,0
6360427,NC,340075,2023,1,1,1,0,1
6360433,NC,340190,2024,0,1,1,0,0
6360440,NC,340155,2025,1,1,1,1,0
6360445,NC,341318,2025,1,1,1,1,0
6360450,NC,340109,2025,1,1,1,0,1
6360520,NC,340023,2025,1,1,1,1,0
6360550,NC,341326,2025,1,0,1,1,0
6360580,NC,340032,2022,1,1,1,0,1
6360625,NC,340010,2023,1,1,1,0,1
6360690,NC,340040,2025,1,1,1,1,0
6360730,NC,340132,2025,1,0,1,1,0
6360750,NC,340017,2023,1,1,1,0,1
6360775,NC,341316,2025,1,0,1,1,0
6360780,NC,340004,2025,1,1,1,1,0
6360805,NC,340042,2025,0,1,1,0,1
6360820,NC,341325,2024,0,1,1,0,0
6360822,NC,340120,2025,1,1,1,1,0
6360840,NC,340027,2023,1,1,1,0,1
6360870,NC,340008,2025,1,1,1,1,0
6360880,NC,340060,2023,1,1,1,0,1
6360895,NC,340041,2023,1,1,1,0,1
6360920,NC,340096,2025,1,1,1,1,0
6360931,NC,340145,2025,1,1,1,1,0
6360950,NC,340050,2023,1,1,1,0,1
6360970,NC,340087,2025,1,0,1,1,0
6360978,NC,340187,2025,1,1,1,1,0
6360985,NC,340130,2025,1,1,1,1,0
6360992,NC,340142,2025,0,0,1,1,0
6361035,NC,340003,2023,0,0,1,0,0
6361055,NC,341328,2025,1,1,1,1,0
6361100,NC,340064,2025,1,1,1,1,0
6361120,NC,340127,2023,0,0,1,0,0
6361155,NC,341314,2023,0,0,0,0,0
6361180,NC,340073,2025,1,1,1,1,0
636118A,NC,340173,2024,1,1,1,0,1
6361210,NC,340114,2023,1,1,1,0,1
6361255,NC,340151,2025,1,1,1,1,0
6361291,NC,340147,2023,1,1,1,0,1
6361320,NC,340159,2025,1,0,1,1,0
6361330,NC,340013,2025,1,0,1,1,0
6361340,NC,340015,2024,0,1,1,0,0
6361350,NC,340158,2024,0,1,1,0,0
6361360,NC,340020,2025,1,0,1,1,0
6361370,NC,340021,2025,1,1,1,1,0
6361375,NC,341311,2023,1,1,1,0,1
6361395,NC,340090,2023,1,1,1,0,1
6361400,NC,341327,2023,1,0,1,0,0
6361403,NC,341320,2025,1,1,1,1,0
6361407,NC,341329,2025,1,0,1,1,0
6361421,NC,340039,2025,1,0,1,1,0
6361440,NC,340016,2023,0,0,1,0,0
6361470,NC,340107,2025,1,1,1,1,0
6361480,NC,340085,2024,0,0,1,0,0
6361490,NC,341322,2025,1,1,1,1,0
6361515,NC,340084,2025,1,1,1,1,0
6361525,NC,340186,2023,1,1,1,0,1
6361540,NC,340184,2025,1,0,1,1,0
6361550,NC,340068,2024,1,1,1,0,1
6361635,NC,340126,2025,1,0,0,1,0
6361655,NC,341304,2025,1,1,1,1,0
6361685,NC,340014,2024,0,1,1,0,0
6361686,NC,340148,2024,0,1,1,0,0
6361700,NC,340047,2025,1,1,1,1,0
6370001,SC,420038,2025,1,1,0,1,0
6370009,SC,420051,2025,1,1,0,0,1
6370010,SC,421301,2022,1,0,1,0,0
6370018,SC,420098,2023,1,0,1,0,1
6370030,SC,420027,2024,1,1,1,1,0
6370034,SC,420103,2025,1,1,1,1,0
6370035,SC,420104,2024,0,1,1,0,1
6370085,SC,420004,2023,1,1,1,0,1
6370090,SC,420087,2024,0,1,1,0,1
6370100,SC,420065,2024,0,1,1,0,1
6370140,SC,420018,2025,1,1,0,1,0
6370190,SC,420086,2025,1,1,0,1,0
6370230,SC,420049,2022,1,0,1,0,1
6370232,SC,420079,2025,1,0,1,1,0
6370240,SC,420005,2025,1,1,0,0,1
6370244,SC,420015,2025,1,1,0,1,0
6370290,SC,420043,2025,1,1,1,1,0
6370323,SC,420078,2025,1,1,0,1,0
6370330,SC,420023,2024,0,1,1,0,1
6370375,SC,420071,2025,1,1,0,1,0
6370378,SC,420033,2025,1,1,0,1,0
6370380,SC,420010,2022,1,1,1,0,1
6370429,SC,420106,2025,1,1,0,1,0
6370433,SC,420110,2024,0,1,1,0,1
6370444,SC,420105,2025,1,1,0,0,1
6370445,SC,420109,2025,1,1,0,0,1
6370477,SC,420085,2025,1,0,0,1,0
6370495,SC,420107,2025,1,1,0,0,1
6370500,SC,420053,2025,1,0,1,0,1
6370520,SC,420068,2024,0,0,0,0,0
6370540,SC,420011,2025,1,1,1,1,0
6370590,SC,420009,2025,1,1,0,1,0
6370595,SC,420037,2025,1,1,0,1,0
6370600,SC,420083,2022,1,1,1,0,1
6370610,SC,420007,2025,1,1,1,1,0
6370640,SC,420070,2025,1,1,0,1,0
6370660,SC,420108,2025,1,1,1,1,0
6370670,SC,420030,2025,1,0,0,1,0
6370671,SC,420073,2022,1,1,1,0,1
6380005,GA,110101,2023,1,0,1,0,0
6380006,GA,110129,2022,1,1,1,0,1
6380022,GA,110229,2025,1,1,1,1,0
6380024,GA,110215,2025,1,1,1,1,0
6380037,GA,110226,2025,1,1,0,1,0
6380040,GA,110074,2025,1,1,1,1,0
6380050,GA,110006,2024,0,1,1,1,0
6380080,GA,110078,2025,1,1,0,1,0
6380130,GA,110079,2023,1,1,1,0,0
6380180,GA,110083,2025,1,1,1,1,0
6380200,GA,110082,2025,1,1,0,1,0
6380265,GA,110177,2025,1,0,0,1,0
6380270,GA,110028,2025,1,1,1,1,0
6380315,GA,110071,2025,0,0,0,0,0
6380338,GA,111320,2025,1,1,0,0,1
6380340,GA,110025,2024,1,1,1,1,0
6380360,GA,110121,2024,1,0,1,1,0
6380365,GA,110023,2025,1,1,1,1,0
6380373,GA,111331,2024,1,0,1,1,0
6380385,GA,110011,2025,1,1,0,0,1
6380395,GA,110030,2025,1,1,1,1,0
6380400,GA,110230,2025,1,1,0,1,0
6380401,GA,110050,2025,1,1,1,1,0
6380405,GA,111330,2025,1,1,1,1,0
6380415,GA,110200,2025,1,1,1,1,0
6380427,GA,111302,2025,1,0,0,0,0
6380430,GA,110064,2025,1,1,1,1,0
6380450,GA,110104,2025,1,0,1,0,0
6380455,GA,110018,2025,1,1,1,1,0
6380475,GA,110042,2022,0,0,0,0,0
6380480,GA,110001,2025,1,1,0,1,0
6380486,GA,110007,2025,1,0,1,0,1
6380488,GA,110076,2025,1,1,0,1,0
6380495,GA,110041,2022,1,0,1,0,0
6380500,GA,110194,2022,1,0,1,0,0
6380505,GA,110125,2025,1,0,0,1,0
6380510,GA,110089,2025,0,0,0,1,0
6380557,GA,111313,2025,0,0,1,0,0
6380560,GA,111337,2025,0,0,1,0,0
6380570,GA,110010,2025,1,1,0,1,0
6380574,GA,110073,2025,0,0,1,0,1
6380577,GA,111318,2025,0,0,0,0,0
6380595,GA,110236,2025,1,0,1,0,1
6380598,GA,111310,2025,1,1,1,1,0
6380635,GA,111329,2024,1,1,1,1,0
6380640,GA,110031,2025,0,0,0,0,0
6380650,GA,110135,2023,1,0,0,0,0
6380652,GA,111335,2023,1,0,1,0,0
6380653,GA,111333,2025,1,1,0,0,0
6380655,GA,111324,2025,0,0,0,0,1
6380665,GA,111308,2025,0,0,0,0,1
6380667,GA,111319,2022,0,0,0,0,0
6380676,GA,110225,2025,1,1,1,1,0
6380693,GA,111326,2023,0,0,0,0,0
6380715,GA,110164,2025,1,1,1,1,0
6380730,GA,110107,2025,1,1,1,1,0
6380745,GA,110201,2025,1,1,1,1,0
6380775,GA,110035,2023,0,0,0,0,0
6380805,GA,110150,2025,1,1,1,1,0
638080A,GA,111334,2024,0,0,1,0,0
6380860,GA,110046,2025,1,1,1,1,0
6380885,GA,111303,2025,1,0,1,1,0
6380890,GA,110105,2025,0,0,1,0,1
6380945,GA,110165,2025,0,0,1,0,1
6380950,GA,110054,2025,1,1,1,1,0
6380955,GA,111323,2022,0,0,1,0,0
6380960,GA,110168,2025,1,1,1,1,0
6380985,GA,110146,2023,1,0,0,0,1
6380987,GA,110086,2022,0,0,0,0,0
6381027,GA,110036,2025,1,0,1,1,0
6381075,GA,110192,2025,1,1,1,1,0
6381097,GA,111306,2025,1,0,1,0,1
6381115,GA,110191,2025,1,1,1,1,0
6381125,GA,111312,2022,0,0,1,0,0
6381130,GA,110002,2025,0,1,1,0,0
6381140,GA,110038,2024,1,0,1,1,0
6381150,GA,110111,2025,1,1,1,1,0
6381160,GA,110095,2023,1,0,1,0,0
6381170,GA,110032,2023,0,1,1,0,0
6381201,GA,110128,2024,0,0,0,0,0
6381215,GA,110015,2025,1,1,0,0,1
6381223,GA,111316,2025,0,0,1,0,0
6381225,GA,110069,2025,0,0,1,0,1
6381250,GA,110003,2025,1,0,0,1,0
6388093,GA,110153,2023,0,0,1,0,1
6389065,GA,110051,2025,1,0,0,0,1
6389100,GA,110091,2025,1,1,1,1,0
6389155,GA,110100,2025,0,0,1,0,0
6389185,GA,111332,2024,1,0,1,1,0
6389226,GA,110027,2024,1,1,1,1,0
6390002,FL,100175,2025,0,1,1,0,1
6390004,FL,100084,2025,1,1,1,1,0
6390005,FL,100109,2025,1,1,1,1,0
6390010,FL,100121,2025,1,0,1,1,0
6390034,FL,100281,2025,1,1,1,1,0
6390037,FL,101304,2022,0,0,1,0,0
6390038,FL,100168,2023,1,0,1,0,1
6390039,FL,100090,2025,1,1,1,1,0
6390043,FL,100224,2025,1,0,1,1,0
6390046,FL,100072,2025,1,1,1,1,0
6390048,FL,100246,2025,1,0,1,1,0
6390050,FL,100002,2023,1,0,1,0,1
6390052,FL,100087,2025,1,0,1,0,0
6390053,FL,100075,2025,1,0,1,1,0
6390055,FL,100213,2025,1,0,1,1,0
6390056,FL,100017,2024,1,0,1,0,1
6390060,FL,100118,2025,1,1,1,1,0
6390064,FL,100035,2022,0,0,1,0,0
6390068,FL,100244,2025,1,1,1,0,1
6390070,FL,100243,2025,1,0,0,1,0
6390074,FL,100080,2025,1,0,1,1,0
6390079,FL,100052,2025,1,0,1,1,0
6390082,FL,100001,2025,1,1,1,1,0
6390086,FL,100291,2025,0,0,0,0,1
6390090,FL,100127,2025,1,0,1,1,0
6390093,FL,100051,2025,1,1,1,1,0
6390095,FL,101309,2024,0,0,1,0,0
6390097,FL,100177,2022,1,0,1,0,1
6390102,FL,100290,2025,1,1,1,1,0
6390105,FL,100296,2023,1,1,1,0,1
6390109,FL,100299,2025,1,0,1,0,1
6390111,FL,100285,2025,1,1,1,1,0
6390120,FL,100046,2025,1,1,1,1,0
6390124,FL,100316,2023,0,0,0,0,0
6390135,FL,100211,2025,1,1,1,1,0
6390145,FL,100307,2022,1,0,1,0,1
6390150,FL,100276,2025,0,1,0,1,0
6390160,FL,100265,2025,1,0,1,1,0
6390161,FL,100045,2025,1,1,1,1,0
6390170,FL,100043,2025,1,0,1,1,0
6390180,FL,100228,2025,1,0,1,1,0
6390190,FL,100057,2025,1,1,1,1,0
6390200,FL,100140,2025,1,1,1,1,0
6390205,FL,100289,2025,1,1,1,0,1
6390210,FL,100039,2025,0,1,0,1,0
6390215,FL,100200,2025,0,1,0,1,0
6390225,FL,100204,2025,1,0,1,1,0
6390230,FL,100073,2024,1,1,1,1,0
6390240,FL,100012,2025,1,1,1,0,1
6390248,FL,100266,2025,0,0,1,0,0
6390253,FL,100223,2025,1,0,1,1,0
6390282,FL,100131,2025,1,0,1,1,0
6390283,FL,100113,2025,1,1,1,1,0
6390286,FL,100137,2025,1,1,1,1,0
6390292,FL,100050,2025,0,1,0,0,1
6390295,FL,100038,2025,1,1,1,1,0
6390300,FL,100125,2023,1,1,1,0,1
6390305,FL,100023,2025,1,0,0,1,0
6390306,FL,101313,2023,1,1,1,0,1
6390308,FL,100088,2025,1,1,1,1,0
6390323,FL,100220,2025,1,1,1,0,1
6390385,FL,100256,2025,1,0,0,1,0
6390390,FL,100040,2022,1,0,1,0,1
6390404,FL,100315,2022,1,0,1,0,1
6390409,FL,100179,2025,1,0,0,1,0
6390411,FL,100117,2025,1,1,1,1,0
6390420,FL,100314,2023,1,1,1,0,1
6390440,FL,100110,2025,1,0,1,1,0
6390445,FL,100156,2025,1,0,1,1,0
6390470,FL,100157,2025,1,1,1,1,0
6390480,FL,100099,2025,1,1,1,1,0
6390488,FL,100107,2024,1,1,1,1,0
6390489,FL,100248,2025,1,0,0,1,0
6390499,FL,101311,2025,0,1,1,0,0
6390505,FL,100134,2025,0,1,1,1,0
6390508,FL,101312,2023,1,1,1,0,1
6390509,FL,100189,2025,1,0,1,1,0
6390510,FL,100142,2025,0,0,1,0,1
6390515,FL,100209,2025,1,0,1,1,0
6390530,FL,100019,2024,0,0,0,0,0
6390573,FL,100022,2025,1,0,1,0,1
6390578,FL,100008,2023,1,1,1,0,1
6390610,FL,100079,2023,1,1,1,0,1
6390625,FL,103301,2025,1,0,1,0,1
6390668,FL,100014,2025,1,1,1,1,0
6390670,FL,100062,2025,1,1,1,1,0
6390673,FL,100054,2025,1,0,1,1,0
6390674,FL,100063,2025,1,0,1,1,0
6390675,FL,100252,2025,1,0,1,1,0
6390680,FL,100212,2025,1,0,1,1,0
6390682,FL,100319,2025,1,1,1,1,0
6390683,FL,100320,2025,1,0,1,1,0
6390690,FL,100007,2025,1,1,1,1,0
6390691,FL,100321,2022,1,0,1,0,1
6390695,FL,100006,2025,1,1,1,1,0
6390700,FL,100226,2025,1,0,0,1,0
6390727,FL,100068,2025,1,1,1,1,0
6390733,FL,100329,2025,1,0,1,1,0
6390745,FL,100232,2025,1,0,0,1,0
6390753,FL,100269,2025,1,0,1,1,0
6390755,FL,100330,2024,1,0,1,0,1
6390758,FL,100350,2024,1,0,1,0,0
6390761,FL,100359,2025,1,0,1,0,0
6390764,FL,100363,2025,1,1,1,1,0
6390765,FL,100230,2025,1,1,1,1,0
6390767,FL,100362,2025,1,0,1,1,0
6390773,FL,100364,2025,1,1,1,1,0
6390776,FL,100242,2025,1,0,1,1,0
6390792,FL,100093,2025,0,0,1,0,0
6390793,FL,100231,2025,1,0,1,1,0
6390842,FL,100106,2022,0,0,1,0,0
6390845,FL,100132,2025,1,0,1,1,0
6390846,FL,100260,2025,1,0,1,1,0
6390849,FL,100086,2025,0,1,0,1,0
6390851,FL,100077,2025,1,1,1,1,0
6390865,FL,100236,2025,1,0,0,1,0
6390895,FL,100302,2025,1,1,1,1,0
6390900,FL,103300,2025,1,1,1,1,0
6390930,FL,100032,2025,1,1,1,1,0
6390932,FL,100238,2025,1,0,0,1,0
6390935,FL,100126,2025,1,0,0,1,0
6390940,FL,100067,2025,1,0,1,1,0
6390944,FL,100180,2025,1,0,0,1,0
6390955,FL,100161,2025,1,0,1,1,0
6390956,FL,100166,2025,1,0,0,1,0
6390965,FL,100217,2025,0,0,0,0,1
6390975,FL,100049,2025,1,0,1,1,0
6390993,FL,100181,2025,0,1,0,0,1
6390994,FL,100154,2023,1,1,1,0,1
6390997,FL,100264,2025,1,0,0,1,0
6391000,FL,100044,2025,1,1,1,0,1
6391030,FL,100135,2024,0,0,0,0,0
6391033,FL,100254,2025,1,0,1,1,0
6391060,FL,100128,2025,1,1,1,1,0
6391069,FL,100271,2025,1,0,1,0,1
6391090,FL,100206,2025,1,0,0,1,0
6391103,FL,100173,2025,1,1,1,1,0
6391105,FL,100055,2025,1,1,1,1,0
6391120,FL,100105,2025,1,1,1,0,1
6391122,FL,101300,2025,1,1,1,1,0
6391150,FL,100030,2025,1,1,1,1,0
6391155,FL,100275,2022,0,0,0,0,0
6391450,FL,100267,2025,1,0,0,1,0
6393411,FL,100253,2023,1,0,1,0,1
6394020,FL,100259,2025,1,0,0,1,0
6398093,FL,100191,2025,1,0,0,1,0
6399090,FL,101315,2025,0,0,1,0,0
6399145,FL,100284,2025,0,0,1,0,0
6399235,FL,100069,2025,1,1,1,1,0
6410010,OH,360027,2025,1,1,1,0,1
6410012,OH,360020,2025,0,1,1,1,0
6410014,OH,360172,2024,0,1,1,0,1
6410016,OH,360118,2022,1,1,1,0,1
6410017,OH,360095,2024,1,0,1,0,0
6410018,OH,360144,2025,1,1,1,0,1
6410019,OH,360211,2025,1,0,1,0,1
6410020,OH,360039,2025,1,1,1,1,0
6410022,OH,360174,2024,1,1,1,0,1
6410027,OH,360037,2022,0,0,1,0,1
6410032,OH,360259,2023,1,1,0,0,1
6410042,OH,361320,2025,1,0,1,0,1
6410047,OH,360270,2024,0,1,1,0,1
6410055,OH,363303,2023,1,1,1,0,1
6410074,OH,360276,2024,0,1,1,0,1
6410080,OH,360131,2025,1,1,1,1,0
6410081,OH,360348,2022,1,1,1,0,1
6410110,OH,360002,2025,1,1,1,1,0
6410120,OH,360125,2025,0,0,0,0,0
6410140,OH,360014,2022,1,1,1,0,1
6410155,OH,360236,2024,0,1,1,0,1
6410160,OH,361321,2025,1,1,1,1,0
6410165,OH,360197,2025,0,0,1,0,1
6410190,OH,360107,2023,0,0,1,1,0
6410199,OH,360359,2025,1,1,1,1,0
6410210,OH,361322,2024,0,0,0,0,0
6410240,OH,361316,2025,0,1,1,1,0
6410243,OH,361311,2025,1,1,1,1,0
6410265,OH,360203,2022,1,0,1,0,0
6410280,OH,360084,2025,1,1,1,1,0
6410290,OH,360070,2025,1,1,1,0,1
6410297,OH,360358,2024,1,1,1,1,0
6410335,OH,360075,2025,1,1,1,1,0
6410340,OH,360159,2025,0,1,1,1,0
6410382,OH,360179,2025,1,1,1,1,0
6410430,OH,360163,2023,1,1,1,0,1
6410490,OH,360134,2025,1,0,1,0,1
6410499,OH,360360,2025,1,1,1,1,0
6410518,OH,360234,2024,0,1,1,0,1
6410537,OH,360368,2025,1,1,1,1,0
6410543,OH,360367,2025,1,1,1,1,0
6410566,OH,360364,2025,1,1,1,0,1
6410578,OH,360365,2025,0,1,1,1,0
6410580,OH,360001,2024,0,1,1,0,1
6410630,OH,360170,2022,1,1,1,0,1
6410655,OH,360059,2022,1,1,1,0,1
6410670,OH,360180,2025,1,1,1,0,1
6410695,OH,360082,2025,1,1,1,0,1
6410710,OH,360077,2025,1,1,1,0,1
6410780,OH,360087,2025,1,1,1,0,1
6410805,OH,360041,2025,1,1,1,1,0
6410855,OH,360056,2024,0,1,1,0,1
6410920,OH,360137,2025,1,1,1,1,0
6410922,OH,363302,2025,1,1,1,1,0
6410945,OH,360230,2025,1,1,1,0,1
6410947,OH,360058,2025,0,1,1,0,1
6410950,OH,363305,2022,1,0,1,0,0
6410952,OH,360152,2022,1,1,1,0,1
6411010,OH,360017,2022,1,1,1,0,1
6411035,OH,,2022,1,1,1,0,1
6411060,OH,360012,2024,1,1,1,1,0
6411100,OH,360085,2025,1,1,1,1,0
6411110,OH,360006,2022,1,1,1,0,1
6411120,OH,361308,2025,1,1,1,1,0
6411130,OH,360109,2025,0,0,1,0,1
6411160,OH,363306,2025,1,1,1,1,0
6411173,OH,360239,2025,1,1,1,1,0
6411182,OH,360133,2025,1,1,1,1,0
6411190,OH,360051,2022,1,1,1,0,1
6411230,OH,361328,2023,1,1,0,0,1
6411245,OH,360210,2022,1,1,1,0,1
6411250,OH,361302,2025,1,0,1,0,1
6411260,OH,360010,2025,1,1,1,0,1
6411280,OH,360096,2025,0,0,1,0,1
6411290,OH,360145,2025,1,1,1,1,0
6411325,OH,361318,2023,1,1,0,0,1
6411340,OH,360156,2023,1,1,0,0,1
6411350,OH,361325,2025,0,1,1,1,0
6411370,OH,360054,2025,1,0,1,0,1
6411375,OH,360143,2025,1,1,1,0,1
6411376,OH,361307,2025,1,1,1,1,0
6411400,OH,360044,2023,1,0,1,0,0
6411405,OH,360132,2025,1,1,1,1,0
6411435,OH,361301,2022,1,0,1,0,0
6411440,OH,361332,2025,0,1,0,0,0
6411466,OH,360079,2025,1,1,1,1,0
6411470,OH,361315,2022,1,0,1,0,1
6411510,OH,360072,2023,0,0,1,0,1
6411540,OH,360009,2025,1,0,1,0,1
6411560,OH,360066,2024,0,1,1,0,1
6411570,OH,361303,2025,1,1,1,0,1
6411579,OH,361330,2023,0,0,0,0,0
6411640,OH,360011,2022,1,1,1,0,1
6411665,OH,360092,2025,0,1,1,1,0
6411700,OH,360091,2025,1,1,1,0,1
6411710,OH,360076,2022,1,1,1,0,1
6411730,OH,360040,2025,1,0,1,1,0
6411780,OH,361309,2025,0,0,1,0,1
6411800,OH,360218,2025,1,1,1,1,0
6411830,OH,360065,2025,1,0,1,1,0
6411840,OH,361306,2024,0,1,1,0,1
6411855,OH,361323,2025,1,1,1,1,0
6411858,OH,360046,2025,1,1,1,1,0
6411870,OH,360098,2025,1,1,1,1,0
6411880,OH,361300,2024,0,0,0,0,0
6411900,OH,361314,2024,1,0,1,0,0
6411905,OH,360008,2025,0,0,1,0,0
6411930,OH,360078,2025,1,1,1,1,0
6411955,OH,360032,2025,0,0,1,0,1
6412010,OH,361324,2022,1,1,1,0,1
6412020,OH,360013,2023,0,0,1,0,1
6412050,OH,360086,2024,0,1,1,0,1
6412080,OH,360089,2024,0,1,1,0,1
6412170,OH,360112,2024,0,1,1,0,1
6412180,OH,360068,2023,1,1,0,0,1
6412225,OH,361329,2025,0,1,1,0,1
6412235,OH,361312,2024,0,1,1,0,1
6412240,OH,360071,2022,0,1,1,0,1
6412270,OH,360161,2024,0,1,1,0,1
6412290,OH,360055,2023,0,0,0,0,0
6412310,OH,361333,2025,0,0,1,0,0
6412342,OH,361310,2024,0,1,1,0,1
6412345,OH,360175,2022,1,1,1,0,1
6412395,OH,360026,2025,1,1,1,1,0
6412440,OH,360064,2024,0,1,1,0,1
6418083,OH,360035,2024,1,1,1,1,0
6419020,OH,360123,2025,1,1,1,1,0
6419060,OH,360016,2024,0,1,1,0,1
6420008,IN,150113,2025,1,1,1,1,0
6420020,IN,150056,2025,1,1,1,0,1
6420023,IN,150169,2025,1,1,1,1,0
6420027,IN,150100,2022,1,0,1,0,0
6420031,IN,150075,2025,1,0,1,1,0
6420047,IN,150158,2025,1,1,1,0,1
6420055,IN,151315,2025,0,1,1,1,0
6420059,IN,150161,2025,1,1,1,0,1
6420068,IN,150183,2025,0,0,1,0,1
6420076,IN,150173,2025,1,1,1,0,1
6420085,IN,150045,2025,1,1,1,1,0
6420100,IN,151329,2025,1,0,1,0,0
6420130,IN,150051,2025,1,1,1,0,1
6420165,IN,151300,2025,1,0,1,0,0
6420190,IN,151326,2025,1,1,1,0,1
6420197,IN,150101,2025,1,1,1,1,0
6420198,IN,150172,2024,0,0,0,0,0
6420200,IN,150112,2025,0,1,1,0,0
6420235,IN,150005,2024,0,1,1,0,1
6420240,IN,151330,2025,0,1,1,1,0
6420270,IN,150018,2025,1,0,1,0,0
6420320,IN,150082,2025,1,1,1,0,1
6420441,IN,150109,2022,1,1,1,0,1
6420460,IN,151316,2025,1,1,1,0,1
6420465,IN,150001,2025,0,1,1,1,0
6420495,IN,150002,2024,1,1,1,0,1
6420520,IN,151333,2022,0,1,1,0,0
6420525,IN,150037,2025,1,0,1,1,0
6420530,IN,151332,2023,0,0,1,1,0
6420570,IN,151302,2023,1,1,1,0,1
6420590,IN,150091,2025,1,1,1,1,0
6420605,IN,150074,2025,1,1,1,1,0
6420620,IN,150024,2025,1,1,1,1,0
6420728,IN,150128,2025,1,1,1,1,0
6420750,IN,150009,2025,1,1,1,0,1
6420760,IN,150146,2025,1,1,1,1,0
6420775,IN,150007,2025,1,1,1,1,0
6420830,IN,151323,2025,1,1,1,1,0
6420855,IN,150086,2025,1,1,1,0,1
6420860,IN,150104,2022,0,0,1,0,0
6420870,IN,151317,2025,1,0,1,0,0
6420880,IN,150072,2023,1,0,1,0,0
6420920,IN,150011,2024,0,0,1,0,0
6421025,IN,151312,2025,1,1,1,0,1
6421040,IN,150089,2025,1,1,1,0,1
6421045,IN,150044,2022,0,1,1,0,0
6421080,IN,150030,2025,1,0,1,1,0
6421098,IN,150059,2025,1,1,1,0,1
6421108,IN,151306,2025,1,1,1,0,1
6421150,IN,150076,2024,1,1,1,0,0
6421160,IN,151320,2025,1,1,1,0,1
6421170,IN,151319,2025,1,1,1,0,1
6421190,IN,150048,2025,1,1,1,1,0
6421255,IN,151304,2025,1,0,1,0,1
6421259,IN,151334,2025,1,1,1,0,1
6421260,IN,150065,2025,0,0,1,0,1
6421270,IN,150097,2023,1,0,1,0,1
6421290,IN,150058,2025,1,0,1,0,0
6421300,IN,150012,2024,1,1,1,1,0
6421310,IN,151327,2025,0,0,1,0,1
6421325,IN,151322,2025,0,1,0,0,0
6421360,IN,150046,2025,1,0,0,1,0
6421366,IN,150023,2025,1,1,1,0,1
6421370,IN,151311,2025,1,1,1,0,1
6421410,IN,150042,2025,0,1,1,1,0
6421430,IN,151310,2025,1,1,1,1,0
6421485,IN,151305,2025,0,0,1,0,1
6424005,IN,151328,2025,1,1,1,0,1
6429153,IN,150021,2025,1,1,1,1,0
6430001,IL,140113,2025,1,1,1,1,0
6430005,IL,141304,2024,1,0,1,1,0
6430010,IL,140002,2025,1,1,1,0,1
6430016,IL,140280,2025,1,1,1,1,0
6430019,IL,140242,2025,1,1,0,0,1
6430021,IL,140010,2025,1,1,0,0,1
6430024,IL,140182,2025,1,1,1,1,0
6430028,IL,140172,2024,0,0,1,0,0
6430030,IL,140052,2025,1,1,1,1,0
6430034,IL,140304,2025,1,1,1,1,0
6430070,IL,141342,2025,1,1,1,0,1
6430100,IL,140029,2024,1,1,1,0,1
6430115,IL,140174,2025,0,0,1,0,1
6430160,IL,140291,2025,1,1,1,1,0
6430195,IL,140185,2025,1,1,1,0,1
6430200,IL,140187,2025,1,1,1,1,0
6430228,IL,141321,2025,0,0,0,0,0
6430240,IL,140054,2024,1,1,1,0,1
6430245,IL,140127,2025,1,0,1,0,0
6430260,IL,140162,2025,1,1,1,1,0
6430280,IL,140145,2025,1,1,1,1,0
6430320,IL,140001,2025,1,0,1,0,1
6430327,IL,140164,2022,0,1,0,0,1
6430337,IL,141347,2023,1,0,0,0,0
6430350,IL,141300,2025,0,0,1,0,0
6430360,IL,140034,2025,0,1,1,1,0
6430375,IL,140189,2025,1,0,0,1,0
6430400,IL,140115,2023,1,1,1,0,0
6430405,IL,140223,2025,1,1,1,1,0
6430484,IL,140239,2024,1,1,0,1,0
6430545,IL,140281,2025,1,1,0,0,1
6430560,IL,143300,2025,1,1,0,0,1
6430600,IL,140124,2025,1,0,0,1,0
6430700,IL,140133,2024,0,1,0,0,0
6430710,IL,140095,2025,0,0,0,1,0
6430830,IL,140083,2025,1,0,0,0,0
6430835,IL,140082,2023,1,0,1,0,0
6430841,IL,140276,2024,1,1,1,0,1
6430870,IL,140158,2025,0,0,0,0,0
6430930,IL,140018,2024,0,1,0,0,0
6430965,IL,140206,2025,1,0,0,0,0
6430985,IL,140119,2025,0,1,0,1,0
6431000,IL,140300,2025,1,0,0,1,0
6431020,IL,140117,2025,0,0,1,0,1
6431030,IL,140068,2025,0,0,1,0,1
6431060,IL,140062,2025,1,1,0,0,1
6431090,IL,140180,2025,0,0,1,0,1
6431150,IL,140048,2025,1,1,1,1,0
6431160,IL,140181,2025,0,0,1,0,0
6431180,IL,140114,2025,1,1,0,0,1
6431210,IL,140088,2025,0,0,0,0,0
6431285,IL,140093,2025,1,1,1,1,0
6431370,IL,140135,2023,0,1,0,0,0
6431390,IL,140166,2025,1,1,1,1,0
6431420,IL,140286,2025,1,1,0,0,1
6431460,IL,140012,2025,1,0,0,0,1
6431475,IL,140288,2025,1,1,1,1,0
6431490,IL,141331,2025,0,0,1,0,0
6431511,IL,140275,2024,1,0,1,1,0
6431560,IL,140032,2025,1,1,1,1,0
6431600,IL,140217,2025,0,0,1,0,1
6431610,IL,140030,2025,1,1,1,1,0
6431620,IL,140200,2025,1,1,0,0,1
6431623,IL,141309,2025,1,0,1,0,0
6431670,IL,140080,2025,0,0,1,0,1
6431690,IL,140179,2025,1,1,1,1,0
6431705,IL,141311,2025,0,0,0,0,0
6431710,IL,141351,2025,0,1,1,1,0
6431720,IL,140160,2025,0,0,0,0,0
6431750,IL,140064,2025,1,1,1,1,0
6431760,IL,141319,2024,1,0,0,0,1
6431765,IL,140211,2025,1,1,0,0,1
6431782,IL,141317,2025,0,0,0,0,1
6431790,IL,140292,2025,1,1,1,1,0
6431825,IL,140137,2025,1,1,1,1,0
6431830,IL,140210,2024,0,1,0,0,0
6431855,IL,141335,2024,1,1,0,1,0
6431860,IL,140191,2025,0,0,0,0,0
6431862,IL,141313,2025,1,0,1,1,0
6431865,IL,140250,2025,1,1,1,1,0
6431880,IL,141336,2025,1,1,1,1,0
6431900,IL,141332,2022,0,0,0,0,0
6431920,IL,140122,2025,1,1,1,1,0
6431927,IL,141316,2025,1,0,1,0,0
6431975,IL,140059,2025,1,0,0,0,1
6431990,IL,140007,2025,0,0,1,0,1
6432000,IL,140213,2025,1,0,0,1,0
6432025,IL,140186,2025,1,1,0,0,1
6432030,IL,140155,2025,0,0,1,0,1
6432040,IL,141325,2025,1,1,1,1,0
6432045,IL,140234,2022,0,0,0,0,0
6432055,IL,140065,2025,1,1,1,1,0
6432060,IL,140130,2025,1,1,0,0,1
6432075,IL,141344,2025,0,0,0,0,1
6432080,IL,140202,2025,1,1,1,1,0
6432090,IL,141322,2025,0,0,0,0,0
6432120,IL,141350,2025,1,1,1,1,0
6432127,IL,140116,2025,1,1,0,0,1
6432137,IL,140089,2023,1,0,0,0,0
6432165,IL,140184,2025,1,1,1,0,1
6432180,IL,140289,2025,0,1,1,0,1
6432192,IL,141326,2024,0,1,1,0,0
6432225,IL,141310,2025,1,1,1,1,0
6432230,IL,141323,2025,0,0,0,0,0
6432270,IL,141318,2025,1,1,1,1,0
6432280,IL,141301,2022,1,0,0,0,0
6432300,IL,140101,2024,0,0,0,0,1
6432320,IL,140046,2025,0,1,1,1,0
6432335,IL,140294,2025,1,1,1,0,1
6432350,IL,140231,2025,1,1,0,0,1
6432355,IL,141308,2025,0,1,1,1,0
6432413,IL,140208,2025,1,1,1,1,0
6432420,IL,140063,2024,1,1,1,0,1
6432435,IL,140008,2024,1,1,1,0,1
6432445,IL,141355,2025,1,0,1,0,0
6432480,IL,140110,2025,1,1,1,1,0
6432485,IL,140252,2025,1,1,0,0,1
6432490,IL,141341,2023,1,0,0,1,0
6432500,IL,141320,2023,0,0,0,0,0
6432530,IL,140120,2025,1,0,1,0,0
6432570,IL,140209,2025,1,0,1,0,0
6432615,IL,140013,2025,1,0,1,0,0
6432620,IL,140067,2025,1,1,1,1,0
6432670,IL,140161,2025,1,1,1,1,0
6432680,IL,141337,2025,1,1,1,1,0
6432739,IL,141343,2025,1,0,0,1,0
6432750,IL,141312,2025,0,1,0,1,0
6432800,IL,140233,2025,1,1,1,1,0
6432810,IL,140228,2025,1,1,1,1,0
6432850,IL,141328,2025,0,1,0,0,0
6432870,IL,141333,2022,0,0,0,0,0
6432910,IL,141340,2025,1,1,0,0,1
6432930,IL,141354,2025,1,1,1,1,0
6432940,IL,141349,2025,1,0,0,0,1
6432950,IL,140148,2025,0,0,0,0,1
6432980,IL,140053,2025,1,1,1,1,0
6433005,IL,140043,2025,1,0,0,0,1
6433050,IL,141339,2022,0,0,0,0,0
6433070,IL,140091,2025,1,0,1,0,0
6433118,IL,141346,2022,0,0,0,0,0
6433130,IL,141353,2025,0,0,0,0,1
6433170,IL,140084,2025,1,0,1,1,0
6440004,MI,230142,2025,1,1,1,1,0
6440013,MI,230097,2025,1,0,1,0,1
6440015,MI,231318,2022,0,1,1,0,0
6440021,MI,230038,2025,1,1,1,1,0
6440026,MI,230035,2025,1,1,1,1,0
6440027,MI,230104,2025,1,1,1,1,0
6440040,MI,230030,2025,1,1,1,0,1
6440043,MI,230297,2023,1,0,1,0,0
6440049,MI,230302,2023,1,1,1,1,0
6440080,MI,230036,2025,1,1,1,0,1
6440087,MI,230156,2024,1,1,1,1,0
6440120,MI,231340,2025,0,0,1,0,0
6440155,MI,230075,2023,1,1,1,1,0
6440215,MI,230021,2025,1,1,1,1,0
6440240,MI,230093,2025,1,1,1,1,0
6440280,MI,231329,2025,1,0,1,0,1
6440292,MI,230208,2023,0,1,1,0,0
6440295,MI,231316,2023,0,1,1,1,0
6440310,MI,231322,2023,0,0,0,0,0
6440320,MI,231327,2023,0,1,1,0,0
6440331,MI,230259,2024,1,1,1,1,0
6440332,MI,230180,2025,1,1,1,0,1
6440360,MI,230022,2023,1,1,0,0,1
6440405,MI,230020,2025,1,1,1,1,0
6440480,MI,233300,2025,1,1,1,1,0
6440503,MI,230005,2023,1,1,0,0,1
6440555,MI,230273,2025,1,1,1,1,0
6440630,MI,230024,2025,1,1,1,1,0
6440650,MI,230053,2023,1,1,1,1,0
6441000,MI,231337,2025,1,1,1,1,0
6441011,MI,230151,2025,1,1,1,1,0
6441030,MI,230132,2025,1,1,1,0,1
6441080,MI,231338,2025,1,1,1,1,0
6441087,MI,230244,2025,0,0,1,0,1
6441100,MI,231325,2025,1,1,1,0,1
6441120,MI,230174,2023,0,0,1,0,1
6441210,MI,230059,2024,1,1,1,1,0
6441231,MI,230236,2024,1,1,1,0,1
6441260,MI,230089,2025,1,1,1,1,0
6441290,MI,230108,2025,1,0,1,1,0
6441295,MI,231313,2025,1,0,1,0,0
6441320,MI,231339,2025,1,1,1,1,0
6441350,MI,230037,2025,0,1,1,0,1
6441380,MI,230069,2024,1,1,1,1,0
6441410,MI,231331,2023,0,1,1,0,0
6441440,MI,230055,2025,1,1,1,1,0
6441450,MI,231333,2022,0,1,1,0,0
6441470,MI,231321,2025,1,0,1,1,0
6441500,MI,230092,2022,1,1,1,0,1
6441550,MI,230017,2023,1,1,1,1,0
6441585,MI,231307,2025,0,0,1,0,0
6441595,MI,230230,2023,0,1,1,0,0
6441640,MI,230193,2023,1,0,1,0,0
6441660,MI,231319,2024,0,0,0,0,0
6441669,MI,230002,2024,1,1,1,1,0
6441670,MI,230110,2025,1,1,1,1,0
6441685,MI,231303,2025,1,0,1,0,0
6441705,MI,230303,2023,1,0,1,0,0
6441720,MI,230054,2025,1,0,1,1,0
6441750,MI,230217,2024,1,0,1,0,0
6441785,MI,230222,2025,1,1,1,0,1
6441795,MI,230099,2023,1,1,0,0,1
6441830,MI,230047,2022,1,1,1,0,1
6441870,MI,231308,2025,1,0,1,0,1
6441925,MI,231304,2024,0,1,1,0,0
6441990,MI,231305,2025,1,1,1,0,1
6442000,MI,231309,2022,0,1,1,0,0
6442030,MI,231332,2023,1,1,1,1,0
6442035,MI,230105,2024,1,0,1,0,1
6442060,MI,231310,2025,0,0,0,0,0
6442140,MI,230029,2024,1,1,1,1,0
6442155,MI,230031,2025,0,0,1,0,1
6442180,MI,231323,2025,1,1,1,1,0
6442200,MI,230277,2025,1,1,1,1,0
6442245,MI,230130,2025,1,1,1,1,0
6442290,MI,230077,2025,1,1,1,0,1
6442305,MI,231306,2022,0,0,1,0,0
6442310,MI,231326,2023,0,1,1,0,0
6442327,MI,231314,2025,1,0,1,0,0
6442330,MI,230239,2025,1,1,1,0,1
6442350,MI,231320,2024,1,1,1,1,0
6442353,MI,231312,2023,0,1,1,0,0
6442360,MI,230085,2023,1,1,1,1,0
6442390,MI,230096,2024,0,0,1,0,0
6442395,MI,230100,2025,1,1,1,0,1
6442410,MI,230015,2025,1,0,1,0,0
6442420,MI,230270,2025,1,1,1,1,0
6442455,MI,230176,2025,1,1,1,1,0
6442463,MI,230269,2025,1,1,1,1,0
6442485,MI,230078,2025,1,1,1,1,0
6442510,MI,230095,2025,1,1,1,0,1
6442520,MI,230146,2022,1,1,1,0,1
6442560,MI,230003,2025,1,1,1,1,0
6450008,WI,520107,2025,0,1,1,0,1
6450015,WI,520066,2024,1,1,0,1,0
6450017,WI,520138,2025,1,1,1,1,0
6450019,WI,520189,2025,1,1,1,1,0
6450021,WI,520193,2025,1,1,1,1,0
6450032,WI,520198,2025,1,1,1,1,0
6450035,WI,521308,2023,1,1,1,0,1
6450036,WI,520202,2025,1,1,1,1,0
6450038,WI,521357,2024,1,1,0,1,0
6450040,WI,521350,2022,0,1,1,0,0
6450045,WI,520160,2025,1,1,1,0,1
6450078,WI,521359,2023,1,0,1,0,0
6450100,WI,521347,2022,0,1,0,0,0
6450110,WI,520057,2025,0,1,1,1,0
6450135,WI,520076,2025,1,1,1,1,0
6450160,WI,520100,2025,1,0,1,0,0
6450170,WI,521355,2025,1,1,1,0,1
6450175,WI,520206,2025,1,1,1,1,0
6450180,WI,521333,2025,1,0,1,0,1
6450195,WI,521344,2024,0,1,1,0,0
6450200,WI,520059,2025,1,1,1,1,0
6450235,WI,521354,2022,1,1,0,0,0
6450239,WI,520207,2025,1,1,1,1,0
6450240,WI,520017,2023,1,1,0,0,0
6450250,WI,521338,2022,1,1,1,0,0
6450261,WI,521353,2025,1,1,1,1,0
6450265,WI,521312,2025,0,0,0,0,0
6450280,WI,521352,2025,1,1,1,1,0
6450295,WI,521307,2025,1,1,1,1,0
6450300,WI,521300,2025,0,1,1,0,1
6450330,WI,520013,2023,1,1,0,0,0
6450340,WI,521319,2025,0,1,1,0,0
6450360,WI,520102,2025,1,1,1,1,0
6450380,WI,520088,2025,0,1,1,1,0
6450390,WI,520071,2023,1,0,0,0,0
6450410,WI,521331,2023,0,0,0,0,0
6450420,WI,520049,2022,1,1,1,0,1
6450423,WI,520208,2025,0,1,1,1,0
6450440,WI,520097,2025,1,1,1,1,0
6450450,WI,520075,2025,1,1,1,1,0
6450470,WI,520038,2025,1,1,1,1,0
6450482,WI,520212,2025,1,1,1,1,0
6450524,WI,520213,2025,0,1,1,0,1
6450610,WI,520021,2025,0,1,1,0,0
6450680,WI,520087,2025,1,1,1,1,0
6450700,WI,521328,2025,1,1,1,1,0
6450745,WI,521322,2025,0,1,1,1,0
6450775,WI,520089,2025,1,1,1,1,0
6450810,WI,520083,2025,0,1,1,1,0
6450820,WI,520098,2025,1,1,1,1,0
6450850,WI,520113,2025,1,1,1,1,0
6450860,WI,520037,2025,1,1,1,1,0
6450865,WI,520064,2023,1,1,1,1,0
6450880,WI,520109,2025,0,1,1,0,1
6450892,WI,521324,2022,0,1,1,0,0
6450905,WI,520103,2025,0,1,1,0,1
6450940,WI,521339,2022,0,1,1,0,0
6451030,WI,523300,2025,1,1,1,1,0
6451280,WI,520028,2025,0,1,1,1,0
6451290,WI,520045,2025,1,1,1,0,1
6451300,WI,521323,2025,1,1,1,1,0
6451320,WI,521326,2025,1,1,1,0,1
6451335,WI,520062,2022,0,1,1,0,1
6451370,WI,521310,2025,1,1,1,1,0
6451430,WI,521325,2025,1,1,1,1,0
6451490,WI,520041,2022,0,1,1,0,0
6451515,WI,521330,2023,0,1,1,0,0
6451525,WI,520095,2025,1,0,1,1,0
6451600,WI,521351,2025,0,0,1,0,0
6451615,WI,520019,2025,0,1,1,0,1
6451630,WI,520011,2025,1,1,1,1,0
6451660,WI,521341,2025,1,0,1,1,0
6451670,WI,521321,2025,0,1,1,1,0
6451675,WI,521349,2025,1,1,1,1,0
6451695,WI,521337,2022,0,1,0,0,0
6451710,WI,521346,2025,1,1,1,0,1
6451720,WI,520044,2025,1,1,1,1,0
6451740,WI,520035,2025,1,1,1,1,0
6451800,WI,521311,2022,0,1,1,0,0
6451830,WI,520002,2022,0,1,1,0,0
6451840,WI,521343,2025,0,1,1,0,0
6451850,WI,521358,2024,1,0,1,0,1
6451891,WI,521329,2025,1,1,1,0,1
6451895,WI,521320,2024,1,1,1,0,0
6451910,WI,521313,2022,0,1,1,0,0
6451920,WI,520034,2025,1,1,1,1,0
6451960,WI,521348,2025,0,1,1,0,1
6451995,WI,520116,2025,0,1,1,1,0
6452020,WI,520008,2022,1,1,1,0,1
6452035,WI,521334,2025,1,1,1,0,1
6452055,WI,521327,2025,0,1,1,1,0
6452085,WI,520030,2022,0,1,1,0,0
6452115,WI,520177,2025,0,1,1,0,1
6452165,WI,520139,2025,1,1,1,1,0
6452170,WI,520063,2025,0,1,1,0,1
6452250,WI,521303,2025,1,1,1,0,1
6452290,WI,520033,2022,0,1,1,0,0
6452305,WI,520091,2025,0,1,1,0,1
6459171,WI,520210,2025,1,1,1,1,0
6459174,WI,,2023,0,0,0,0,0
6459177,WI,520215,2025,1,1,1,1,0
6510003,KY,180038,2025,1,1,1,0,1
6510007,KY,180013,2024,1,0,0,0,0
6510040,KY,180009,2025,1,1,1,0,1
6510044,KY,181328,2025,1,0,1,0,0
6510048,KY,180025,2025,1,0,1,0,1
6510049,KY,181327,2025,0,0,1,0,0
6510050,KY,181329,2025,1,0,1,0,1
6510065,KY,180124,2025,1,0,1,1,0
6510076,KY,180087,2022,0,0,1,0,0
6510081,KY,181310,2025,0,0,1,0,0
6510110,KY,180035,2025,1,1,1,0,1
6510120,KY,180045,2025,1,1,1,0,1
6510130,KY,180079,2023,0,0,1,0,0
6510140,KY,180048,2024,1,0,1,0,1
6510172,KY,180780,2025,1,0,1,1,0
6510184,KY,180001,2025,1,1,1,0,1
6510195,KY,180127,2025,1,0,1,1,0
6510230,KY,180101,2025,1,0,1,1,0
6510260,KY,180004,2025,1,1,1,0,1
6510275,KY,180050,2025,1,0,1,0,0
6510280,KY,181302,2024,1,0,1,0,1
6510283,KY,181323,2022,0,0,1,0,0
6510287,KY,180029,2025,1,0,1,0,0
6510320,KY,180056,2025,1,1,1,0,1
6510350,KY,181316,2025,1,0,1,0,0
6510355,KY,181301,2023,0,1,1,1,0
6510400,KY,180024,2025,1,0,1,1,0
6510403,KY,180070,2025,1,1,1,0,1
6510435,KY,180143,2025,1,0,1,0,1
6510440,KY,180010,2025,1,0,1,0,1
6510455,KY,180067,2022,1,1,1,0,1
6510475,KY,180011,2025,1,0,1,0,1
6510488,KY,180088,2025,1,1,1,0,1
6510510,KY,180040,2025,1,1,1,0,1
6510540,KY,189801,2025,1,1,1,0,1
6510550,KY,180141,2025,1,1,1,0,1
6510620,KY,180037,2025,1,1,1,0,1
6510670,KY,180093,2025,1,1,1,0,1
6510685,KY,181305,2025,1,0,1,0,0
6510695,KY,180116,2025,1,0,1,1,0
6510710,KY,180019,2025,1,0,1,1,0
6510712,KY,181331,2025,1,0,1,0,0
6510715,KY,180020,2025,1,0,1,0,0
6510717,KY,180018,2025,0,0,1,0,1
6510732,KY,181306,2025,1,1,1,0,1
6510740,KY,180064,2025,1,0,1,0,1
6510750,KY,180027,2023,0,1,1,0,1
6510810,KY,180102,2024,0,1,1,0,1
6510830,KY,180078,2025,1,0,1,0,0
6510834,KY,180046,2025,1,0,1,1,0
6510860,KY,180044,2023,0,1,1,0,1
6510873,KY,180005,2025,1,0,1,0,0
6510874,KY,181322,2025,1,0,1,1,0
6510915,KY,180066,2022,0,0,1,0,0
6510920,KY,180016,2025,1,1,1,0,1
6510935,KY,180069,2025,1,0,1,0,0
6510938,KY,181315,2025,1,0,1,0,1
6510940,KY,180132,2022,1,1,1,0,1
6510950,KY,181308,2025,1,0,1,1,0
6510960,KY,181307,2025,1,0,1,0,0
6510967,KY,180002,2025,1,0,1,0,0
6510969,KY,181311,2025,1,1,1,0,1
6510970,KY,180092,2025,1,0,1,1,0
6511000,KY,181330,2023,0,0,1,0,0
6519065,KY,180043,2025,1,1,1,1,0
6519070,KY,181320,2025,0,0,1,0,0
6520002,TN,440161,2025,1,0,0,1,0
6520004,TN,440193,2025,1,1,1,0,1
6520010,TN,440068,2025,1,0,1,1,0
6520015,TN,440156,2025,1,0,0,1,0
6520016,TN,440176,2022,1,1,1,0,0
6520018,TN,440217,2025,1,1,1,1,0
6520019,TN,440091,2025,1,0,1,0,1
6520023,TN,441304,2022,1,1,1,0,0
6520028,TN,440227,2025,1,0,0,1,0
6520035,TN,441320,2025,0,1,0,0,1
6520040,TN,440012,2022,1,1,1,0,0
6520042,TN,441313,2022,1,1,1,0,0
6520043,TN,440150,2025,1,0,0,1,0
6520065,TN,440104,2025,1,1,1,1,0
6520066,TN,441316,2025,0,1,0,0,1
6520067,TN,441307,2025,1,0,1,1,0
6520209,TN,440073,2025,1,0,1,0,0
6520212,TN,440059,2025,1,0,0,0,1
6520214,TN,440131,2025,1,1,1,1,0
6520215,TN,440009,2025,1,1,1,0,1
6520230,TN,440046,2025,1,0,0,1,0
6520253,TN,440018,2022,1,1,1,0,0
6520254,TN,440072,2025,0,1,0,0,1
6520270,TN,440001,2022,1,1,1,0,0
6520280,TN,440102,2023,1,1,1,0,0
6520294,TN,440029,2025,0,0,0,0,0
6520297,TN,440003,2025,1,0,1,1,0
6520350,TN,440031,2025,1,1,1,0,1
6520353,TN,441301,2025,1,0,1,1,0
6520466,TN,440063,2022,1,1,1,0,0
6520470,TN,440017,2022,1,1,1,0,0
6520485,TN,440184,2022,1,1,1,0,0
6520506,TN,443303,2023,0,1,1,1,0
6520510,TN,440125,2025,1,1,1,0,1
6520530,TN,440173,2025,1,1,1,0,1
6520575,TN,440015,2025,1,0,1,0,1
6520576,TN,441305,2025,1,0,0,0,0
6520590,TN,440175,2025,1,0,1,1,0
6520648,TN,440187,2022,1,1,1,0,1
6520650,TN,440110,2025,1,1,1,0,1
6520665,TN,440007,2025,0,0,0,0,0
6520668,TN,440061,2025,0,1,0,0,1
6520670,TN,440011,2025,0,0,0,0,0
6520681,TN,440048,2025,1,1,1,1,0
6520695,TN,440152,2023,1,0,0,0,0
6520745,TN,440194,2025,1,0,0,1,0
6520785,TN,440049,2025,1,1,1,1,0
6520812,TN,440183,2025,1,0,1,0,0
6520885,TN,440060,2025,0,1,0,0,1
6520895,TN,440030,2025,1,1,1,0,1
6521020,TN,440006,2025,1,0,0,1,0
6521035,TN,440197,2025,1,0,0,1,0
6521060,TN,440039,2025,1,1,1,0,1
6521080,TN,440034,2025,1,1,1,0,1
6521095,TN,440132,2025,0,1,0,0,1
6521116,TN,441306,2025,1,1,1,1,0
6521135,TN,440020,2025,1,0,1,1,0
6521145,TN,441314,2025,1,0,1,0,0
6521158,TN,440032,2022,1,1,1,0,0
6521170,TN,440081,2025,1,1,1,0,1
6521185,TN,440058,2025,1,0,1,0,0
6521195,TN,440137,2025,1,1,1,0,1
6521210,TN,440065,2024,1,0,1,0,0
6521222,TN,440057,2024,1,1,1,0,1
6521224,TN,440144,2025,1,1,1,0,1
6521225,TN,440130,2025,1,1,1,1,0
6524010,TN,440002,2025,0,1,0,0,1
6529075,TN,440016,2025,1,1,1,1,0
6530006,AL,010113,2025,1,1,1,1,0
6530050,AL,010036,2025,1,0,1,1,0
6530070,AL,010078,2022,0,0,0,0,0
6530116,AL,010129,2025,1,1,1,1,0
6530142,AL,010114,2025,0,0,1,0,1
6530161,AL,010104,2025,1,0,0,0,0
6530304,AL,010033,2025,1,0,1,0,1
6530308,AL,010005,2022,0,1,0,0,0
6530313,AL,010022,2025,1,1,1,1,0
6530345,AL,010112,2025,0,0,0,0,0
6530380,AL,010034,2024,0,0,0,0,0
6530390,AL,010049,2025,0,0,0,0,0
6530394,AL,011304,2025,1,1,1,1,0
6530415,AL,010148,2024,0,0,0,0,0
6530417,AL,010100,2025,1,1,1,1,0
6530425,AL,010045,2023,0,0,1,0,1
6530440,AL,010006,2025,1,0,0,0,0
6530446,AL,010083,2025,0,1,1,0,0
6530460,AL,010040,2025,1,0,1,0,0
6530470,AL,010046,2025,0,0,1,0,1
6530475,AL,010062,2023,1,0,1,0,0
6530516,AL,010044,2025,1,0,1,0,1
6530521,AL,010131,2022,0,0,0,0,0
6530600,AL,010087,2023,1,0,1,0,1
6530705,AL,010023,2024,1,1,1,1,0
6530760,AL,010029,2024,0,0,0,0,0
6530765,AL,010007,2023,0,0,0,1,0
6530780,AL,010108,2025,1,0,1,0,1
6530800,AL,010149,2024,1,1,1,1,0
6530810,AL,010158,2022,0,1,0,0,1
6530823,AL,010061,2022,0,0,1,0,0
6530860,AL,010118,2022,1,1,1,0,1
6530880,AL,010019,2025,1,0,1,0,0
653090A,AL,010157,2025,1,0,0,1,0
653095A,AL,010126,2023,0,0,0,0,0
6530960,AL,010092,2023,0,0,1,0,1
6531017,AL,010097,2023,0,0,0,0,0
6531027,AL,010086,2025,1,0,1,0,1
6531040,AL,010138,2023,0,0,0,0,0
6539120,AL,011302,2025,1,0,0,0,0
6539160,AL,011306,2025,1,1,0,0,1
6540001,MS,250100,2025,1,1,1,1,0
6540004,MS,250001,2022,1,1,1,0,1
6540007,MS,250102,2025,1,1,1,1,0
6540014,MS,251323,2025,1,1,1,1,0
6540019,MS,250031,2022,1,0,0,0,1
6540020,MS,250025,2025,1,0,1,0,1
6540021,MS,250040,2025,1,1,0,1,0
6540030,MS,251329,2023,0,1,1,0,0
6540032,MS,250082,2025,0,0,1,0,1
6540037,MS,250162,2025,1,1,1,1,0
6540080,MS,250044,2025,1,1,1,1,0
6540100,MS,250096,2022,0,0,0,0,0
6540110,MS,250057,2025,0,0,0,0,1
6540116,MS,251331,2025,1,1,1,1,0
6540123,MS,251315,2025,1,1,1,1,0
6540130,MS,251309,2025,1,0,0,0,0
6540156,MS,250042,2023,0,0,0,0,0
6540161,MS,250093,2022,1,1,1,0,1
6540165,MS,251325,2022,1,0,1,0,0
6540170,MS,250085,2022,1,1,1,0,0
6540215,MS,250058,2022,1,0,1,0,1
6540235,MS,251300,2025,1,1,1,0,0
6540280,MS,250099,2023,0,0,1,0,0
6540290,MS,250168,2022,0,1,0,0,0
6540295,MS,250123,2025,1,1,0,1,0
6540300,MS,250019,2025,1,0,1,1,0
6540315,MS,250078,2022,1,1,1,0,0
6540355,MS,250095,2022,1,0,0,0,0
6540359,MS,250002,2025,1,0,1,0,1
6540365,MS,250072,2022,0,0,0,0,0
6540385,MS,250138,2022,0,0,0,0,0
6540390,MS,250048,2025,0,1,0,1,0
6540416,MS,250167,2025,1,1,1,1,0
6540420,MS,251336,2025,1,1,1,1,0
6540459,MS,250172,2023,0,0,0,0,0
6540501,MS,250097,2025,0,1,1,0,0
6540510,MS,250104,2025,1,1,1,1,0
6540575,MS,250081,2025,1,1,1,1,0
6540580,MS,250069,2025,1,1,1,1,0
6540598,MS,251305,2025,0,1,1,0,0
6540657,MS,250006,2025,1,1,1,1,0
6540693,MS,250034,2025,1,1,1,1,0
6540730,MS,250117,2022,1,1,1,0,0
6540740,MS,251308,2025,1,0,1,0,1
6540752,MS,251326,2022,1,1,1,0,0
6540754,MS,251316,2025,1,1,1,1,0
6540755,MS,251337,2024,1,0,1,0,1
6540785,MS,250050,2024,0,0,1,0,1
6540810,MS,250004,2025,1,0,1,0,1
6540825,MS,251324,2022,1,1,1,0,0
6540840,MS,251322,2025,1,1,1,1,0
6540891,MS,250061,2025,1,1,1,0,0
6540905,MS,250067,2025,1,0,1,0,1
654090A,MS,250077,2025,1,0,0,0,0
6540920,MS,251312,2022,0,1,0,0,0
6540930,MS,251313,2025,1,1,1,1,0
6540950,MS,250141,2025,1,1,1,1,0
6549040,MS,250020,2025,1,0,1,0,1
6549165,MS,250043,2025,1,0,1,0,0
6549170,MS,251333,2025,0,1,1,1,0
6549175,MS,251306,2022,1,1,1,0,0
6549241,MS,251335,2025,1,1,1,1,0
6610004,MN,240080,2025,1,1,1,1,0
6610005,MN,240050,2025,1,1,1,1,0
6610009,MN,240213,2025,1,1,1,1,0
6610010,MN,241313,2025,1,1,1,0,1
6610035,MN,241305,2025,1,1,1,1,0
6610044,MN,240030,2025,0,1,0,1,0
6610085,MN,240115,2025,1,1,1,1,0
6610095,MN,241311,2022,1,1,0,0,0
6610097,MN,241340,2025,1,1,1,0,1
6610105,MN,241328,2025,1,1,1,0,1
6610112,MN,241301,2025,1,0,1,0,1
6610120,MN,240100,2025,1,1,1,0,1
6610130,MN,241365,2025,1,1,0,1,0
6610150,MN,241316,2024,0,0,0,0,0
6610152,MN,240214,2022,1,1,0,0,1
6610180,MN,240075,2025,1,1,1,0,1
6610190,MN,241377,2025,1,0,1,0,1
6610200,MN,240076,2025,1,1,1,1,0
6610240,MN,240020,2025,1,1,1,1,0
6610247,MN,241347,2025,1,1,1,0,1
6610315,MN,241312,2025,0,0,1,0,1
6610320,MN,241320,2025,0,0,0,0,0
6610355,MN,241314,2025,0,1,0,1,0
6610365,MN,241360,2025,1,1,1,0,1
6610380,MN,240101,2025,1,1,1,0,1
6610390,MN,240019,2025,1,1,1,0,1
6610400,MN,240047,2025,0,1,1,0,1
6610410,MN,240002,2025,1,1,1,0,1
6610413,MN,241318,2025,0,1,1,1,0
6610455,MN,240071,2025,1,1,1,1,0
6610500,MN,240052,2025,1,1,1,0,1
6610520,MN,241357,2025,1,1,1,0,1
6610530,MN,241355,2025,1,1,0,0,0
6610540,MN,241376,2025,0,0,0,0,0
6610550,MN,241321,2025,1,1,1,0,1
6610552,MN,241317,2025,0,0,0,0,1
6610560,MN,240064,2025,1,1,1,1,0
6610570,MN,241343,2024,1,0,1,0,0
6610620,MN,241339,2025,0,0,0,0,0
6610640,MN,240040,2025,1,1,1,1,0
6610660,MN,241315,2025,1,1,1,0,1
6610687,MN,241375,2022,1,1,0,0,0
6610700,MN,241370,2025,1,0,1,0,1
6610720,MN,241326,2025,1,1,0,1,0
6610730,MN,241371,2025,1,1,1,0,1
6610740,MN,241323,2025,0,0,0,0,0
6610757,MN,241300,2024,1,1,1,0,1
6610795,MN,241359,2024,1,0,1,0,0
6610810,MN,241330,2025,1,1,0,1,0
6610815,MN,240057,2025,1,1,1,1,0
6610820,MN,240210,2025,1,1,1,1,0
6610885,MN,240207,2025,1,1,1,1,0
6610918,MN,240078,2025,1,1,1,1,0
6611135,MN,241362,2025,1,1,0,1,0
6611148,MN,241350,2025,1,1,1,0,1
6611170,MN,241367,2025,0,1,0,0,0
6611190,MN,241363,2025,0,1,0,0,0
6611229,MN,241378,2025,1,1,1,1,0
6611260,MN,240014,2023,1,0,0,0,1
6611277,MN,241356,2025,0,0,0,0,1
6611280,MN,241342,2025,1,1,1,0,1
6611300,MN,240069,2025,1,1,1,1,0
6611315,MN,241380,2025,1,0,1,0,1
6611325,MN,241349,2025,1,1,0,1,0
6611340,MN,241373,2025,1,1,1,0,1
6611360,MN,241374,2024,1,0,1,0,0
6611385,MN,240141,2025,1,1,1,1,0
6611440,MN,241351,2025,1,1,0,1,0
6611455,MN,240001,2023,1,1,0,0,1
6611481,MN,240006,2022,0,1,1,0,1
6611510,MN,241344,2025,0,1,1,1,0
6611540,MN,240036,2025,1,1,0,1,0
6611585,MN,240038,2025,1,1,1,1,0
6611730,MN,241334,2023,0,1,0,0,0
6611742,MN,241309,2025,1,1,1,0,1
6611750,MN,241368,2025,1,1,0,1,0
6611770,MN,240104,2025,1,1,1,1,0
6611780,MN,241319,2025,1,1,1,0,1
6611812,MN,241329,2025,0,1,1,1,0
6611860,MN,241381,2025,1,1,1,0,1
6611901,MN,241303,2025,1,1,1,0,1
6611915,MN,241308,2025,0,1,1,0,1
6611920,MN,241348,2024,1,0,1,0,0
6611930,MN,240084,2025,1,1,1,0,1
6611950,MN,241335,2023,1,1,1,0,0
6611965,MN,240056,2025,0,1,1,1,0
6611980,MN,241354,2025,0,1,0,0,1
6612000,MN,241337,2024,0,1,1,0,0
6612038,MN,241302,2025,1,1,1,0,1
6612039,MN,241304,2025,1,1,1,0,1
6612050,MN,240088,2025,1,1,0,1,0
6612070,MN,241332,2025,1,1,1,0,1
6612090,MN,240044,2025,1,0,0,0,0
6612110,MN,240022,2025,1,1,1,0,1
6620002,IA,160064,2024,0,0,1,0,0
6620003,IA,160083,2024,1,0,1,0,1
6620004,IA,160033,2024,1,0,1,1,0
6620019,IA,161342,2025,1,0,1,0,0
6620035,IA,161353,2025,1,0,1,1,0
6620055,IA,160030,2023,1,1,1,0,1
6620070,IA,161306,2025,1,1,1,1,0
6620080,IA,161376,2022,1,1,1,0,0
6620082,IA,161330,2025,0,1,1,0,0
6620096,IA,161301,2025,0,1,1,0,1
6620097,IA,161327,2025,1,0,1,0,1
6620100,IA,161372,2024,1,0,1,1,0
6620101,IA,161307,2025,1,0,1,0,0
6620115,IA,160057,2025,1,0,1,0,1
6620150,IA,161382,2025,0,0,1,0,1
6620160,IA,160040,2024,0,0,1,0,0
6620170,IA,160079,2023,0,0,1,0,0
6620180,IA,160045,2025,1,1,1,1,0
6620190,IA,161377,2024,1,0,1,1,0
6620205,IA,161341,2025,0,1,1,0,1
6620215,IA,161347,2025,0,0,1,1,0
6620230,IA,161362,2024,0,0,1,0,0
6620240,IA,161352,2025,1,0,1,0,0
6620260,IA,161302,2025,0,1,1,0,1
6620265,IA,160080,2024,0,0,1,0,0
6620295,IA,161304,2025,1,0,1,0,1
6620300,IA,160047,2025,1,1,1,1,0
6620310,IA,160028,2025,1,0,1,0,1
6620330,IA,161328,2024,0,0,1,0,0
6620332,IA,161365,2025,1,1,1,0,1
6620377,IA,160104,2025,1,1,1,1,0
6620385,IA,161369,2023,1,0,1,0,0
6620400,IA,160101,2025,0,0,1,0,1
6620420,IA,160082,2025,1,1,1,1,0
6620475,IA,161313,2024,1,0,1,1,0
6620490,IA,160117,2025,0,0,0,0,0
6620495,IA,160069,2024,0,0,1,0,0
6620527,IA,161378,2024,0,0,1,0,0
6620535,IA,161319,2024,0,0,1,0,0
6620550,IA,161357,2024,0,0,1,0,0
6620560,IA,161351,2024,1,0,1,0,0
6620565,IA,161364,2024,0,1,0,0,0
6620585,IA,160016,2025,1,1,1,1,0
6620644,IA,161310,2023,1,1,1,0,1
6620652,IA,160147,2025,1,1,1,1,0
6620665,IA,161303,2023,1,1,1,0,1
6620666,IA,161314,2025,0,1,1,1,0
6620667,IA,161312,2025,1,1,1,0,1
6620670,IA,161324,2025,1,0,1,0,0
6620680,IA,161308,2025,1,0,1,0,0
6620690,IA,161374,2025,1,1,1,0,1
6620710,IA,161311,2024,0,0,1,0,0
6620723,IA,161334,2024,0,0,1,0,0
6620724,IA,161354,2025,1,0,1,0,0
6620750,IA,161335,2025,0,1,0,1,0
6620760,IA,160029,2022,1,0,1,0,1
6620765,IA,160058,2022,1,1,1,0,1
6620790,IA,161380,2024,0,0,1,0,0
6620800,IA,161325,2025,0,0,1,0,0
6620823,IA,161337,2025,0,1,1,0,1
6620830,IA,161355,2023,0,0,1,0,0
6620865,IA,161350,2025,0,1,1,1,0
6620870,IA,161368,2024,1,0,1,0,0
6620890,IA,161343,2025,1,0,1,0,0
6620895,IA,161329,2024,1,0,1,1,0
6620896,IA,161317,2025,0,1,1,1,0
6620922,IA,160001,2025,1,1,1,1,0
6620955,IA,161309,2025,1,0,1,0,1
6620970,IA,161356,2023,1,0,1,0,0
6620972,IA,161373,2025,0,0,1,0,0
6620995,IA,160013,2025,1,1,1,1,0
6621010,IA,161331,2025,0,1,0,1,0
6621020,IA,160032,2024,0,0,1,0,0
6621040,IA,161338,2024,0,0,1,0,0
6621045,IA,161359,2025,0,0,1,0,0
6621065,IA,161360,2025,1,1,1,0,1
6621068,IA,161323,2024,0,0,1,0,0
6621075,IA,161348,2023,0,1,1,0,0
6621099,IA,161379,2025,0,1,1,1,0
6621105,IA,160089,2025,1,0,0,1,0
6621135,IA,161367,2025,0,1,1,1,0
6621145,IA,161322,2025,0,0,1,0,0
6621153,IA,161305,2025,0,1,0,0,1
6621175,IA,161300,2024,0,0,1,0,0
6621180,IA,161363,2024,1,1,1,1,0
6621202,IA,161336,2024,1,0,1,0,0
6621205,IA,161370,2022,0,1,0,0,0
6621210,IA,161381,2025,1,1,1,0,1
6621220,IA,161366,2023,0,0,0,0,0
6621230,IA,161345,2024,1,0,1,0,0
6621245,IA,161346,2024,1,0,1,0,0
6621270,IA,160146,2025,1,1,1,1,0
6621275,IA,160153,2024,0,0,1,0,0
6621300,IA,160112,2025,0,0,1,0,0
6621311,IA,160124,2024,1,0,1,0,0
6621315,IA,161375,2025,0,1,1,0,1
6621325,IA,161320,2025,0,1,0,0,0
6621340,IA,161349,2025,0,1,1,0,1
6621350,IA,161344,2025,0,1,1,0,1
6621360,IA,160110,2025,1,1,1,1,0
6621375,IA,160067,2024,0,0,1,0,0
6621385,IA,161318,2025,0,1,1,0,1
6621390,IA,161339,2025,0,0,1,1,0
6621395,IA,161361,2025,1,0,1,0,0
6621400,IA,161316,2023,1,1,1,0,0
6621415,IA,161326,2025,1,0,1,1,0
6629045,IA,161332,2025,0,1,0,0,0
6629060,IA,161315,2023,1,0,1,0,0
6629082,IA,161321,2024,1,0,1,0,0
6630001,MO,260062,2025,1,1,1,1,0
6630003,MO,260163,2025,1,1,1,0,1
6630005,MO,261301,2025,1,1,1,0,0
6630008,MO,260137,2025,0,0,1,0,1
6630009,MO,260006,2025,1,1,1,0,1
6630010,MO,261316,2025,1,1,1,0,1
6630011,MO,260047,2025,1,0,1,1,0
6630019,MO,260119,2025,1,0,0,0,0
6630023,MO,260210,2022,0,0,0,0,0
6630025,MO,261312,2025,0,1,1,1,0
6630029,MO,260216,2025,1,1,1,1,0
6630030,MO,261315,2024,1,1,1,0,1
6630034,MO,260219,2025,1,1,1,0,1
6630035,MO,260214,2025,1,0,0,1,0
6630037,MO,261336,2025,0,0,0,0,0
6630039,MO,260095,2025,1,0,0,1,0
6630045,MO,260094,2025,1,0,1,0,1
6630047,MO,260034,2025,0,0,1,0,1
6630050,MO,260195,2025,1,1,1,1,0
6630063,MO,260057,2025,1,0,1,0,0
6630065,MO,260193,2025,0,0,1,0,1
6630070,MO,260183,2025,1,1,0,1,0
6630075,MO,260179,2025,1,0,1,0,1
6630080,MO,260110,2025,1,1,1,0,1
6630087,MO,261332,2024,1,0,1,0,1
6630090,MO,261338,2025,1,1,1,0,1
6630100,MO,261321,2025,1,1,1,1,0
6630125,MO,260175,2025,0,0,1,0,0
6630130,MO,260068,2025,0,0,1,0,1
6630150,MO,260141,2024,1,0,1,1,0
6630156,MO,261323,2025,1,0,1,0,0
663015A,MO,260160,2025,1,1,1,0,1
6630160,MO,261322,2023,1,0,1,0,0
6630175,MO,261303,2025,1,1,0,0,1
6630185,MO,260180,2025,1,1,1,0,1
6630192,MO,260023,2025,1,1,1,0,1
6630197,MO,261302,2025,0,0,1,0,1
6630199,MO,,2022,0,0,1,0,0
6630230,MO,260025,2025,1,0,1,0,1
6630231,MO,261324,2025,0,0,0,0,1
6630234,MO,260070,2025,1,0,1,1,0
6630310,MO,260011,2025,0,1,1,1,0
6630330,MO,260001,2025,1,1,1,0,1
6630340,MO,263302,2025,1,0,1,1,0
6630380,MO,260048,2025,1,0,1,1,0
6630381,MO,260102,2025,1,0,1,1,0
6630435,MO,260027,2025,1,0,0,1,0
6630460,MO,260085,2025,0,0,1,0,1
6630470,MO,260138,2025,1,1,1,1,0
6630568,MO,260081,2025,0,1,1,1,0
6630575,MO,260200,2025,0,1,1,1,0
6630585,MO,261325,2025,1,0,1,0,1
6630590,MO,260059,2025,1,1,1,0,1
6630595,MO,261320,2025,1,0,0,1,0
6630600,MO,260190,2025,1,0,0,1,0
6630605,MO,260177,2025,1,0,1,0,1
6630625,MO,261313,2025,0,1,1,0,1
6630650,MO,260142,2025,1,1,1,1,0
6630680,MO,261340,2025,1,1,1,0,1
6630684,MO,261310,2025,0,0,1,0,1
6630685,MO,,2022,0,0,1,0,0
6630730,MO,261329,2025,1,0,1,0,1
6630755,MO,261335,2025,1,1,1,0,1
6630760,MO,261331,2025,0,0,0,0,1
6630770,MO,260061,2025,1,0,1,1,0
6630785,MO,260096,2025,1,0,1,0,1
6630786,MO,260186,2025,1,0,1,0,1
6630788,MO,261311,2025,1,1,1,0,1
6630813,MO,261308,2025,1,0,0,0,0
6630818,MO,261327,2025,0,1,1,0,0
6630845,MO,260017,2025,1,1,1,0,1
6630860,MO,260005,2025,0,1,1,1,0
6630930,MO,260032,2025,1,1,1,0,1
6630931,MO,261330,2025,0,0,1,1,0
6630945,MO,263300,2025,0,1,1,1,0
6630985,MO,260104,2025,0,1,1,1,0
6630995,MO,260091,2025,0,1,1,1,0
6631010,MO,260162,2025,1,1,1,0,1
6631020,MO,260105,2025,0,1,1,1,0
6631100,MO,260108,2025,1,1,1,0,1
6631160,MO,260077,2025,1,1,1,0,1
6631165,MO,260020,2025,1,1,1,0,1
6631180,MO,263301,2025,1,1,1,0,1
6631280,MO,260191,2025,1,1,1,0,1
6631281,MO,261318,2025,1,0,1,0,0
6631290,MO,260009,2025,0,0,1,1,0
6631300,MO,260113,2025,1,0,1,0,0
6631320,MO,260040,2025,1,0,1,0,1
6631350,MO,260065,2025,1,1,1,0,1
6631365,MO,261337,2025,1,1,1,0,1
6631378,MO,261319,2025,1,1,1,0,1
6631390,MO,261309,2025,1,1,1,1,0
6631399,MO,260097,2025,1,0,1,0,0
6631410,MO,260052,2025,1,1,1,0,1
6631445,MO,260022,2024,0,0,0,0,0
6631465,MO,260078,2025,0,1,1,1,0
6639005,MO,261328,2025,1,1,1,0,1
6639015,MO,261307,2025,0,0,1,0,0
6639030,MO,261317,2025,1,1,1,0,1
6639075,MO,261314,2025,1,1,1,1,0
6639080,MO,260024,2025,1,0,1,0,0
6639150,MO,261333,2025,1,0,1,1,0
6639165,MO,261306,2025,0,0,1,0,0
6639173,MO,260074,2025,0,1,1,0,0
6639205,MO,260176,2025,1,0,1,0,1
6639230,MO,261305,2025,0,1,0,0,0
6640001,ND,350019,2023,1,1,1,0,1
6640003,ND,350070,2025,1,1,1,0,1
6640004,ND,350006,2022,1,1,1,0,1
6640005,ND,351322,2025,0,0,1,0,0
6640020,ND,350015,2025,1,1,1,0,1
6640040,ND,350002,2025,1,0,1,0,1
6640060,ND,351318,2025,1,0,1,0,1
6640062,ND,351319,2023,0,1,1,0,0
6640090,ND,351333,2025,1,0,1,0,1
6640100,ND,351336,2025,1,0,1,0,1
6640130,ND,351314,2024,0,0,0,0,0
6640180,ND,350011,2025,1,1,1,0,1
6640215,ND,351303,2025,1,0,1,0,1
6640260,ND,351327,2025,1,0,1,0,0
6640267,ND,351330,2022,0,0,0,0,0
6640270,ND,351335,2025,0,1,0,0,0
6640273,ND,351329,2025,1,1,1,0,1
6640310,ND,351323,2023,0,0,0,0,0
6640315,ND,351311,2025,1,0,1,0,1
6640330,ND,351309,2025,1,1,1,0,1
6640333,ND,351308,2025,0,1,0,0,0
6640370,ND,351312,2025,1,1,1,0,1
6640380,ND,351315,2025,1,0,1,0,1
6640435,ND,351301,2025,0,0,1,0,0
6640436,ND,351300,2022,0,1,0,0,0
6640437,ND,351304,2025,1,0,1,0,1
6640440,ND,351324,2025,1,0,1,0,1
6640455,ND,351302,2024,0,0,0,0,0
6640470,ND,351334,2025,1,0,1,0,1
6640475,ND,351321,2022,1,0,1,0,0
6650002,SD,430077,2025,1,1,1,1,0
6650003,SD,431340,2024,1,0,1,0,0
6650004,SD,430014,2024,1,0,1,0,0
6650007,SD,430027,2025,1,1,1,0,1
6650040,SD,431309,2025,1,1,1,0,1
6650045,SD,431329,2025,1,1,1,0,1
6650055,SD,431307,2025,1,1,1,0,1
6650057,SD,431323,2025,1,1,1,1,0
6650060,SD,431320,2025,1,1,1,1,0
6650065,SD,431331,2024,1,0,1,0,0
6650072,SD,431332,2024,1,0,1,0,0
6650080,SD,431308,2024,1,0,1,0,0
6650085,SD,431301,2025,0,1,1,0,0
6650110,SD,431310,2024,1,0,1,0,0
6650145,SD,431302,2024,1,0,1,0,0
6650149,SD,431338,2024,1,0,1,0,0
6650160,SD,431322,2025,0,1,1,0,1
6650215,SD,431335,2025,1,0,1,0,1
6650250,SD,431300,2025,0,1,1,0,1
6650258,SD,431314,2023,0,0,1,0,0
6650260,SD,431326,2024,1,0,1,0,0
6650270,SD,431337,2024,1,0,1,0,0
6650305,SD,431325,2025,1,0,1,0,0
6650320,SD,431330,2024,1,0,1,0,0
6650325,SD,431319,2023,1,1,1,0,1
6650330,SD,430015,2024,1,0,1,0,0
6650345,SD,431306,2024,1,0,1,0,0
6650411,SD,431317,2024,1,0,1,0,0
6650420,SD,430016,2024,1,0,1,0,0
6650433,SD,431339,2025,1,1,1,0,1
6650438,SD,430048,2025,1,1,1,1,0
665043A,SD,431321,2025,1,1,1,1,0
6650445,SD,431327,2024,1,0,1,0,0
6650447,SD,431336,2025,1,1,1,0,1
6650455,SD,431328,2025,1,1,1,0,1
6650470,SD,431315,2024,1,0,1,0,0
6650495,SD,430005,2025,0,0,1,0,1
6650515,SD,431324,2024,1,0,1,0,0
6650520,SD,431334,2025,1,1,1,0,1
6650530,SD,430012,2024,1,0,1,0,0
6659005,SD,431312,2024,1,0,1,0,0
6659010,SD,431333,2025,1,1,1,0,1
6659060,SD,431311,2025,1,1,1,0,1
6659061,SD,430097,2025,1,1,1,0,1
6660002,NE,280009,2025,1,0,1,0,1
6660003,NE,280125,2025,1,1,1,0,1
6660005,NE,280013,2022,1,1,1,0,1
6660006,NE,280003,2025,1,1,1,0,1
6660011,NE,280130,2025,1,0,1,0,1
6660013,NE,281325,2022,1,0,0,0,0
6660022,NE,281360,2025,0,0,1,0,1
6660025,NE,281300,2025,0,1,1,1,0
6660028,NE,281343,2024,1,0,1,1,0
6660035,NE,281324,2025,0,0,1,1,0
6660052,NE,281320,2022,1,0,1,0,0
6660090,NE,281364,2025,0,1,1,0,0
6660100,NE,281340,2025,1,0,1,0,0
6660112,NE,281359,2025,0,0,0,0,0
6660115,NE,281318,2023,1,0,1,0,0
6660138,NE,280132,2025,1,1,1,0,1
6660145,NE,280111,2025,0,0,1,0,0
6660166,NE,281331,2024,1,0,1,0,0
6660167,NE,281354,2024,0,1,1,0,0
6660175,NE,281332,2022,1,1,1,0,0
6660192,NE,281319,2025,1,0,1,0,0
6660200,NE,281352,2023,0,0,1,0,0
6660230,NE,280077,2025,1,1,1,1,0
6660245,NE,281301,2025,1,0,1,0,1
6660270,NE,281358,2024,0,0,1,1,0
6660290,NE,280023,2025,1,0,1,0,1
6660305,NE,281304,2024,0,0,0,0,0
6660395,NE,281361,2025,1,0,1,0,0
6660414,NE,280134,2023,0,0,1,0,0
6660460,NE,280020,2025,1,0,1,0,1
6660500,NE,281363,2025,0,1,1,1,0
6660520,NE,281342,2025,1,0,1,0,1
6660525,NE,281326,2025,0,0,1,0,0
6660560,NE,280065,2025,0,1,1,0,1
6660610,NE,281355,2024,1,0,1,0,1
6660635,NE,283301,2025,1,0,1,0,0
6660650,NE,280105,2025,1,0,1,0,1
6660690,NE,280081,2025,1,0,1,0,1
6660710,NE,280040,2025,1,1,1,1,0
6660720,NE,280060,2025,1,0,1,0,1
6660747,NE,281329,2024,1,0,1,0,0
6660765,NE,281314,2022,0,0,1,0,1
6660780,NE,281347,2025,1,0,1,0,0
6660815,NE,281349,2024,1,0,1,1,0
6660820,NE,281346,2025,1,0,1,0,1
6660827,NE,281323,2025,1,0,1,0,1
6660855,NE,281357,2025,0,1,1,1,0
6660920,NE,281315,2025,1,1,1,0,1
6660935,NE,281309,2025,1,0,1,0,1
6660939,NE,281350,2023,1,0,1,0,1
6660960,NE,281344,2023,0,0,1,0,0
6660990,NE,281322,2025,1,0,1,0,0
6660995,NE,281345,2025,1,0,1,0,1
6661010,NE,281336,2025,0,0,1,0,1
6669060,NE,281312,2025,0,0,1,0,0
6669130,NE,281338,2023,0,0,1,0,0
6670004,KS,170013,2023,1,0,1,0,1
6670010,KS,171381,2025,0,0,1,1,0
6670013,KS,171346,2023,1,0,1,0,0
6670016,KS,170012,2025,0,0,1,1,0
6670020,KS,170182,2025,1,0,0,1,0
6670021,KS,170185,2025,1,1,1,1,0
6670026,KS,173300,2024,1,0,1,0,1
6670030,KS,170150,2023,0,0,0,0,0
6670036,KS,170196,2022,0,0,1,0,0
6670041,KS,170191,2025,1,1,1,1,0
6670042,KS,170194,2023,0,0,1,0,0
6670088,KS,171385,2024,0,0,1,1,0
6670100,KS,171380,2025,1,0,1,1,0
6670110,KS,171387,2025,0,0,0,0,0
6670130,KS,171362,2024,1,1,1,1,0
6670140,KS,171312,2025,0,0,1,1,0
6670145,KS,171308,2025,1,1,1,0,1
6670150,KS,171349,2025,0,0,1,1,0
6670155,KS,171379,2025,1,0,1,1,0
6670176,KS,170175,2025,1,0,1,0,1
6670190,KS,171327,2025,1,0,1,1,0
6670200,KS,171384,2025,0,0,1,0,1
6670216,KS,171339,2025,1,0,1,1,0
6670270,KS,170023,2025,1,0,1,0,1
6670285,KS,171316,2025,1,1,1,1,0
6670290,KS,171376,2023,0,0,1,0,0
6670325,KS,171332,2025,1,0,1,0,0
6670335,KS,171365,2023,0,0,1,0,0
6670370,KS,171357,2024,1,0,1,0,1
6670385,KS,171333,2024,1,0,1,0,1
6670390,KS,171319,2025,1,1,1,1,0
6670402,KS,171347,2024,0,0,0,0,0
6670405,KS,171335,2025,0,0,0,0,0
6670407,KS,170020,2022,0,0,0,0,0
6670450,KS,171373,2025,1,1,1,1,0
6670454,KS,170208,2025,1,1,1,1,0
6670455,KS,171369,2023,0,0,1,0,0
6670459,KS,170203,2025,1,1,1,0,1
6670460,KS,170074,2025,0,1,1,1,0
6670485,KS,170146,2025,0,0,1,0,1
6670510,KS,170040,2025,1,1,1,1,0
6670515,KS,171378,2025,1,0,1,1,0
6670516,KS,171317,2025,1,0,1,1,0
6670517,KS,171331,2024,0,0,0,0,0
6670519,KS,171313,2025,1,0,1,0,1
6670535,KS,171345,2023,1,0,1,0,1
6670550,KS,170137,2025,1,0,1,1,0
6670590,KS,170009,2025,0,0,1,0,1
6670611,KS,170068,2025,0,0,1,0,0
6670615,KS,171358,2025,0,0,1,1,0
6670630,KS,171330,2022,1,0,1,0,0
6670680,KS,170105,2025,1,0,1,0,1
6670685,KS,171321,2025,1,0,1,0,0
6670691,KS,171368,2025,0,0,0,0,0
6670692,KS,171328,2025,1,0,1,1,0
6670693,KS,170075,2024,1,0,1,1,0
6670697,KS,171336,2025,0,0,0,0,0
6670700,KS,171344,2024,0,0,1,0,0
6670705,KS,170103,2025,1,0,1,0,1
6670730,KS,171348,2025,1,1,1,1,0
6670755,KS,171352,2025,0,0,1,0,0
6670758,KS,170049,2025,1,0,1,1,0
6670760,KS,171354,2023,1,0,1,1,0
6670775,KS,170176,2025,1,0,0,1,0
6670780,KS,170014,2025,1,1,1,1,0
6670783,KS,170104,2025,1,1,1,1,0
6670785,KS,170109,2025,1,0,1,1,0
6670787,KS,170120,2025,0,0,1,1,0
6670820,KS,170006,2025,1,1,1,0,1
6670825,KS,171311,2025,0,0,1,0,0
6670835,KS,170027,2025,1,0,1,1,0
6670840,KS,171367,2025,1,0,1,1,0
6670845,KS,171300,2024,0,0,0,0,0
6670850,KS,171350,2025,1,0,1,0,0
6670860,KS,171338,2023,1,0,1,0,0
6670865,KS,171310,2023,1,0,0,0,0
6670905,KS,171372,2025,1,0,1,0,1
6670910,KS,171315,2025,0,0,1,0,0
6670913,KS,171377,2023,1,0,1,0,0
6670930,KS,171323,2025,0,0,0,0,0
6671010,KS,170016,2024,0,1,1,0,0
6671025,KS,170086,2025,0,1,1,1,0
6671043,KS,171359,2024,1,0,1,0,0
6671045,KS,171388,2025,1,0,1,0,1
6671170,KS,170123,2025,1,0,1,1,0
6671210,KS,171383,2024,0,0,1,0,0
6678021,KS,171309,2022,0,0,0,0,0
6679010,KS,171329,2025,0,0,1,1,0
6710008,AR,040022,2025,0,0,1,0,0
6710012,AR,041321,2025,1,1,1,1,0
6710015,AR,040137,2025,1,0,1,0,1
6710029,AR,040014,2025,0,0,1,0,0
6710040,AR,040119,2025,0,0,1,0,0
6710045,AR,040084,2025,1,0,1,1,0
6710055,AR,040069,2024,0,1,1,1,0
6710070,AR,041318,2025,1,1,1,0,1
6710083,AR,040050,2024,1,0,1,0,0
6710100,AR,040002,2025,1,0,0,0,0
671011A,AR,041312,2025,1,1,1,1,0
6710130,AR,040011,2025,0,0,1,0,0
6710145,AR,040088,2024,0,0,1,0,0
6710160,AR,041326,2022,0,0,1,0,0
6710161,AR,041331,2025,1,0,1,0,0
6710175,AR,041304,2023,0,0,0,0,0
6710195,AR,040004,2025,1,0,1,0,1
6710196,AR,041317,2022,0,0,1,0,0
6710198,AR,040019,2024,0,0,0,0,0
6710210,AR,040062,2025,1,1,1,0,1
6710220,AR,040055,2025,1,1,1,1,0
6710227,AR,040017,2025,1,1,1,0,1
6710290,AR,040078,2025,1,0,0,1,0
6710300,AR,040026,2025,1,0,1,0,1
6710320,AR,040020,2025,0,0,0,0,1
6710325,AR,040118,2025,1,1,1,1,0
6710335,AR,040114,2025,1,1,1,1,0
6710340,AR,043300,2025,1,1,1,1,0
6710400,AR,040007,2025,1,0,1,0,1
6710433,AR,040156,2025,1,1,1,1,0
6710440,AR,040016,2025,0,1,1,1,0
6710448,AR,041308,2024,1,0,1,0,0
6710450,AR,040067,2025,1,0,1,0,1
6710455,AR,040076,2025,1,1,1,1,0
6710460,AR,041334,2025,1,1,1,0,1
6710465,AR,041300,2025,1,1,1,0,1
6710470,AR,040051,2025,1,1,1,1,0
6710480,AR,041324,2025,1,0,1,0,1
6710482,AR,040027,2025,1,0,1,0,0
6710485,AR,041311,2025,1,0,1,0,0
6710493,AR,041332,2025,0,0,1,0,0
6710497,AR,040036,2025,1,1,1,1,0
6710510,AR,040039,2023,0,0,1,0,0
6710515,AR,041330,2023,1,0,1,0,0
6710520,AR,040071,2023,0,0,1,0,0
6710525,AR,040047,2023,0,0,1,0,0
6710535,AR,040010,2025,1,1,1,0,1
6710545,AR,040041,2025,1,0,0,0,0
6710585,AR,040072,2025,1,1,1,1,0
6710617,AR,041309,2023,0,0,1,0,0
6710618,AR,040018,2025,1,1,1,1,0
6710620,AR,041327,2025,0,1,1,1,0
6710625,AR,041305,2025,1,1,1,0,1
6719016,AR,041329,2025,1,1,1,0,1
6719135,AR,041303,2025,1,1,1,0,1
6719166,AR,040154,2025,1,1,1,1,0
6719168,AR,043301,2025,1,1,1,1,0
6719181,AR,041333,2025,0,0,1,0,0
6719182,AR,040164,2025,0,0,1,0,0
6720011,LA,190034,2023,0,0,0,0,0
6720020,LA,190026,2025,1,0,0,1,0
6720027,LA,190005,2025,1,0,1,1,0
6720028,LA,190064,2025,0,1,0,1,0
6720032,LA,190176,2023,0,0,1,1,0
6720050,LA,190019,2025,1,1,1,0,1
6720080,LA,191309,2025,1,0,1,0,0
6720088,LA,190041,2025,1,1,1,0,1
6720116,LA,190312,2025,0,1,0,1,0
6720122,LA,190202,2025,1,1,1,1,0
6720141,LA,191302,2025,1,1,1,1,0
6720158,LA,190190,2023,0,0,0,0,0
6720170,LA,191312,2025,1,1,1,0,1
6720185,LA,190045,2025,0,1,1,0,1
6720192,LA,190267,2023,1,0,1,0,1
6720200,LA,190044,2025,1,1,1,1,0
6720217,LA,190050,2023,0,0,1,0,0
6720225,LA,191301,2022,0,0,1,0,0
6720237,LA,191318,2025,0,0,0,0,0
6720243,LA,191310,2025,0,0,1,0,0
6720244,LA,191325,2023,0,0,1,0,0
6720247,LA,191313,2022,1,0,1,0,0
6720254,LA,190015,2025,1,1,1,0,1
6720270,LA,190114,2024,1,0,1,0,0
6720285,LA,190183,2025,1,1,1,1,0
6720290,LA,190008,2025,1,1,0,1,0
6720300,LA,191321,2025,0,1,0,0,0
6720315,LA,190053,2025,1,1,1,1,0
6720317,LA,190145,2025,1,0,0,1,0
6720319,LA,191322,2025,1,1,1,1,0
6720324,LA,190133,2025,1,0,1,0,0
6720330,LA,190006,2025,1,1,1,1,0
6720340,LA,190002,2025,1,1,1,1,0
6720343,LA,190102,2025,0,1,0,1,0
6720360,LA,190027,2025,1,1,1,0,1
6720380,LA,190164,2023,0,0,0,0,0
6720385,LA,191305,2025,1,0,1,0,1
6720394,LA,190079,2025,1,1,1,1,0
6720396,LA,190025,2022,0,0,1,0,0
6720400,LA,190218,2023,0,1,1,0,0
6720409,LA,190167,2022,1,1,1,0,1
6720410,LA,190099,2025,0,0,1,0,0
6720414,LA,190274,2025,1,1,1,1,0
6720415,LA,190039,2025,0,1,1,1,0
6720418,LA,190146,2023,1,1,1,0,1
6720420,LA,190144,2022,0,0,0,0,0
6720440,LA,190011,2025,1,1,1,1,0
6720460,LA,190125,2025,0,1,0,1,0
6720480,LA,190014,2025,1,1,1,1,0
6720486,LA,190007,2025,0,0,1,0,1
6720495,LA,191303,2024,1,1,1,0,1
6720503,LA,190054,2023,1,0,1,0,0
6720520,LA,193300,2023,1,1,1,0,1
6720631,LA,190036,2025,1,1,1,1,0
6720670,LA,190046,2025,0,0,1,0,0
6720688,LA,190308,2025,1,1,1,1,0
6720696,LA,190313,2023,1,1,1,0,1
6720708,LA,190017,2025,0,1,1,0,0
6720709,LA,191315,2025,1,0,1,0,1
6720761,LA,191306,2023,0,1,1,0,1
6720762,LA,191324,2025,1,1,1,1,0
6720767,LA,190151,2023,0,0,1,0,0
6720776,LA,190098,2025,1,1,1,1,0
6720860,LA,190204,2025,1,1,1,1,0
6720876,LA,190040,2025,1,1,1,1,0
6720877,LA,190111,2022,0,0,1,0,1
6720879,LA,190013,2022,0,0,1,0,0
6720880,LA,190004,2025,0,1,0,0,1
6720888,LA,190090,2023,0,0,0,1,0
6720893,LA,190020,2025,1,1,1,1,0
6730010,OK,370020,2025,1,1,1,0,1
6730020,OK,370022,2025,1,0,1,1,0
6730024,OK,370093,2022,1,0,1,0,1
6730029,OK,370202,2025,0,1,0,0,0
6730030,OK,371341,2025,0,1,1,1,0
6730038,OK,370211,2022,1,1,0,0,0
6730051,OK,370149,2025,0,1,1,1,0
6730055,OK,370047,2025,1,1,1,0,1
6730067,OK,370220,2025,0,0,0,0,0
6730069,OK,370227,2023,1,0,1,0,1
6730072,OK,370228,2024,0,1,1,0,0
6730074,OK,370008,2024,0,0,1,0,1
6730100,OK,370030,2024,0,0,1,0,1
6730102,OK,371307,2023,0,0,0,0,0
6730104,OK,370041,2023,1,0,0,0,0
6730106,OK,370218,2022,0,0,0,0,0
6730110,OK,371334,2025,1,0,1,0,1
6730123,OK,371303,2024,1,0,1,0,1
6730155,OK,370054,2025,1,0,1,0,1
6730170,OK,370039,2024,0,1,1,0,0
6730220,OK,371319,2023,0,0,0,0,0
6730230,OK,371325,2025,0,1,0,0,0
6730235,OK,370023,2025,0,1,1,0,1
6730240,OK,370099,2025,0,1,0,0,0
6730270,OK,370014,2025,0,0,0,0,0
6730310,OK,370019,2025,0,0,1,0,0
6730360,OK,370016,2023,1,1,1,0,1
6730380,OK,370026,2023,1,0,1,0,0
6730400,OK,371329,2025,0,1,1,1,0
6730450,OK,371340,2025,1,0,0,0,0
6730471,OK,371317,2025,1,1,1,0,1
6730479,OK,371310,2025,1,1,1,0,1
6730485,OK,370183,2025,0,0,0,0,0
6730505,OK,371321,2023,0,1,0,0,1
6730515,OK,371338,2025,1,0,1,1,0
6730545,OK,371313,2025,1,1,1,0,1
6730555,OK,370056,2025,0,0,1,0,1
6730570,OK,370097,2024,1,0,0,0,1
6730577,OK,371326,2025,0,0,0,0,0
6730580,OK,371330,2024,1,0,1,0,0
6730585,OK,371306,2025,0,1,1,0,0
6730590,OK,370034,2023,0,0,1,0,0
6730710,OK,371327,2023,0,1,0,0,0
6730728,OK,370028,2025,0,1,1,0,1
6730797,OK,370094,2025,0,1,1,1,0
6730800,OK,370013,2025,1,1,1,0,1
6730830,OK,370037,2025,0,1,1,1,0
6730947,OK,370139,2024,0,0,1,0,1
6730960,OK,370006,2023,0,1,0,0,0
6730962,OK,371337,2025,1,0,1,0,0
6730975,OK,370015,2024,0,1,1,0,0
6730980,OK,370158,2024,0,1,0,0,0
6731030,OK,371336,2023,0,0,0,0,0
6731080,OK,370049,2025,0,0,1,1,0
6731089,OK,371328,2025,0,0,1,0,0
6731120,OK,370089,2025,1,0,1,0,0
6731160,OK,371304,2025,1,1,1,0,1
6731180,OK,370001,2024,0,1,1,0,0
6731215,OK,370091,2023,0,0,0,0,0
6731255,OK,370166,2024,0,0,0,0,0
6731260,OK,371302,2025,1,1,1,0,1
6731275,OK,371311,2024,1,1,1,1,0
6731283,OK,371323,2025,0,1,1,1,0
6739105,OK,370112,2024,1,0,1,1,0
6739125,OK,370078,2023,0,1,1,0,0
6739149,OK,,2025,0,0,1,0,0
6740020,TX,450229,2024,0,0,1,0,0
6740025,TX,450403,2025,1,0,0,1,0
6740030,TX,450133,2025,1,0,0,0,1
6740038,TX,453306,2023,1,1,1,0,1
6740040,TX,450828,2025,1,1,1,0,1
6740046,TX,450775,2025,1,0,1,1,0
6740050,TX,451378,2025,0,0,0,0,0
6740091,TX,450346,2024,1,0,1,0,0
6740092,TX,450083,2022,1,1,1,0,1
6740093,TX,450809,2025,1,0,0,1,0
6740095,TX,450713,2025,1,0,0,1,0
6740103,TX,451320,2025,0,0,1,0,0
6740108,TX,450064,2025,1,1,1,0,0
6740115,TX,450675,2025,1,0,0,1,0
6740117,TX,450222,2025,1,0,1,1,0
6740119,TX,450801,2025,1,1,1,0,1
6740125,TX,450389,2022,1,1,1,0,1
6740129,TX,450571,2025,0,1,0,0,0
6740136,TX,450010,2025,1,1,1,1,0
6740137,TX,450231,2022,1,1,1,0,0
6740138,TX,450820,2025,1,1,1,0,1
6740149,TX,450617,2025,1,0,1,1,0
6740151,TX,450822,2025,1,0,0,1,0
6740172,TX,450808,2025,0,0,0,0,0
6740190,TX,450431,2025,1,0,0,1,0
6740196,TX,450831,2024,0,0,0,0,1
6740204,TX,450844,2025,1,1,1,0,1
6740206,TX,450840,2025,1,1,1,0,0
6740209,TX,450833,2025,0,1,0,0,0
6740214,TX,450419,2025,1,1,1,0,0
6740215,TX,451328,2024,1,0,1,1,0
6740219,TX,451319,2025,1,1,1,0,1
6740222,TX,453315,2025,1,1,1,0,1
6740224,TX,450855,2025,0,0,1,0,1
6740226,TX,451310,2024,1,1,1,0,1
6740232,TX,450869,2023,0,0,0,0,0
6740235,TX,450465,2024,0,0,0,0,0
6740243,TX,450424,2025,1,1,1,0,1
6740248,TX,450862,2025,1,0,1,0,1
6740258,TX,450034,2025,1,1,1,0,1
6740263,TX,450196,2025,1,0,0,0,0
6740265,TX,450872,2025,0,0,0,0,1
6740280,TX,450639,2025,1,1,1,0,0
6740291,TX,450874,2023,1,0,0,0,0
6740295,TX,450082,2025,1,1,1,0,1
6740313,TX,450883,2023,0,1,0,0,0
6740316,TX,450518,2023,1,0,0,0,1
6740327,TX,451301,2025,0,0,0,0,0
6740330,TX,450891,2025,1,1,1,0,0
6740343,TX,450044,2025,1,1,0,1,0
6740363,TX,670023,2025,1,1,0,0,1
6740370,TX,451370,2025,1,1,0,0,0
6740371,TX,450889,2025,1,0,1,0,0
6740379,TX,450688,2025,0,0,1,0,1
6740387,TX,,2023,0,1,1,0,0
6740388,TX,670044,2025,1,1,1,0,0
6740400,TX,451369,2025,1,0,0,0,0
6740402,TX,670031,2025,1,0,1,0,1
6740417,TX,670055,2025,1,0,1,1,0
6740418,TX,670053,2025,1,0,1,0,1
6740420,TX,451348,2024,0,0,0,0,0
6740428,TX,671302,2025,0,0,0,0,1
6740450,TX,450399,2025,0,0,1,0,0
6740455,TX,450662,2025,1,0,1,1,0
6740460,TX,450028,2023,1,0,0,0,0
6740465,TX,450587,2025,1,0,1,1,0
6740500,TX,450011,2025,1,0,1,0,1
6740506,TX,451305,2025,1,0,1,0,1
6740550,TX,670060,2025,1,0,1,0,0
6740559,TX,670310,2023,0,0,0,1,0
6740560,TX,671301,2025,1,0,1,0,0
6740573,TX,451390,2023,1,0,0,0,0
6740574,TX,450210,2022,1,1,1,0,1
6740576,TX,450730,2025,0,0,0,0,0
6740635,TX,450148,2025,1,1,1,0,0
6740646,TX,450119,2023,1,0,1,0,0
6740650,TX,451385,2025,1,0,1,0,1
6740655,TX,670075,2025,1,0,1,0,1
6740660,TX,451347,2023,0,0,0,0,0
6740661,TX,670068,2025,1,1,1,0,0
6740668,TX,670080,2025,0,1,1,0,0
6740680,TX,451342,2025,1,0,1,0,0
6740690,TX,450370,2025,1,0,0,0,0
6740713,TX,450352,2025,0,0,0,0,0
6740732,TX,450788,2025,1,0,1,1,0
6740737,TX,453301,2023,1,1,0,0,1
6740760,TX,450046,2025,1,1,1,0,1
6740795,TX,450447,2025,0,0,1,0,0
6740815,TX,451353,2025,1,0,1,1,0
6740845,TX,451345,2024,0,0,0,0,0
6740865,TX,450597,2025,0,0,1,0,0
6740878,TX,670077,2025,1,1,1,0,1
6740890,TX,451331,2024,0,0,0,0,0
6740892,TX,453313,2025,1,0,1,0,0
6740914,TX,670062,2025,0,0,0,0,0
6740919,TX,670085,2025,1,1,1,0,0
6740935,TX,453302,2025,1,1,1,0,1
6740937,TX,670078,2024,0,0,0,0,0
6740945,TX,450771,2025,1,1,1,0,0
6740946,TX,670102,2025,0,0,1,0,0
6740950,TX,450015,2025,1,1,0,0,1
6740964,TX,450678,2023,1,0,1,0,1
6740971,TX,670132,2025,1,1,0,0,1
6740984,TX,670090,2023,0,0,1,0,0
6740995,TX,670285,2025,0,0,0,0,0
6740997,TX,670259,2024,0,0,1,1,0
6741004,TX,,2023,0,0,0,0,0
6741018,TX,450051,2025,1,1,0,0,1
6741019,TX,670267,2024,0,0,0,0,0
6741021,TX,450379,2025,0,0,1,0,1
6741025,TX,450647,2025,1,0,0,1,0
6741028,TX,670106,2025,1,0,1,1,0
6741035,TX,450723,2025,1,1,0,0,1
6741037,TX,453316,2025,1,1,1,0,1
6741038,TX,670103,2025,1,0,0,1,0
6741050,TX,450462,2025,1,1,1,0,0
6741071,TX,670097,2023,0,0,0,0,0
6741072,TX,670107,2025,0,0,0,0,0
6741091,TX,670122,2025,1,1,1,0,1
6741120,TX,450271,2025,1,0,1,1,0
6741123,TX,,2025,0,0,0,0,0
6741127,TX,670143,2022,1,1,1,0,1
6741134,TX,451393,2022,0,0,0,0,0
6741135,TX,450324,2025,1,1,0,0,0
6741136,TX,670135,2023,0,0,0,0,0
6741139,TX,450154,2025,1,0,1,0,0
6741141,TX,670314,2025,0,0,0,0,0
6741143,TX,670260,2025,1,1,1,0,0
6741153,TX,450743,2025,1,1,1,0,0
6741155,TX,450634,2025,1,0,0,1,0
6741163,TX,451308,2025,0,0,0,0,0
6741167,TX,451350,2025,1,0,0,0,0
6741169,TX,451386,2025,0,0,1,0,0
6741170,TX,451312,2025,1,0,1,0,0
6741172,TX,670309,2025,1,1,1,1,0
6741175,TX,450092,2025,1,0,0,0,0
6741182,TX,670300,2025,1,1,0,0,1
6741183,TX,450411,2025,1,0,1,0,0
6741195,TX,451363,2025,1,0,1,0,0
6741210,TX,451304,2023,0,0,0,0,0
6741215,TX,451343,2025,1,0,1,1,0
6741236,TX,450694,2022,1,0,1,0,0
6741240,TX,450024,2025,1,0,1,0,0
6741246,TX,,2025,0,0,0,0,0
6741248,TX,670280,2024,0,0,0,0,0
6741255,TX,,2025,0,0,0,0,0
6741267,TX,,2025,0,0,0,0,0
6741315,TX,450107,2025,1,0,1,1,0
6741335,TX,450658,2025,0,1,1,0,0
6741340,TX,450108,2025,1,0,1,0,0
6741385,TX,451389,2025,0,0,1,0,0
6741425,TX,453300,2025,1,1,1,0,1
6741437,TX,450087,2025,1,0,0,1,0
6741440,TX,450135,2025,1,1,1,0,0
6741445,TX,450779,2025,1,1,1,0,0
6741450,TX,450672,2025,1,0,0,1,0
6741483,TX,450039,2025,1,1,1,0,1
6741511,TX,450604,2024,1,0,1,0,0
6741525,TX,450072,2025,1,0,1,0,1
6741545,TX,451300,2023,0,0,0,0,0
6741550,TX,450090,2025,1,1,0,0,1
6741610,TX,450709,2025,1,1,1,0,1
6741615,TX,450018,2025,1,0,1,1,0
6741620,TX,451379,2024,1,0,0,0,0
6741683,TX,450451,2025,0,0,1,0,0
6741690,TX,450235,2024,1,0,1,1,0
6741730,TX,671300,2025,0,0,1,0,0
6741761,TX,451303,2025,1,0,0,0,0
6741780,TX,451376,2025,1,0,1,1,0
6741800,TX,451341,2025,0,1,1,0,0
6741810,TX,450475,2022,1,1,1,0,1
6741815,TX,451362,2022,0,0,1,0,0
6741820,TX,450155,2025,1,0,1,0,0
6741840,TX,451395,2024,1,0,1,0,0
6741853,TX,451330,2025,1,0,1,1,0
6741890,TX,450068,2025,0,1,1,0,1
6741895,TX,450638,2025,1,0,1,1,0
6741930,TX,450289,2025,1,1,1,0,1
6741945,TX,450076,2025,1,0,1,0,0
6741952,TX,450184,2025,0,1,1,0,1
6741960,TX,450358,2025,1,1,1,0,1
6741970,TX,450610,2025,0,1,1,0,1
6741980,TX,450659,2025,1,0,1,1,0
6742000,TX,450035,2025,0,0,0,0,0
6742005,TX,450193,2025,1,0,1,0,1
6742018,TX,453304,2025,0,1,0,0,0
6742025,TX,450644,2025,1,0,1,1,0
6742045,TX,450347,2025,0,0,1,1,0
6742057,TX,451307,2025,1,0,1,0,0
6742058,TX,450241,2024,0,0,1,0,1
6742059,TX,450684,2025,0,1,1,0,1
6742070,TX,450194,2024,0,0,0,0,0
6742084,TX,450573,2025,1,1,1,0,1
6742095,TX,450292,2025,1,1,1,0,0
6742096,TX,450165,2025,1,0,1,1,0
6742098,TX,451306,2023,0,0,0,0,0
6742110,TX,450677,2025,1,1,1,1,0
6742125,TX,450847,2025,0,1,1,0,1
6742135,TX,450007,2025,1,0,1,1,0
6742145,TX,450152,2025,1,1,1,1,0
6742160,TX,450163,2025,1,1,1,0,1
6742195,TX,450489,2025,0,1,1,0,0
6742210,TX,451323,2025,1,1,1,1,0
6742220,TX,450643,2025,1,0,1,0,1
6742230,TX,450029,2025,1,0,1,0,0
6742250,TX,450755,2023,1,1,1,0,1
6742255,TX,450669,2025,1,0,0,1,0
6742280,TX,451375,2025,1,0,1,1,0
6742291,TX,450698,2023,1,0,0,0,0
6742315,TX,450395,2025,1,0,1,0,1
6742318,TX,451396,2024,0,0,0,0,0
6742323,TX,451337,2025,0,0,0,0,0
6742345,TX,450718,2025,1,0,0,1,0
6742360,TX,450040,2023,1,1,1,0,1
6742372,TX,450686,2025,1,0,1,0,1
6742390,TX,450484,2025,0,0,1,0,0
6742395,TX,450211,2025,1,0,1,0,1
6742402,TX,451316,2025,1,0,1,0,1
6742430,TX,450032,2025,1,1,1,0,1
6742470,TX,451309,2025,1,0,1,0,0
6742533,TX,450400,2022,1,1,1,0,1
6742561,TX,450176,2025,0,0,1,0,1
6742564,TX,451373,2025,1,0,1,0,1
6742566,TX,451366,2025,0,0,0,0,0
6742567,TX,450565,2025,0,1,1,1,0
6742573,TX,450080,2025,0,1,1,0,1
6742577,TX,451372,2023,0,0,0,0,0
6742583,TX,450656,2024,1,0,1,0,0
6742590,TX,451322,2025,1,0,1,0,1
6742635,TX,450641,2025,0,0,1,0,0
6742660,TX,450132,2025,1,0,0,0,0
6742720,TX,450747,2022,1,1,1,0,1
6742735,TX,451398,2025,0,0,1,0,1
6742778,TX,450097,2025,1,0,1,1,0
6742801,TX,451391,2025,1,0,1,0,0
6742811,TX,451377,2025,1,1,0,0,0
6742814,TX,451359,2025,1,0,1,0,0
6742830,TX,451367,2022,1,1,1,0,1
6742840,TX,450539,2023,1,1,1,0,1
6742851,TX,451380,2022,1,1,1,0,1
6742853,TX,451356,2024,1,0,0,0,0
6742865,TX,450651,2025,1,0,0,1,0
6742870,TX,451352,2025,1,0,0,0,0
6742895,TX,451329,2025,1,1,0,0,0
6742910,TX,451317,2025,1,0,1,0,0
6742911,TX,450537,2025,1,1,0,0,1
6742915,TX,450654,2025,1,0,1,0,0
6742960,TX,451313,2023,0,1,0,0,0
6743105,TX,450213,2025,1,1,0,1,0
6743120,TX,450237,2025,1,1,1,0,1
6743122,TX,450388,2025,1,0,0,1,0
6743145,TX,451360,2024,1,0,1,0,1
6743151,TX,450272,2025,1,1,1,0,1
6743189,TX,450104,2025,1,0,0,0,0
6743200,TX,451358,2025,0,0,0,0,0
6743210,TX,451399,2025,0,1,0,0,0
6743220,TX,451340,2023,0,0,0,0,0
6743280,TX,450143,2022,1,1,1,0,1
6743291,TX,451384,2025,1,0,1,0,0
6743292,TX,451324,2025,0,1,0,0,0
6743330,TX,450351,2025,1,1,1,0,0
6743345,TX,450236,2025,1,1,1,0,1
6743347,TX,451311,2025,0,1,0,0,0
6743364,TX,451351,2025,1,0,1,0,0
6743545,TX,451339,2023,0,0,1,0,0
6743555,TX,451349,2025,0,0,1,0,0
6743556,TX,450690,2024,0,0,0,0,0
6743557,TX,450670,2025,1,0,1,1,0
6743570,TX,450102,2025,1,1,1,0,1
6743580,TX,451387,2025,1,0,1,1,0
6743581,TX,451338,2023,0,0,0,0,0
6743621,TX,450584,2025,0,0,1,0,1
6743625,TX,450023,2025,0,0,1,0,0
6743630,TX,450147,2023,0,0,0,0,0
6743715,TX,450203,2025,1,0,0,1,0
6743720,TX,451355,2023,0,0,0,0,0
6743723,TX,450128,2025,0,0,1,0,1
6743745,TX,451334,2025,0,0,0,0,0
6743797,TX,451315,2025,1,0,1,0,0
6743799,TX,450460,2025,0,0,0,0,1
6743800,TX,451346,2025,0,0,1,1,0
6744010,TX,450711,2025,1,0,1,1,0
6744020,TX,450848,2025,0,1,1,0,1
6749090,TX,451382,2025,1,0,1,0,0
6749260,TX,451361,2023,0,0,0,0,0
6749520,TX,451333,2024,1,1,1,1,0
6749550,TX,451381,2025,1,1,1,0,1
6810003,MT,270012,2025,1,1,0,0,1
6810005,MT,271311,2025,1,0,0,0,0
6810007,MT,270051,2025,1,0,1,1,0
6810008,MT,270086,2025,1,0,1,0,1
6810010,MT,271335,2025,0,1,1,0,0
6810013,MT,271301,2022,1,1,1,0,1
6810020,MT,270004,2025,1,0,1,0,1
6810030,MT,270049,2023,1,1,1,0,1
6810040,MT,270057,2023,1,1,0,0,1
6810055,MT,270017,2023,1,1,1,0,1
6810085,MT,271334,2025,1,0,1,1,0
6810095,MT,271307,2023,0,0,0,0,0
6810110,MT,271324,2025,1,0,1,1,0
6810123,MT,271308,2024,0,1,1,0,1
6810125,MT,271337,2025,1,0,1,1,0
6810129,MT,271314,2025,0,1,0,0,0
6810135,MT,271318,2025,0,1,1,0,0
6810170,MT,271304,2022,0,0,0,0,0
6810190,MT,271316,2025,1,0,1,0,1
6810260,MT,271340,2025,1,1,0,0,1
6810272,MT,271338,2025,1,0,1,0,0
6810285,MT,271321,2025,1,0,1,1,0
6810290,MT,271348,2025,1,1,0,1,0
6810380,MT,271345,2024,1,0,1,0,0
6810390,MT,271320,2025,1,0,0,0,1
6810395,MT,271317,2023,1,0,1,0,0
6810398,MT,271389,2025,1,1,0,0,0
6810405,MT,271312,2025,0,0,1,0,0
6810410,MT,271347,2023,1,1,1,0,1
6810415,MT,270023,2025,1,0,1,1,0
6810430,MT,270014,2023,1,1,1,0,1
6810445,MT,271323,2025,0,1,1,0,0
6810460,MT,271343,2023,1,1,1,0,1
6810477,MT,271326,2025,1,0,1,1,0
6810505,MT,271342,2025,0,0,1,0,0
6810510,MT,271344,2025,0,1,1,0,1
6810520,MT,271309,2025,0,0,1,0,0
6810530,MT,271333,2022,0,0,1,0,0
6810550,MT,271336,2025,1,0,1,1,0
6819015,MT,271305,2025,0,0,0,0,0
6819070,MT,271328,2025,1,0,0,1,0
6819080,MT,271331,2023,1,0,1,0,0
6819100,MT,271306,2022,0,1,0,0,0
6820003,ID,131323,2025,1,1,1,1,0
6820015,ID,131325,2025,0,0,0,0,0
6820040,ID,130007,2024,0,1,1,1,0
6820050,ID,130006,2025,1,1,1,1,0
6820070,ID,131301,2025,0,0,0,0,0
6820075,ID,131326,2023,1,1,1,0,1
6820085,ID,130014,2025,1,0,0,1,0
6820095,ID,131308,2024,0,0,0,0,0
6820140,ID,131302,2025,1,0,1,0,1
6820150,ID,131315,2025,0,0,0,0,0
6820165,ID,130018,2025,1,0,0,1,0
6820185,ID,131310,2025,1,1,1,1,0
6820200,ID,130003,2022,1,1,1,0,1
6820212,ID,131312,2025,1,1,1,1,0
6820220,ID,131327,2024,0,1,1,1,0
6820232,ID,131311,2025,1,1,1,1,0
6820240,ID,130013,2024,0,1,1,1,0
6820265,ID,131320,2023,0,0,0,0,0
6820310,ID,131322,2023,0,0,0,0,0
6820338,ID,131319,2025,0,0,0,0,0
6820347,ID,131317,2023,1,1,0,0,0
6820355,ID,131305,2023,0,0,1,0,0
6820360,ID,131328,2023,0,0,1,0,0
6820370,ID,131309,2023,1,0,1,1,0
6820380,ID,130002,2025,1,1,1,1,0
6820405,ID,131307,2025,1,1,1,1,0
6820411,ID,130071,2025,1,1,1,1,0
6830001,WY,530014,2025,1,1,1,1,0
6830010,WY,531313,2025,1,1,1,1,0
6830035,WY,531308,2022,0,0,1,0,0
6830040,WY,530012,2024,1,0,1,0,1
6830072,WY,531312,2025,0,1,1,1,0
6830080,WY,531302,2024,0,0,1,0,0
6830085,WY,530032,2024,0,0,1,0,0
6830150,WY,530015,2024,1,0,0,0,0
6830205,WY,531309,2023,1,0,1,0,1
6830224,WY,531303,2025,0,0,0,0,0
6830225,WY,531310,2025,1,0,0,0,0
6830227,WY,531316,2025,1,0,0,0,0
6830230,WY,531318,2025,1,0,1,0,1
6830240,WY,530008,2022,1,1,1,0,1
6830261,WY,531311,2025,1,0,1,0,0
6830262,WY,531304,2023,0,0,0,0,0
6830265,WY,531307,2024,1,0,1,0,1
6830268,WY,531305,2024,1,0,1,0,1
6830280,WY,531306,2024,1,0,1,0,1
6830384,WY,530034,2022,0,0,1,0,1
6840002,CO,060031,2025,1,0,1,0,1
6840010,CO,060008,2025,0,0,1,1,0
6840012,CO,060009,2023,1,1,1,0,1
6840014,CO,060100,2025,1,0,1,1,0
6840016,CO,060013,2025,1,0,1,0,1
6840018,CO,060010,2025,1,1,1,1,0
6840019,CO,061301,2022,0,0,0,0,0
6840020,CO,061324,2025,1,1,1,1,0
6840021,CO,060116,2023,1,1,1,0,1
6840022,CO,060114,2025,1,1,1,1,0
6840023,CO,060112,2025,1,0,1,1,0
6840030,CO,060103,2025,1,1,1,1,0
6840032,CO,060118,2025,1,0,1,0,1
6840033,CO,060119,2025,1,1,1,1,0
6840038,CO,061326,2025,1,1,1,1,0
6840067,CO,060004,2023,1,1,1,0,1
6840070,CO,061303,2024,1,0,1,0,1
6840120,CO,061344,2025,1,0,1,0,1
6840130,CO,061343,2023,0,0,1,0,0
6840190,CO,060022,2025,1,1,1,1,0
6840215,CO,061327,2025,1,0,1,0,0
6840217,CO,061314,2025,0,1,1,1,0
6840240,CO,060071,2024,0,0,1,0,1
6840290,CO,060011,2023,1,1,1,0,1
6840325,CO,060032,2025,1,0,1,1,0
6840360,CO,060064,2025,1,1,1,1,0
6840365,CO,060014,2025,1,0,1,1,0
6840385,CO,060015,2025,1,0,1,0,1
6840400,CO,060028,2023,1,1,1,0,1
6840430,CO,060024,2025,1,1,1,1,0
6840445,CO,060126,2024,1,0,1,0,1
6840458,CO,060065,2025,1,0,1,1,0
6840530,CO,060034,2025,1,0,1,1,0
6840590,CO,060044,2025,1,0,1,0,1
6840600,CO,061302,2025,1,1,1,1,0
6840617,CO,060075,2025,1,0,1,0,1
6840625,CO,060023,2023,1,1,1,0,1
6840650,CO,060001,2024,1,0,1,0,1
6840665,CO,061304,2022,0,0,0,0,0
6840683,CO,061305,2025,0,1,1,0,0
6840715,CO,061310,2023,0,0,0,0,0
6840725,CO,061308,2025,0,0,1,1,0
6840730,CO,061336,2023,0,0,1,0,0
6840750,CO,061323,2025,1,0,1,1,0
6840755,CO,060003,2025,1,0,1,0,1
6840782,CO,060030,2024,1,0,1,0,1
6840785,CO,061325,2022,0,1,0,0,0
6840795,CO,060006,2025,0,0,1,1,0
6840805,CO,060113,2025,1,1,1,1,0
6840840,CO,060012,2025,1,0,1,0,1
6840850,CO,060020,2025,1,1,1,1,0
6840885,CO,061317,2024,0,0,1,0,1
6840900,CO,061322,2025,0,0,1,0,1
6840911,CO,061311,2025,0,0,1,0,1
6840915,CO,060049,2025,1,1,1,1,0
6840920,CO,060076,2024,1,0,1,0,1
6840940,CO,061321,2023,0,0,0,0,0
6840950,CO,060096,2025,1,0,1,0,1
6840952,CO,061316,2025,0,1,1,0,1
6840965,CO,060104,2025,1,0,1,0,1
6840985,CO,061315,2025,1,0,1,0,1
6849090,CO,061300,2024,0,0,0,0,0
6849160,CO,061306,2025,1,0,1,0,0
6849223,CO,060125,2025,1,1,1,1,0
6849225,CO,060129,2025,1,1,1,1,0
6849226,CO,060130,2025,1,1,1,1,0
6849230,CO,060128,2025,1,1,1,1,0
6849232,CO,060131,2025,1,1,1,1,0
6849233,CO,060132,2025,1,1,1,1,0
6850007,NM,320004,2025,1,1,0,0,0
6850012,NM,320022,2025,1,1,1,1,0
6850037,NM,320001,2025,1,0,1,1,0
6850055,NM,320021,2025,1,1,1,1,0
6850090,NM,320030,2025,1,0,1,0,0
6850195,NM,320011,2025,1,1,1,1,0
6850220,NM,320005,2025,1,0,1,0,1
6850235,NM,321313,2025,1,0,0,0,0
6850255,NM,321308,2022,1,1,1,0,1
6850260,NM,320065,2023,1,1,1,0,1
6850280,NM,321300,2025,1,0,0,0,0
6850285,NM,320018,2025,1,0,1,1,0
6850320,NM,321305,2025,1,1,0,0,1
6850325,NM,320033,2025,1,0,0,1,0
6850343,NM,321307,2024,1,0,1,0,0
6850390,NM,320002,2025,1,1,1,0,1
6850396,NM,320089,2023,1,1,1,1,0
6850425,NM,320067,2022,0,0,0,0,0
6850435,NM,320091,2025,0,0,0,0,0
6850440,NM,321301,2025,1,1,1,1,0
6850460,NM,321310,2025,1,0,1,0,0
6850480,NM,321302,2025,1,1,1,1,0
6859145,NM,321306,2025,1,1,1,1,0
6859147,NM,320090,2025,1,1,1,1,0
6860012,AZ,031301,2025,1,0,1,0,0
6860013,AZ,030089,2024,1,0,1,0,1
6860016,AZ,030065,2024,1,0,1,0,1
6860019,AZ,030103,2023,0,1,1,0,1
6860020,AZ,030006,2023,1,1,1,0,1
6860021,AZ,030023,2025,1,0,1,0,1
6860025,AZ,030016,2024,1,0,1,0,1
6860028,AZ,030036,2025,1,0,1,0,1
6860036,AZ,030115,2024,1,0,1,0,1
6860040,AZ,030007,2025,1,0,1,0,1
6860043,AZ,030122,2024,1,0,1,0,1
6860046,AZ,030117,2025,1,0,1,1,0
6860047,AZ,030121,2025,0,1,1,0,1
6860051,AZ,030119,2025,1,0,1,0,1
6860054,AZ,030123,2025,0,1,1,0,1
6860059,AZ,030130,2024,1,0,1,0,1
6860153,AZ,030069,2025,1,0,1,1,0
6860180,AZ,031314,2025,0,0,1,0,0
6860185,AZ,030088,2024,1,0,1,0,1
6860205,AZ,031317,2023,0,1,1,0,0
6860210,AZ,033302,2025,0,0,1,0,0
6860215,AZ,031304,2024,1,0,1,0,1
6860225,AZ,031318,2024,1,0,1,0,1
6860250,AZ,030002,2024,1,0,1,0,1
6860253,AZ,030014,2025,0,1,1,0,1
6860255,AZ,030022,2025,0,1,1,0,1
6860263,AZ,030134,2024,1,0,1,0,1
6860280,AZ,030024,2025,1,0,1,0,1
6860320,AZ,030012,2025,1,0,1,0,1
6860325,AZ,030092,2025,0,1,1,0,1
6860360,AZ,031319,2023,0,0,1,0,0
6860374,AZ,031315,2025,1,0,1,1,0
6860376,AZ,030038,2025,0,1,1,0,1
6860378,AZ,030061,2024,1,0,1,0,1
6860379,AZ,030043,2025,1,0,1,1,0
6860390,AZ,030037,2025,0,1,1,0,1
6860395,AZ,030087,2025,0,1,1,0,1
6860410,AZ,030073,2025,1,0,1,0,0
6860430,AZ,030093,2024,1,0,1,0,1
6860450,AZ,030111,2024,1,0,1,0,1
6860469,AZ,030136,2025,1,0,1,0,1
6860473,AZ,030147,2024,1,0,1,0,1
6860516,AZ,030064,2024,1,0,1,0,1
6860522,AZ,030146,2025,0,1,1,0,1
6860560,AZ,031300,2025,1,1,1,0,0
6860562,AZ,031302,2022,0,0,0,0,0
6860595,AZ,030013,2025,1,0,1,1,0
6864000,AZ,031312,2025,1,1,1,0,0
6869180,AZ,030139,2025,1,0,1,0,1
6870006,UT,460052,2025,1,0,1,1,0
6870007,UT,460054,2025,1,0,1,1,0
6870010,UT,460023,2023,1,1,1,0,1
6870030,UT,460042,2025,1,0,0,1,0
6870035,UT,460017,2025,1,0,1,1,0
6870050,UT,460007,2023,1,1,1,0,1
6870055,UT,461300,2023,1,1,1,0,1
6870070,UT,461301,2023,1,1,1,0,1
6870091,UT,461307,2023,1,1,1,0,1
6870100,UT,460041,2025,1,0,1,0,1
6870120,UT,460015,2023,1,1,1,0,1
6870124,UT,460058,2023,1,1,1,0,1
6870130,UT,461302,2023,0,0,0,0,0
6870135,UT,461303,2023,1,1,1,0,1
6870141,UT,460010,2023,1,1,1,0,1
6870145,UT,461304,2023,1,1,1,0,0
6870150,UT,460005,2025,1,0,0,1,0
6870160,UT,460004,2023,1,1,1,0,1
6870189,UT,460057,2023,1,1,1,0,1
6870190,UT,460013,2025,1,0,0,1,0
6870200,UT,460011,2025,1,0,1,1,0
6870220,UT,460001,2023,1,1,1,0,1
6870230,UT,460026,2023,1,1,1,0,1
6870235,UT,460019,2023,1,0,1,0,0
6870245,UT,460021,2023,1,1,1,0,1
6870260,UT,460006,2023,1,1,1,0,1
6870270,UT,460003,2025,1,0,1,0,1
6870280,UT,463301,2023,1,1,1,0,1
6870290,UT,460047,2025,1,0,1,1,0
6870300,UT,460051,2025,1,0,1,0,1
6870315,UT,460009,2025,1,1,1,1,0
6870333,UT,460014,2023,1,1,1,0,0
6870365,UT,460039,2023,1,1,1,0,1
6870370,UT,460030,2025,1,0,1,1,0
6870372,UT,460060,2025,1,0,1,1,0
6870379,UT,460061,2023,1,1,1,0,1
6870410,UT,460043,2023,1,1,1,0,1
6870417,UT,460062,2023,1,1,1,0,1
6870500,UT,460044,2023,1,1,1,0,1
6879080,UT,461333,2023,1,1,1,0,1
6879346,UT,461310,2024,0,0,1,0,1
6880007,NV,290039,2025,1,0,1,1,0
6880008,NV,290045,2025,1,0,1,0,1
6880013,NV,290047,2025,1,0,0,1,0
6880025,NV,290019,2025,1,1,1,0,1
6880027,NV,291306,2022,1,0,1,0,0
6880029,NV,291307,2025,0,1,1,1,0
6880031,NV,290049,2023,1,1,1,0,0
6880032,NV,290053,2025,1,0,1,0,1
6880040,NV,290008,2025,1,0,0,0,0
6880045,NV,291302,2024,1,0,1,0,0
6880050,NV,291313,2024,1,0,1,0,1
6880055,NV,291300,2025,0,1,1,0,0
6880060,NV,290012,2025,1,0,1,0,1
6880069,NV,290003,2025,1,0,0,1,0
6880071,NV,290007,2025,1,0,1,1,0
6880110,NV,290009,2025,0,0,1,0,1
6880125,NV,290032,2022,0,0,0,0,0
6880130,NV,290001,2023,1,1,1,0,0
6880150,NV,291308,2023,0,0,0,0,0
6880155,NV,291314,2023,0,0,0,0,0
6880200,NV,291301,2025,0,1,1,1,0
6880458,NV,290058,2025,1,0,1,0,1
6889060,NV,290005,2025,0,0,1,0,1
6910001,WA,500030,2023,1,1,1,1,0
6910003,WA,500011,2025,1,0,1,0,1
6910004,WA,500014,2025,1,1,1,0,1
6910006,WA,500027,2025,1,1,1,0,1
6910014,WA,500151,2025,1,0,1,0,1
6910035,WA,500007,2025,1,0,0,1,0
6910050,WA,500015,2025,1,0,0,1,0
6910060,WA,500051,2024,1,1,1,0,1
6910115,WA,500039,2025,1,0,1,0,1
6910120,WA,,2022,0,0,0,0,0
6910123,WA,501324,2025,1,0,0,0,0
6910125,WA,500019,2025,1,1,1,0,1
6910160,WA,501309,2023,1,1,1,0,1
6910165,WA,501332,2025,1,0,1,0,0
6910190,WA,501327,2025,0,0,0,0,0
6910200,WA,501326,2023,1,1,1,0,1
6910220,WA,501302,2022,1,0,0,0,1
6910235,WA,501333,2025,1,0,0,0,0
6910273,WA,501335,2025,1,0,1,0,1
6910275,WA,501317,2025,0,1,1,0,0
6910295,WA,501308,2022,1,1,0,0,0
6910315,WA,501316,2022,0,0,0,0,0
6910318,WA,501314,2025,0,1,1,0,0
6910325,WA,500053,2025,1,0,1,1,0
6910335,WA,500124,2025,1,0,1,0,1
6910355,WA,500041,2023,1,1,1,1,0
6910400,WA,500084,2025,1,0,1,0,1
6910401,WA,501340,2023,1,1,1,1,0
6910403,WA,500033,2025,0,1,1,0,0
6910420,WA,500003,2023,1,1,1,0,0
6910450,WA,500024,2025,1,1,1,0,1
6910460,WA,501337,2025,1,0,0,0,0
6910465,WA,500139,2022,1,1,1,0,1
6910470,WA,501301,2023,0,0,1,0,0
6910480,WA,500072,2023,0,1,1,0,0
6910490,WA,501323,2023,0,1,0,0,0
6910492,WA,501312,2023,1,0,0,0,0
6910495,WA,501331,2023,1,1,1,0,1
6910520,WA,500088,2025,1,1,0,1,0
6910530,WA,500058,2023,1,1,1,0,1
6910560,WA,503300,2025,0,0,0,0,1
6910610,WA,500064,2025,1,1,1,1,0
6910680,WA,500025,2025,1,1,1,0,1
6910750,WA,500008,2025,1,1,1,1,0
6910780,WA,500005,2025,1,0,1,0,1
6910807,WA,500026,2025,1,1,1,0,1
6910810,WA,501329,2023,1,1,1,1,0
6910830,WA,501336,2025,1,0,0,1,0
6910860,WA,501303,2022,0,0,1,0,0
6910894,WA,500077,2023,1,1,1,0,1
6910980,WA,500054,2023,1,1,1,0,1
6911018,WA,500129,2023,1,1,1,0,0
6911027,WA,500021,2025,1,0,1,0,1
6911060,WA,500108,2025,1,0,1,0,1
6911130,WA,500050,2023,1,1,1,1,0
6911170,WA,500002,2023,1,1,1,0,1
6911195,WA,500016,2024,1,1,1,0,1
6911260,WA,500036,2023,1,0,0,0,0
6918055,WA,500141,2025,1,0,1,0,1
6919030,WA,501319,2025,0,0,0,0,0
6919096,WA,500152,2025,1,1,1,0,1
6920004,OR,380021,2023,1,1,0,0,0
6920010,OR,380022,2025,1,1,1,1,0
6920025,OR,380005,2023,0,1,1,0,0
6920051,OR,380102,2023,1,1,1,1,0
6920060,OR,381315,2024,0,1,1,1,0
6920065,OR,381304,2024,1,0,1,0,1
6920070,OR,380047,2022,1,1,1,0,0
6920075,OR,381307,2025,0,1,0,0,0
6920105,OR,381312,2023,1,0,1,0,0
6920110,OR,380014,2025,1,1,1,1,0
6920125,OR,381301,2023,1,1,1,1,0
6920140,OR,381306,2023,0,1,0,0,0
6920160,OR,380033,2023,1,1,1,1,0
6920163,OR,381316,2023,1,1,1,1,0
6920165,OR,381322,2025,1,1,1,0,1
6920172,OR,381310,2025,1,0,0,0,0
6920175,OR,381325,2025,0,0,1,0,0
6920190,OR,381318,2023,1,1,1,0,1
6920195,OR,381305,2025,1,0,1,0,0
6920207,OR,380050,2023,1,1,1,1,0
6920210,OR,381321,2025,0,1,0,0,1
6920231,OR,381309,2023,1,0,0,0,0
6920241,OR,381323,2025,1,1,1,1,0
6920242,OR,381324,2024,1,0,1,1,0
6920243,OR,381302,2025,1,1,1,1,0
6920270,OR,380071,2025,1,0,0,1,0
6920290,OR,380075,2023,1,1,1,0,1
6920296,OR,380082,2023,1,1,1,0,1
6920315,OR,380037,2023,1,1,1,0,1
6920325,OR,381314,2025,1,1,1,1,0
6920340,OR,380052,2024,0,1,1,1,0
6920350,OR,380038,2023,1,1,1,0,1
6920380,OR,381319,2025,1,0,1,0,1
6920510,OR,380060,2025,0,0,0,0,0
6920520,OR,380061,2023,1,1,1,0,1
6920540,OR,380004,2023,1,1,1,0,1
6920610,OR,381313,2023,1,1,1,0,0
6920614,OR,381311,2025,1,0,1,0,1
6920620,OR,380027,2025,1,0,1,0,1
6920708,OR,380051,2023,1,1,0,0,0
6920725,OR,381303,2023,1,1,1,0,1
6920741,OR,380020,2023,0,0,0,0,0
6920770,OR,380001,2025,1,1,1,0,0
6920780,OR,381317,2025,1,0,1,0,1
6930007,CA,050336,2025,1,0,1,0,1
6930008,CA,050242,2025,1,0,1,0,1
6930015,CA,050076,2023,0,1,1,0,0
6930029,CA,050690,2024,1,1,1,0,1
6930030,CA,050211,2025,1,1,1,1,0
6930031,CA,050043,2025,1,1,0,0,1
6930032,CA,050047,2025,1,1,0,0,1
6930037,CA,050516,2025,1,0,1,0,1
6930040,CA,050765,2025,1,1,1,0,1
6930042,CA,050696,2025,1,0,1,1,0
6930047,CA,050393,2025,1,0,0,0,1
6930048,CA,050091,2023,0,0,0,0,0
6930049,CA,050709,2025,0,0,1,0,1
6930051,CA,050138,2025,1,1,1,0,1
6930052,CA,050710,2025,1,1,1,1,0
6930053,CA,050327,2025,1,1,1,0,1
6930059,CA,050748,2022,0,1,1,0,0
6930067,CA,050075,2025,1,1,1,1,0
6930073,CA,050108,2025,1,1,0,0,1
6930075,CA,050609,2025,1,1,1,0,1
6930076,CA,050380,2025,1,0,0,1,0
6930077,CA,050714,2025,1,1,0,0,1
6930079,CA,050036,2025,1,0,1,0,1
6930092,CA,050523,2025,1,1,0,0,1
6930093,CA,050426,2025,0,0,1,0,1
6930095,CA,050300,2025,1,1,1,0,1
6930096,CA,050039,2025,1,1,1,1,0
6930098,CA,050723,2025,1,1,1,0,1
6930102,CA,050295,2025,1,0,1,0,1
6930103,CA,053309,2022,1,1,0,0,1
6930104,CA,050763,2025,1,1,1,0,0
6930106,CA,050006,2025,1,1,1,0,1
6930107,CA,050283,2023,1,1,1,0,1
6930109,CA,050174,2025,1,1,1,0,1
6930113,CA,053306,2024,0,1,1,1,0
6930117,CA,053308,2025,0,0,0,0,0
6930119,CA,050722,2025,1,1,1,0,1
6930130,CA,050444,2025,1,0,1,0,1
6930131,CA,050394,2023,1,0,0,0,0
6930133,CA,050488,2025,1,1,0,0,1
6930159,CA,050498,2025,1,1,0,0,1
6930182,CA,051307,2025,0,0,0,0,0
6930190,CA,050315,2025,1,0,1,0,1
6930203,CA,050257,2025,0,1,1,0,0
6930206,CA,050778,2025,1,1,1,0,1
6930210,CA,050455,2025,1,0,1,0,1
6930243,CA,050139,2025,1,1,1,0,1
6930268,CA,050133,2025,1,0,1,0,1
6930272,CA,050603,2022,1,1,0,0,1
6930274,CA,050121,2025,1,0,1,0,1
6930275,CA,050320,2025,1,1,1,1,0
6930290,CA,050305,2025,1,1,0,0,1
6930315,CA,050007,2025,1,1,0,0,1
6930322,CA,051324,2024,1,0,1,0,0
6930325,CA,051339,2025,1,0,1,0,0
6930340,CA,050235,2025,1,1,1,0,1
6930374,CA,050780,2023,0,1,1,0,1
6930376,CA,050766,2025,1,1,0,0,1
6930379,CA,050481,2025,1,1,1,0,1
6930385,CA,050145,2022,1,1,1,0,1
6930391,CA,051330,2025,1,0,1,0,1
6930399,CA,050782,2024,1,0,0,0,0
6930401,CA,050586,2025,0,0,1,0,1
6930403,CA,050367,2025,1,0,1,0,1
6930405,CA,050222,2025,1,1,1,0,1
6930409,CA,050770,2025,1,1,1,0,1
6930413,CA,050512,2025,1,1,1,1,0
6930422,CA,050767,2025,1,1,1,1,0
6930425,CA,051317,2025,1,0,1,0,1
6930444,CA,050625,2025,1,1,1,1,0
6930480,CA,050496,2024,1,1,0,0,1
6930500,CA,050234,2025,1,1,1,0,1
6930520,CA,050417,2025,1,1,0,0,1
6930540,CA,050752,2022,0,1,1,0,1
6930548,CA,050537,2025,1,1,0,0,1
6930555,CA,050608,2025,1,0,1,0,1
6930590,CA,050146,2025,0,1,0,0,1
6930648,CA,050503,2025,1,0,1,1,0
6930651,CA,050158,2025,0,0,1,0,1
6930660,CA,050115,2025,1,0,1,0,0
6930689,CA,050382,2025,0,1,1,1,0
6930690,CA,050701,2025,1,0,1,0,0
6930706,CA,050779,2025,1,0,1,0,1
6930707,CA,050777,2025,1,1,1,1,0
6930734,CA,050414,2025,1,0,1,0,1
6930737,CA,050140,2025,1,1,1,0,1
6930739,CA,051305,2025,1,0,1,0,0
6930740,CA,051325,2025,1,0,1,0,1
6930745,CA,051318,2025,1,1,1,0,1
6930775,CA,050678,2022,1,1,0,0,1
6930780,CA,050167,2025,1,0,1,0,1
6930790,CA,050060,2025,1,1,1,1,0
6930810,CA,050093,2024,0,0,1,1,0
6930814,CA,053300,2025,0,1,1,0,1
6930819,CA,051309,2025,0,1,1,0,0
6930823,CA,050168,2025,1,1,1,0,1
6930827,CA,050468,2024,0,0,1,0,1
6930830,CA,050688,2025,1,1,1,0,1
6930831,CA,050239,2025,1,0,1,0,1
6930833,CA,050230,2025,0,0,1,0,1
6930835,CA,050124,2025,1,0,1,1,0
6930850,CA,050058,2025,1,0,1,0,1
6930859,CA,050597,2025,0,1,1,1,0
6930869,CA,050855,2025,1,1,1,0,1
6930875,CA,050150,2025,1,0,1,0,1
6930887,CA,050026,2025,1,1,1,0,1
6930889,CA,050636,2025,1,0,1,0,0
6930925,CA,050411,2025,1,1,1,0,1
6930950,CA,051321,2025,1,1,1,0,1
6930970,CA,051337,2023,0,0,0,0,1
6931002,CA,050526,2025,0,0,1,0,1
6931050,CA,050739,2025,0,0,1,0,1
6931055,CA,050561,2025,1,1,1,0,1
6931075,CA,050014,2025,1,1,0,0,1
6931085,CA,051336,2025,1,0,0,1,0
6931130,CA,050324,2025,1,0,1,1,0
6931140,CA,050424,2025,1,0,1,1,0
6931145,CA,051312,2025,0,0,1,1,0
6931160,CA,051329,2025,1,1,0,0,1
6931173,CA,050515,2025,1,1,1,0,1
6931175,CA,050580,2025,0,0,1,0,1
6931178,CA,050056,2025,1,0,1,0,0
6931180,CA,050204,2024,1,0,1,0,0
6931300,CA,050110,2023,0,0,1,0,0
6931360,CA,050191,2025,1,0,1,0,1
6931370,CA,050485,2022,1,1,0,0,1
6931387,CA,050641,2023,0,0,1,0,1
6931440,CA,050149,2025,1,0,1,0,1
6931540,CA,050471,2025,1,0,0,0,1
6931580,CA,050373,2022,0,0,1,0,0
6931585,CA,050660,2025,1,0,1,1,0
6931630,CA,050238,2025,1,0,1,1,0
6931670,CA,050063,2024,0,0,1,1,0
6931755,CA,050262,2025,1,1,1,0,1
6931770,CA,050103,2025,1,0,1,0,1
6931781,CA,050528,2025,1,1,0,0,1
6931790,CA,050104,2025,0,0,1,0,1
6931795,CA,050568,2022,0,0,1,0,0
6931840,CA,050740,2025,1,1,1,1,0
6931850,CA,051304,2023,1,0,0,0,0
6931860,CA,050276,2022,1,1,0,0,0
6931915,CA,050567,2025,1,1,1,0,1
6931929,CA,050557,2025,1,1,0,0,1
6932000,CA,050758,2025,0,0,1,0,1
6932032,CA,051319,2025,1,0,1,0,1
6932050,CA,050009,2025,1,1,1,0,1
6932080,CA,050024,2025,0,0,1,0,1
6932116,CA,050195,2025,1,1,1,1,0
6932118,CA,050116,2025,1,0,1,0,1
6932123,CA,050131,2025,1,1,0,0,1
6932267,CA,050128,2025,1,1,1,0,0
6932287,CA,053304,2024,1,1,1,0,1
6932290,CA,050348,2025,0,0,0,0,0
6932300,CA,050069,2025,1,1,1,0,1
6932310,CA,050082,2025,1,0,1,0,1
6932324,CA,050573,2025,1,1,1,0,1
6932330,CA,050441,2025,1,1,1,1,0
6932350,CA,050438,2025,1,1,1,1,0
6932412,CA,050136,2025,1,1,1,0,1
6932440,CA,050254,2024,1,1,1,0,1
6932450,CA,050231,2023,1,0,1,1,0
6932466,CA,050261,2025,0,0,1,0,1
6932470,CA,051300,2024,1,0,1,0,0
6932485,CA,051326,2025,1,0,1,0,1
6932500,CA,050042,2025,1,0,1,0,1
6932520,CA,050280,2025,1,0,1,0,1
6932525,CA,050764,2025,0,0,1,0,1
6932530,CA,050272,2022,0,0,1,0,1
6932551,CA,050541,2025,1,1,1,1,0
6932555,CA,050197,2025,1,0,1,0,1
6932560,CA,050192,2025,1,0,1,0,1
6932585,CA,050022,2025,1,0,0,1,0
6932595,CA,051333,2025,0,0,1,0,1
6932605,CA,050686,2025,1,1,1,0,1
6932645,CA,050309,2025,1,1,0,0,1
6932662,CA,050425,2025,1,1,1,1,0
6932670,CA,050017,2025,1,0,1,0,1
6932672,CA,050590,2025,1,0,1,0,1
6932673,CA,050674,2025,1,1,1,1,0
6932680,CA,050599,2025,1,1,1,0,1
6932720,CA,050248,2025,1,1,1,1,0
6932745,CA,050334,2023,1,1,1,0,1
6932750,CA,051332,2025,1,0,1,0,1
6932760,CA,050129,2025,1,0,1,0,1
6932765,CA,050089,2025,1,0,1,0,1
6932770,CA,050245,2025,1,1,1,0,1
6932775,CA,053303,2025,1,0,1,0,1
6932779,CA,050757,2023,1,1,1,0,1
6932785,CA,050100,2025,1,1,1,0,1
6932810,CA,050077,2025,1,0,1,1,0
6932820,CA,050025,2025,1,1,1,0,1
6932850,CA,050588,2025,0,0,1,0,1
6932860,CA,050278,2025,1,1,1,0,1
6932900,CA,050008,2025,1,1,0,0,1
6933020,CA,050152,2024,1,0,1,0,1
6933040,CA,050055,2025,1,1,0,0,1
6933050,CA,050457,2024,1,0,1,0,1
6933060,CA,050228,2025,1,1,0,0,1
6933180,CA,050013,2025,1,0,1,0,1
6933199,CA,050125,2025,1,1,1,0,1
6933210,CA,050153,2025,1,1,1,0,1
6933235,CA,050604,2025,1,1,1,1,0
6933240,CA,050038,2025,1,1,1,0,1
6933270,CA,050232,2025,1,0,1,0,1
6933295,CA,050506,2025,1,1,1,0,1
6933310,CA,050113,2025,0,1,1,0,0
6933340,CA,050078,2025,1,1,1,0,1
6933370,CA,050360,2025,1,1,0,0,1
6933375,CA,050396,2025,1,1,1,0,1
6933401,CA,050357,2025,1,1,1,0,1
6933402,CA,050071,2025,1,1,1,1,0
6933440,CA,050107,2025,1,0,1,0,1
6933450,CA,050290,2025,1,1,1,0,1
6933460,CA,050112,2025,1,1,1,0,1
6933461,CA,051314,2025,1,0,1,0,0
6933480,CA,050291,2025,1,1,0,0,1
6933488,CA,050624,2025,1,0,1,1,0
6933505,CA,050236,2025,1,0,1,0,1
6933516,CA,050755,2025,0,0,1,0,1
6933520,CA,050090,2024,1,1,1,1,0
6933525,CA,051331,2025,1,1,1,0,1
6933533,CA,050335,2025,1,0,1,0,1
6933580,CA,050070,2025,1,1,1,1,0
6933605,CA,053305,2025,1,1,1,1,0
6933610,CA,050122,2024,0,0,1,1,0
6933620,CA,050084,2025,1,0,1,0,1
6933645,CA,051320,2024,1,0,1,0,1
6933659,CA,050352,2023,1,1,0,0,0
6933670,CA,050761,2025,1,1,1,0,1
6933672,CA,050549,2025,1,0,0,1,0
6933675,CA,051301,2025,1,0,1,0,1
6933679,CA,050351,2025,1,1,1,1,0
6933681,CA,050353,2025,1,1,1,0,1
6933683,CA,050376,2025,0,0,0,0,0
6933685,CA,050313,2025,1,1,0,0,1
6933687,CA,050633,2025,1,1,1,0,1
6933700,CA,051328,2025,0,1,1,0,1
6933721,CA,050784,2025,1,0,1,1,0
6933735,CA,050301,2025,1,0,1,0,1
6933750,CA,050099,2025,1,0,1,1,0
6933755,CA,050073,2025,1,1,1,1,0
6933777,CA,050101,2025,1,1,0,0,1
6933784,CA,050137,2025,1,1,1,0,1
6933804,CA,050126,2025,1,0,1,1,0
6933820,CA,050159,2024,1,0,1,0,0
6933850,CA,050057,2025,1,0,1,1,0
6933853,CA,050180,2024,1,1,0,0,1
6933885,CA,050169,2025,1,0,0,0,1
6933889,CA,051310,2025,1,0,1,0,1
6933910,CA,050127,2025,1,0,1,0,1
6933915,CA,050677,2025,1,1,1,0,1
6933940,CA,051316,2023,0,0,1,0,0
6939111,CA,050492,2025,1,1,1,1,0
6939972,CA,050517,2022,0,0,0,0,1
6940010,AK,020026,2024,1,0,1,0,1
6940015,AK,020017,2025,1,0,1,1,0
6940020,AK,020001,2025,1,1,1,0,1
6940050,AK,021307,2025,1,0,1,0,0
6940058,AK,020012,2023,1,0,1,0,0
6940085,AK,020008,2025,0,1,1,0,0
6940090,AK,021309,2022,1,0,1,0,0
6940100,AK,021311,2023,1,1,1,1,0
6940110,AK,021306,2025,1,1,1,0,1
6940160,AK,021304,2023,1,0,1,0,0
6940180,AK,021302,2025,1,1,1,0,1
6940215,AK,020024,2025,1,1,1,0,0
6940230,AK,021301,2025,1,1,1,0,1
6949030,AK,021313,2025,1,0,1,0,0
6950001,HI,120026,2025,1,1,1,1,0
6950003,HI,120028,2025,1,0,1,0,1
6950070,HI,120019,2025,0,1,1,0,0
6950190,HI,120014,2025,1,1,1,1,0
6950275,HI,121308,2024,0,0,0,0,0
6950290,HI,120002,2022,1,1,1,0,0
6950295,HI,121303,2025,0,1,1,0,1
6950330,HI,120011,2025,1,1,1,1,0
6950335,HI,123300,2025,1,1,1,1,0
6950360,HI,120007,2025,1,0,1,0,1
6950380,HI,120001,2025,1,1,1,1,0
6950405,HI,120022,2025,1,1,1,1,0
6950425,HI,120006,2025,1,0,1,0,1
