facility_id,facility_name,measure_id,mstate,year,tefca_status,score,denominator,fitted_value,residual,studentized_residual,hat_value,cooks_distance,cooks_flag,leverage_flag,hat_near_one_flag,studentized_residual_flag
080001,CHRISTIANA HOSPITAL,Hybrid_HWM,DE,2023,Planned TEFCA,3,7869,3.807364913119319,-0.8073649131193189,-2.2792966072699383,0.3405482915131554,0.04759371374674292,TRUE,TRUE,FALSE,FALSE
080003,ST FRANCIS HOSPITAL,Hybrid_HWM,DE,2024,Planned TEFCA,4.7,348,4.028168395213375,0.6718316047866254,1.8880477963796416,0.33621013917884546,0.03211201654242057,TRUE,TRUE,FALSE,FALSE
251337,TIPPAH COUNTY HOSPITAL,Hybrid_HWM,MS,2024,Planned TEFCA,5.8,112,4.829221118968438,0.9707788810315614,2.5063102065351934,0.21013394199580115,0.029595595592222763,TRUE,TRUE,FALSE,FALSE
300034,CATHOLIC MEDICAL CENTER,Hybrid_HWM,NH,2024,Current TEFCA,3.3,1790,4.063086525848762,-0.7630865258487625,-2.035969851485633,0.2628840381995771,0.026268622336741505,TRUE,TRUE,FALSE,FALSE
301301,COTTAGE HOSPITAL,Hybrid_HWM,NH,2023,Neither current nor planned,4.9,113,4.253273614688703,0.6467263853112978,1.7203509874080192,0.2598318855740565,0.01849566711878301,TRUE,TRUE,FALSE,FALSE
291308,HUMBOLDT GENERAL HOSPITAL,Hybrid_HWM,NV,2023,Neither current nor planned,5.3,102,4.58910593555953,0.7108940644404693,1.8359943468524307,0.21427467074579915,0.01635446139380364,TRUE,TRUE,FALSE,FALSE
110035,WELLSTAR KENNESTONE REGIONAL MEDICAL CENTER,Hybrid_HWM,GA,2023,Neither current nor planned,3,4045,4.218370501469157,-1.2183705014691573,-2.9352230262492705,0.08958542542338988,0.014959423210788728,TRUE,FALSE,FALSE,FALSE
220071,MASSACHUSETTS GENERAL HOSPITAL,Hybrid_HWM,MA,2023,Planned TEFCA,2,5981,3.3505312069885616,-1.3505312069885618,-3.2246722512952415,0.07059702665659133,0.013899036120542134,TRUE,FALSE,FALSE,TRUE
510024,MON HEALTH MEDICAL CENTER,Hybrid_HWM,WV,2024,Neither current nor planned,4.8,948,4.257143189186449,0.5428568108135506,1.446908547493928,0.26375756105387627,0.013369985777577512,TRUE,TRUE,FALSE,FALSE
330103,OLEAN GENERAL HOSPITAL,Hybrid_HWM,NY,2023,Planned TEFCA,5.5,637,3.977159508802226,1.522840491197774,3.6109964742670217,0.05376980659203299,0.012985265769296777,TRUE,FALSE,FALSE,TRUE
370008,NORMAN REGIONAL,Hybrid_HWM,OK,2024,Planned TEFCA,5.5,2302,4.171555193117033,1.328444806882967,3.1641505647865187,0.06657796541424002,0.012573569685664726,TRUE,FALSE,FALSE,TRUE
010092,DCH REGIONAL MEDICAL CENTER,Hybrid_HWM,AL,2023,Planned TEFCA,5.3,1849,4.270734923004948,1.029265076995052,2.491630814076586,0.10170335127897347,0.012449368442374783,TRUE,FALSE,FALSE,FALSE
440065,TRISTAR NORTHCREST MEDICAL CENTER,Hybrid_HWM,TN,2024,Neither current nor planned,4.2,349,4.733989136154011,-0.5339891361540108,-1.4154755536907746,0.25572900734542336,0.012273821141548338,TRUE,TRUE,FALSE,FALSE
131328,BONNER GENERAL HOSPITAL,Hybrid_HWM,ID,2023,Neither current nor planned,5.6,200,4.642590926076307,0.9574090739236923,2.324076846918747,0.10776534025126636,0.011569461461131277,TRUE,FALSE,FALSE,FALSE
020012,FAIRBANKS MEMORIAL HOSPITAL,Hybrid_HWM,AK,2023,Neither current nor planned,4.8,624,4.28692750182287,0.5130724981771302,1.3588336473508396,0.2546014109249764,0.01124704120109576,TRUE,TRUE,FALSE,FALSE
030103,MAYO CLINIC HOSPITAL,Hybrid_HWM,AZ,2023,Planned TEFCA,2.6,4339,3.7749435116372285,-1.1749435116372284,-2.8056091281768154,0.07436633994017651,0.011171956717897733,TRUE,FALSE,FALSE,FALSE
150097,MAJOR HOSPITAL,Hybrid_HWM,IN,2023,Planned TEFCA,3.4,290,4.256193099400344,-0.8561930994003442,-2.094223848900209,0.12261160279291648,0.01088650265558013,TRUE,FALSE,FALSE,FALSE
530015,ST JOHNS MEDICAL CENTER,Hybrid_HWM,WY,2024,Neither current nor planned,3.6,423,4.379590087245448,-0.7795900872454478,-1.9259471095328695,0.14083203056697213,0.010811228406114842,TRUE,FALSE,FALSE,FALSE
330185,JOHN T MATHER MEMORIAL HOSPITAL  OF PORT JEFFERSON,Hybrid_HWM,NY,2023,Neither current nor planned,2.8,1964,4.159905013598511,-1.3599050135985116,-3.220973481445668,0.05552002614602235,0.01073194515510695,TRUE,FALSE,FALSE,TRUE
190090,WINN PARISH MEDICAL CENTER,Hybrid_HWM,LA,2023,Current TEFCA,6,86,5.11899493324357,0.8810050667564298,2.145867502621338,0.11489541279452625,0.010613715919403606,TRUE,FALSE,FALSE,FALSE
190267,AVALA,Hybrid_HWM,LA,2023,Planned TEFCA,4,120,4.933713189864202,-0.9337131898642017,-2.2560984687908325,0.0999133155115291,0.010024871741231267,TRUE,FALSE,FALSE,FALSE
190218,SABINE MEDICAL CENTER,Hybrid_HWM,LA,2023,Neither current nor planned,5.8,72,4.891648111503032,0.9083518884969685,2.199063440500897,0.10374111846853347,0.009935491785302208,TRUE,FALSE,FALSE,FALSE
180013,THE MEDICAL CENTER (BOWLING GREEN),Hybrid_HWM,KY,2024,Neither current nor planned,5.4,1537,4.655674762743107,0.7443252372568928,1.8389939038149956,0.14142927198453042,0.009910824371577375,TRUE,FALSE,FALSE,FALSE
040088,SOUTH ARKANSAS REGIONAL HOSPITAL LLC,Hybrid_HWM,AR,2024,Neither current nor planned,5.4,444,4.6241052913449945,0.7758947086550058,1.9037479946892717,0.12911073993285535,0.009555187668638507,TRUE,FALSE,FALSE,FALSE
490045,NOVANT PRINCE WILLIAM MEDICAL CENTER,Hybrid_HWM,VA,2023,Current TEFCA,5.2,705,4.069617840224152,1.1303821597758488,2.689009959298142,0.06826680737715687,0.00936858902203926,TRUE,FALSE,FALSE,FALSE
440057,CLAIBORNE MEDICAL CENTER,Hybrid_HWM,TN,2024,Planned TEFCA,5,122,4.545651650265109,0.45434834973489124,1.2067014807592236,0.25924390547624043,0.00909354330359831,TRUE,TRUE,FALSE,FALSE
420027,ANMED HEALTH,Hybrid_HWM,SC,2024,Current TEFCA,4.5,2048,3.789195383186838,0.7108046168131616,1.7555790122120956,0.14125042380870798,0.00902306962456893,TRUE,FALSE,FALSE,FALSE
171333,CLARA BARTON HOSPITAL,Hybrid_HWM,KS,2024,Planned TEFCA,5.7,152,4.520550203758749,1.1794497962412518,2.7927051137290224,0.058718823758492515,0.008595965419461166,TRUE,FALSE,FALSE,FALSE
250172,HIGHLAND HILLS MEDICAL CENTER,Hybrid_HWM,MS,2023,Neither current nor planned,4.5,65,5.014233766908013,-0.5142337669080125,-1.3193841082396067,0.2059091474490599,0.0080510695140871991,TRUE,TRUE,FALSE,FALSE
370006,INTEGRIS HEALTH PONCA CITY,Hybrid_HWM,OK,2023,Neither current nor planned,5.4,332,4.248604598724229,1.1513954012757717,2.723161283001128,0.057126957760133025,0.00794293082660219,TRUE,FALSE,FALSE,FALSE
370091,"SAINT FRANCIS HOSPITAL, INC",Hybrid_HWM,OK,2023,Neither current nor planned,3.2,4044,4.248301520314426,-1.0483015203144253,-2.488301758438027,0.06569691479457904,0.0077115020952353616,TRUE,FALSE,FALSE,FALSE
180102,MERCY HEALTH - LOURDES HOSPITAL,Hybrid_HWM,KY,2024,Planned TEFCA,3.7,1071,4.415105595928292,-0.7151055959282924,-1.7446661507416819,0.1199720632085351,0.0073862619029614884,TRUE,FALSE,FALSE,FALSE
521357,MERCY WALWORTH HOSPITAL & MEDICAL CENTER,Hybrid_HWM,WI,2024,Current TEFCA,5.1,210,4.389925815452662,0.7100741845473384,1.7312656285296597,0.1188921830235664,0.00719945764221308,TRUE,FALSE,FALSE,FALSE
031317,LA PAZ REGIONAL HOSPITAL,Hybrid_HWM,AZ,2023,Neither current nor planned,5,87,4.14725322284195,0.8527467771580493,2.041637034259125,0.08456026169956536,0.006841386254862273,TRUE,FALSE,FALSE,FALSE
381304,SOUTHERN COOS HOSPITAL & HEALTH CENTER,Hybrid_HWM,OR,2024,Planned TEFCA,5.3,113,4.275184542247477,1.024815457752523,2.425789264525558,0.06092950293408513,0.006765808753852944,TRUE,FALSE,FALSE,FALSE
190313,NEW ORLEANS EAST HOSPITAL,Hybrid_HWM,LA,2023,Planned TEFCA,4.1,35,4.83939254998826,-0.7393925499882611,-1.7897908129636448,0.10579913612306334,0.0067446471249898235,TRUE,FALSE,FALSE,FALSE
220066,MERCY MEDICAL CTR,Hybrid_HWM,MA,2024,Current TEFCA,4.7,814,3.8077960217911455,0.8922039782088548,2.1282416824297488,0.07726122568315147,0.006734874447025031,TRUE,FALSE,FALSE,FALSE
050110,LOMPOC VALLEY MEDICAL CENTER,Hybrid_HWM,CA,2023,Neither current nor planned,5.5,423,4.328738714996015,1.1712612850039852,2.7547552166352016,0.04630461557013158,0.006511928725731093,TRUE,FALSE,FALSE,FALSE
330055,NEW YORK-PRESBYTERIAN/QUEENS,Hybrid_HWM,NY,2023,Planned TEFCA,2.8,2225,3.858206409624292,-1.058206409624292,-2.4947752170125987,0.05284455481081445,0.006150290631571462,TRUE,FALSE,FALSE,FALSE
150012,SAINT JOSEPH REGIONAL MEDICAL CENTER,Hybrid_HWM,IN,2024,Current TEFCA,4.7,1210,4.0597944901881355,0.6402055098118651,1.5638452562569984,0.12295071336398905,0.006108281018609732,TRUE,FALSE,FALSE,FALSE
490144,UVA HEALTH HAYMARKET MEDICAL CENTER,Hybrid_HWM,VA,2023,Current TEFCA,5,549,4.088285606627838,0.9117143933721622,2.1646420452312722,0.06836872255758968,0.006104978052048318,TRUE,FALSE,FALSE,FALSE
140210,HARRISBURG MEDICAL CENTER,Hybrid_HWM,IL,2024,Neither current nor planned,5.3,105,4.286290162351997,1.0137098376480032,2.3934469052751264,0.05640218237511151,0.006069410557922618,TRUE,FALSE,FALSE,FALSE
030006,TUCSON MEDICAL CENTER,Hybrid_HWM,AZ,2023,Planned TEFCA,4.7,3349,3.7686783737208547,0.9313216262791457,2.207473709298339,0.06495129761280091,0.006007805780494031,TRUE,FALSE,FALSE,FALSE
131305,STEELE MEMORIAL MEDICAL CENTER,Hybrid_HWM,ID,2023,Neither current nor planned,4,114,4.684548268952048,-0.6845482689520479,-1.658153750992999,0.10764308220581341,0.005906282679265651,TRUE,FALSE,FALSE,FALSE
430016,AVERA MCKENNAN HOSPITAL & UNIVERSITY HEALTH CENTER,Hybrid_HWM,SD,2024,Neither current nor planned,3.2,2254,4.062544558881115,-0.8625445588811145,-2.0490611257566345,0.07013355516445492,0.005626585499433551,FALSE,FALSE,FALSE,FALSE
281318,MORRILL COUNTY COMMUNITY HOSPITAL,Hybrid_HWM,NE,2023,Neither current nor planned,5.2,65,4.4249620329695745,0.7750379670304258,1.854025188009416,0.08406704407102565,0.005612308074022972,FALSE,FALSE,FALSE,FALSE
100073,HOLY CROSS HOSPITAL,Hybrid_HWM,FL,2024,Current TEFCA,4.8,2051,3.925678365263782,0.8743216347362178,2.074918236744372,0.06807629827412577,0.005586950302635236,FALSE,FALSE,FALSE,FALSE
161329,JACKSON COUNTY REGIONAL HEALTH CENTER,Hybrid_HWM,IA,2024,Current TEFCA,5.8,34,4.632043210492141,1.1679567895078586,2.737246257782028,0.03965153435820969,0.005468308346587289,FALSE,FALSE,FALSE,FALSE
420023,ST FRANCIS-DOWNTOWN,Hybrid_HWM,SC,2024,Planned TEFCA,3.1,2642,3.687301878909038,-0.5873018789090381,-1.4378836867721496,0.12745080556104837,0.005383722445343892,FALSE,FALSE,FALSE,FALSE
070022,YALE-NEW HAVEN HOSPITAL,Hybrid_HWM,CT,2024,Planned TEFCA,2.9,4285,3.549840414661708,-0.6498404146617083,-1.5739859089603605,0.10791506404918286,0.005339249755610868,FALSE,FALSE,FALSE,FALSE
511311,HAMPSHIRE MEMORIAL HOSPITAL,Hybrid_HWM,WV,2024,Planned TEFCA,3.8,81,4.148368647647195,-0.34836864764719544,-0.9223075781376877,0.2552515931717046,0.00520744343873714,FALSE,TRUE,FALSE,FALSE
040069,GREAT RIVER MEDICAL CENTER,Hybrid_HWM,AR,2024,Current TEFCA,4.1,51,4.627320123743432,-0.5273201237434322,-1.3045058207219533,0.14587489454205435,0.00518421986083963,FALSE,FALSE,FALSE,FALSE
521331,BURNETT MEDICAL CENTER,Hybrid_HWM,WI,2023,Neither current nor planned,4.1,36,4.717432051657023,-0.6174320516570235,-1.4979727788646366,0.11119684575168028,0.005003302661563127,FALSE,FALSE,FALSE,FALSE
330141,LONG ISLAND COMMUNITY HOSPITAL,Hybrid_HWM,NY,2023,Current TEFCA,3.1,1432,3.9995800612795747,-0.8995800612795747,-2.1240248807780704,0.058239229437237576,0.004954629807582704,FALSE,FALSE,FALSE,FALSE
171376,GIRARD MEDICAL CENTER,Hybrid_HWM,KS,2023,Neither current nor planned,5.6,79,4.687458238149358,0.912541761850641,2.152113383450562,0.055858599626779006,0.004865400531924161,FALSE,FALSE,FALSE,FALSE
381309,LAKE DISTRICT HOSPITAL,Hybrid_HWM,OR,2023,Neither current nor planned,5.3,90,4.410974764846143,0.8890252351538566,2.0978258960375533,0.057255064847157006,0.004747345207953775,FALSE,FALSE,FALSE,FALSE
370016,INTEGRIS HEALTH ENID HOSPITAL,Hybrid_HWM,OK,2023,Planned TEFCA,5,448,4.093802803088698,0.9061971969113024,2.136209643286538,0.05512763801998661,0.004727871486731685,FALSE,FALSE,FALSE,FALSE
290001,RENOWN REGIONAL MEDICAL CENTER,Hybrid_HWM,NV,2023,Neither current nor planned,3.7,3622,4.084425781328555,-0.38442578132855487,-0.9897756978135567,0.21236919714424032,0.00471702624452109,FALSE,TRUE,FALSE,FALSE
041309,LAWRENCE MEMORIAL HOSPITAL,Hybrid_HWM,AR,2023,Neither current nor planned,4.3,29,4.839731008177107,-0.5397310081771074,-1.3238569689921305,0.13109520794377663,0.004716222778458341,FALSE,FALSE,FALSE,FALSE
030088,BANNER BAYWOOD MEDICAL CENTER,Hybrid_HWM,AZ,2024,Planned TEFCA,4.9,1779,3.990222354309923,0.9097776456900776,2.143892465506788,0.054411133592296546,0.004696244909892385,FALSE,FALSE,FALSE,FALSE
180044,PIKEVILLE MEDICAL CENTER,Hybrid_HWM,KY,2023,Planned TEFCA,5,977,4.433926773770939,0.5660732262290604,1.3793131470193016,0.11931326470845238,0.004596086442419164,FALSE,FALSE,FALSE,FALSE
210016,ADVENTIST HEALTHCARE WHITE OAK MEDICAL CENTER,Hybrid_HWM,MD,2023,Neither current nor planned,3.6,1667,4.124465784077492,-0.5244657840774912,-1.2885262968325637,0.13406702351104569,0.004585480711784504,FALSE,FALSE,FALSE,FALSE
070016,SAINT MARY'S HOSPITAL,Hybrid_HWM,CT,2024,Current TEFCA,4.4,767,3.8123289031089946,0.5876710968910058,1.4230126033512238,0.10805767079434546,0.004373688571768239,FALSE,FALSE,FALSE,FALSE
310011,CAPE REGIONAL MEDICAL CENTER INC,Hybrid_HWM,NJ,2024,Neither current nor planned,4.4,1210,3.9846879328952114,0.4153120671047891,1.0473284344913707,0.1788268445184335,0.004264906027176474,FALSE,TRUE,FALSE,FALSE
450346,BAPTIST BEAUMONT HOSPITAL,Hybrid_HWM,TX,2024,Neither current nor planned,5.2,1201,4.2535223629508945,0.946477637049106,2.2213800038991938,0.04623188671451515,0.004244962658727523,FALSE,FALSE,FALSE,FALSE
440152,REGIONAL ONE HEALTH,Hybrid_HWM,TN,2023,Neither current nor planned,5.1,272,4.790898632513905,0.3091013674860953,0.8208702783636678,0.2600287912307485,0.004230491101709219,FALSE,TRUE,FALSE,FALSE
371330,MANGUM REGIONAL MEDICAL CENTER,Hybrid_HWM,OK,2024,Neither current nor planned,3.7,46,4.518522843760248,-0.8185228437602485,-1.9330497601328698,0.05978238987739309,0.004224499465564932,FALSE,FALSE,FALSE,FALSE
051316,FAIRCHILD MEDICAL CENTER,Hybrid_HWM,CA,2023,Neither current nor planned,5.3,293,4.356147004889815,0.9438529951101851,2.215069394883553,0.04614400369139893,0.004212651203407161,FALSE,FALSE,FALSE,FALSE
100002,BETHESDA HOSPITAL EAST,Hybrid_HWM,FL,2023,Planned TEFCA,4.8,2588,3.998093682374968,0.8019063176250317,1.8954688815728216,0.06164148327915891,0.004197395483452117,FALSE,FALSE,FALSE,FALSE
370097,SOUTHWESTERN MEDICAL CENTER,Hybrid_HWM,OK,2024,Planned TEFCA,5.1,270,4.3322632520866815,0.7677367479133183,1.81829090051448,0.06576206046130981,0.004140780504105263,FALSE,FALSE,FALSE,FALSE
100314,WEST KENDALL BAPTIST HOSPITAL,Hybrid_HWM,FL,2023,Planned TEFCA,3.1,540,3.928772524900771,-0.8287725249007707,-1.954364033563283,0.05687549698783841,0.004095010114585605,FALSE,FALSE,FALSE,FALSE
210032,UNION HOSPITAL OF CECIL COUNTY,Hybrid_HWM,MD,2023,Planned TEFCA,4.4,962,3.8987117255132864,0.5012882744867141,1.227389970119184,0.12835151011080223,0.003958133623198343,FALSE,FALSE,FALSE,FALSE
230022,INSIGHT HOSPITAL AND MEDICAL CENTER COLDWATER,Hybrid_HWM,MI,2023,Planned TEFCA,4.9,273,4.022386123484928,0.87761387651507194,2.0617955145364912,0.049135291584686464,0.0039026552061945884,FALSE,FALSE,FALSE,FALSE
460007,CEDAR CITY HOSPITAL,Hybrid_HWM,UT,2023,Planned TEFCA,5.1,222,4.1271217771748425,0.9728782228251571,2.2767122517360954,0.04029530937828249,0.003860942771673563,FALSE,FALSE,FALSE,FALSE
330229,"BROOKS-TLC HOSPITAL SYSTEM, INC",Hybrid_HWM,NY,2023,Planned TEFCA,4.9,123,4.099913657613909,0.8000863423860916,1.886795353639939,0.05733665579514272,0.003851145915322529,FALSE,FALSE,FALSE,FALSE
531309,NORTH BIG HORN HOSPITAL DISTRICT,Hybrid_HWM,WY,2023,Planned TEFCA,4.9,66,4.42337827200939,0.47662172799061076,1.1701136432735457,0.13317951815082538,0.0037542563525727914,FALSE,FALSE,FALSE,FALSE
330277,CORNING HOSPITAL,Hybrid_HWM,NY,2023,Planned TEFCA,4.8,509,3.968307264591875,0.8316927354081248,1.9561664213709502,0.05195647322868863,0.003728258923266874,FALSE,FALSE,FALSE,FALSE
390174,THOMAS JEFFERSON UNIVERSITY HOSPITAL,Hybrid_HWM,PA,2023,Current TEFCA,3,3106,3.8665764742779447,-0.8665764742779446,-2.0345507866727304,0.04807283878478212,0.003714524791453883,FALSE,FALSE,FALSE,FALSE
220101,NEWTON-WELLESLEY HOSPITAL,Hybrid_HWM,MA,2023,Planned TEFCA,2.7,3229,3.3965413067829555,-0.6965413067829556,-1.6520718071762117,0.0693160634411829,0.0036200981665137047,FALSE,FALSE,FALSE,FALSE
141347,CARLINVILLE AREA HOSPITAL,Hybrid_HWM,IL,2023,Neither current nor planned,3.7,82,4.4774027409346875,-0.7774027409346874,-1.832230513869368,0.05653420233973678,0.003578888950176926,FALSE,FALSE,FALSE,FALSE
420110,ROPER ST FRANCIS HOSPITAL-BERKELEY INC,Hybrid_HWM,SC,2024,Planned TEFCA,4.3,417,3.825105223982404,0.47489477601759594,1.1629740946838276,0.12887416461374568,0.003571050568124283,FALSE,FALSE,FALSE,FALSE
341314,WASHINGTON COUNTY HOSP INC,Hybrid_HWM,NC,2023,Neither current nor planned,5.4,43,4.5512833894520375,0.8487166105479628,1.9921293007569532,0.04785938865541399,0.0035455818250361396,FALSE,FALSE,FALSE,FALSE
531304,HOT SPRINGS COUNTY MEMORIAL HOSPITAL,Hybrid_HWM,WY,2023,Neither current nor planned,4.1,73,4.54828895156775,-0.4482889515677502,-1.1044700780506946,0.13951427956863152,0.0035305676444034964,FALSE,FALSE,FALSE,FALSE
410008,SOUTH COUNTY HOSPITAL INC,Hybrid_HWM,RI,2023,Neither current nor planned,4.4,863,4.5338385696358205,-0.13383856963582058,-0.43555595857752466,0.5076144639562497,0.003496899316287695,FALSE,TRUE,FALSE,FALSE
410013,WESTERLY HOSPITAL,Hybrid_HWM,RI,2024,Planned TEFCA,4.4,528,4.26616143036418,0.13383856963582055,0.43555595857752416,0.5076144639562488,0.003496899316287674,FALSE,TRUE,FALSE,FALSE
300023,EXETER HOSPITAL INC,Hybrid_HWM,NH,2023,Neither current nor planned,4.4,1024,4.114353626086243,0.28564637391375797,0.7556655595043354,0.2544275420578002,0.0034820818920239184,FALSE,TRUE,FALSE,FALSE
070018,GREENWICH HOSPITAL ASSOCIATION -,Hybrid_HWM,CT,2024,Planned TEFCA,3.1,1478,3.6292910142480084,-0.5292910142480081,-1.2799395332462764,0.10621801280397665,0.003473130956491317,FALSE,FALSE,FALSE,FALSE
171310,CHEYENNE COUNTY HOSPITAL,Hybrid_HWM,KS,2023,Neither current nor planned,4,55,4.715230190850329,-0.7152301908503295,-1.6910399603424369,0.06321681018143084,0.0034359213783710474,FALSE,FALSE,FALSE,FALSE
271317,LIVINGSTON HEALTHCARE,Hybrid_HWM,MT,2023,Neither current nor planned,4.6,224,4.148043924724119,0.45195607527588066,1.1105396230299451,0.1348945699631988,0.003432780146412211,FALSE,FALSE,FALSE,FALSE
020026,ALASKA NATIVE MEDICAL CENTER,Hybrid_HWM,AK,2024,Planned TEFCA,3.9,812,4.174806352663347,-0.27480635266334685,-0.7308773682416476,0.2623829069833086,0.0033956605688800654,FALSE,TRUE,FALSE,FALSE
241334,RIVER'S EDGE HOSPITAL & CLINIC,Hybrid_HWM,MN,2023,Neither current nor planned,4.5,326,4.092682866077246,0.40731713392275337,1.0127402764251083,0.15535950488682523,0.0033686549524341177,FALSE,FALSE,FALSE,FALSE
010149,BAPTIST MEDICAL CENTER EAST,Hybrid_HWM,AL,2024,Current TEFCA,3.7,629,4.235848739132979,-0.5358487391329786,-1.2916759171396812,0.10046226893859195,0.0033238833972481464,FALSE,FALSE,FALSE,FALSE
250042,NORTHWEST MISSISSISSIPPI REGIONAL MEDICAL CENTER,Hybrid_HWM,MS,2023,Neither current nor planned,4.7,53,5.029467729987533,-0.32946772998753243,-0.8447167227347323,0.20605065827027474,0.003308349082617298,FALSE,TRUE,FALSE,FALSE
100008,BAPTIST HOSPITAL OF MIAMI,Hybrid_HWM,FL,2023,Planned TEFCA,3.1,1856,3.8366195232428444,-0.7366195232428445,-1.7366693621077731,0.057646252720535966,0.003284178460269811,FALSE,FALSE,FALSE,FALSE
490009,UNIVERSITY OF VIRGINIA MEDICAL CENTER,Hybrid_HWM,VA,2023,Current TEFCA,3.3,3275,3.9549779546159174,-0.6549779546159178,-1.5542597705568382,0.0706945243347417,0.003274306198782847,FALSE,FALSE,FALSE,FALSE
140276,LOYOLA UNIVERSITY MEDICAL CENTER,Hybrid_HWM,IL,2024,Planned TEFCA,4.7,1675,3.9471278540532277,0.7528721459467724,1.772458311469067,0.05476931684335928,0.0032396739392389212,FALSE,FALSE,FALSE,FALSE
330160,STATEN ISLAND UNIVERSITY HOSPITAL,Hybrid_HWM,NY,2024,Neither current nor planned,3.4,3399,4.081403912252036,-0.6814039122520356,-1.6122444018541258,0.06497093492360616,0.0032171794076189955,FALSE,FALSE,FALSE,FALSE
131320,CLEARWATER VALLEY HOSPITAL & CLINICS,Hybrid_HWM,ID,2023,Neither current nor planned,4.2,144,4.693450061867981,-0.49345006186798146,-1.1942578576234653,0.10799601185432586,0.0030814681390128732,FALSE,FALSE,FALSE,FALSE
220010,MERRIMACK HEALTH LAWRENCE HOSPITAL,Hybrid_HWM,MA,2023,Planned TEFCA,4.1,1339,3.4878402813378866,0.6121597186621128,1.4558346008202088,0.07518355569534049,0.0030714143738229476,FALSE,FALSE,FALSE,FALSE
161362,CHEROKEE REGIONAL MEDICAL CENTER,Hybrid_HWM,IA,2024,Neither current nor planned,5.6,129,4.530127928861908,1.0698720711380922,2.4884615705669346,0.026975426298130094,0.0030407557810766465,FALSE,FALSE,FALSE,FALSE
050254,MARSHALL MEDICAL CENTER,Hybrid_HWM,CA,2024,Planned TEFCA,4.8,824,3.9746181198178485,0.8253818801821514,1.9326314070253225,0.04354722083117191,0.003023711685296893,FALSE,FALSE,FALSE,FALSE
371307,CIMARRON MEMORIAL HOSPITAL,Hybrid_HWM,OK,2023,Neither current nor planned,3.9,28,4.619477158581944,-0.7194771585819435,-1.6933080002494205,0.05458500017835427,0.0029475386006792685,FALSE,FALSE,FALSE,FALSE
670078,BAPTIST NEIGHBORHOOD HOSPITAL THOUSAND OAKS,Hybrid_HWM,TX,2024,Neither current nor planned,3.6,131,4.4708413030567415,-0.8708413030567413,-2.034314748585951,0.03845837685628526,0.002941236534203647,FALSE,FALSE,FALSE,FALSE
040039,ARKANSAS METHODIST MEDICAL CENTER,Hybrid_HWM,AR,2023,Neither current nor planned,5.1,285,4.6691609778175165,0.43083902218248343,1.054927084322397,0.12894107623242865,0.0029411923367280157,FALSE,FALSE,FALSE,FALSE
270049,INTERMOUNTAIN HEALTH ST VINCENT REGIONAL HOSPITAL,Hybrid_HWM,MT,2023,Planned TEFCA,3.3,1678,3.730948260068588,-0.4309482600685882,-1.0547363199426432,0.12818458852653247,0.0029203448171674132,FALSE,FALSE,FALSE,FALSE
530012,BANNER WYOMING MEDICAL CENTER,Hybrid_HWM,WY,2024,Planned TEFCA,4.6,1518,4.1773760818410075,0.4226239181589918,1.036442591191858,0.1317324659102305,0.002909986548073684,FALSE,FALSE,FALSE,FALSE
390237,REGIONAL HOSPITAL OF SCRANTON,Hybrid_HWM,PA,2024,Neither current nor planned,4.8,1372,4.100247134978766,0.6997528650212336,1.6477226548063424,0.055770289888178594,0.0028558414341133746,FALSE,FALSE,FALSE,FALSE
490059,BON SECOURS ST MARYS HOSPITAL,Hybrid_HWM,VA,2024,Planned TEFCA,3.2,2552,3.8787476374878014,-0.6787476374878011,-1.6001437643034029,0.0582193649804468,0.0028195626836899357,FALSE,FALSE,FALSE,FALSE
030002,BANNER - UNIVERSITY MEDICAL CENTER PHOENIX,Hybrid_HWM,AZ,2024,Planned TEFCA,3.3,1426,4.00673139629414,-0.7067313962941398,-1.6626942743214592,0.05403669742576025,0.0028121995302184824,FALSE,FALSE,FALSE,FALSE
490019,UVA HEALTH CULPEPER MEDICAL CENTER,Hybrid_HWM,VA,2023,Current TEFCA,4.7,591,4.082783223576897,0.6172167764231035,1.4624700691243762,0.06832420824174464,0.0027958738359793707,FALSE,FALSE,FALSE,FALSE
190050,BEAUREGARD MEMORIAL HOSPITAL,Hybrid_HWM,LA,2023,Neither current nor planned,4.5,189,5.005902691490526,-0.5059026914905259,-1.215396025417043,0.09466405590542805,0.002756110983267828,FALSE,FALSE,FALSE,FALSE
370112,SEQUOYAH COUNTY-CITY OF SALLISAW HOSPITAL AUTHORIT,Hybrid_HWM,OK,2024,Current TEFCA,3.9,63,4.523029113575222,-0.6230291135752224,-1.474517941359556,0.06609208343474884,0.002742553775295202,FALSE,FALSE,FALSE,FALSE
131317,BENEWAH COMMUNITY HOSPITAL,Hybrid_HWM,ID,2023,Neither current nor planned,5,42,4.573533496651377,0.42646650334862296,1.0409890776350257,0.12356465181444976,0.0027278561882718593,FALSE,FALSE,FALSE,FALSE
310086,JEFFERSON STRATFORD HOSPITAL,Hybrid_HWM,NJ,2023,Current TEFCA,4.1,3290,3.7636820248017506,0.33631797519824896,0.8458518997617295,0.1749086694319096,0.00270959628435649,FALSE,TRUE,FALSE,FALSE
390258,ST MARY MEDICAL CENTER,Hybrid_HWM,PA,2024,Planned TEFCA,4.5,2499,3.78795797341453,0.7120420265854701,1.6728977621071037,0.05139373622650583,0.002699893360240609,FALSE,FALSE,FALSE,FALSE
010062,WIREGRASS MEDICAL CENTER,Hybrid_HWM,AL,2023,Neither current nor planned,5.1,37,4.6175973386756155,0.4824026613243843,1.1625646945362391,0.10048031707046029,0.002694487577944251,FALSE,FALSE,FALSE,FALSE
220019,UMASS MEMORIAL HEALTH - HARRINGTON HOSPITAL,Hybrid_HWM,MA,2024,Current TEFCA,4.2,569,3.622638114849226,0.5773618851507741,1.3710121842060574,0.07274330599218522,0.002629580323294845,FALSE,FALSE,FALSE,FALSE
500129,TACOMA GENERAL ALLENMORE HOSPITAL,Hybrid_HWM,WA,2023,Neither current nor planned,3.3,2186,3.9324185154291427,-0.632418515429143,-1.4934012612892928,0.061829269206909475,0.002619610046541207,FALSE,FALSE,FALSE,FALSE
230005,PROMEDICA CHARLES AND VIRGINIA HICKMAN HOSPITAL,Hybrid_HWM,MI,2023,Planned TEFCA,4.7,440,3.986759564557037,0.7132404354429634,1.6737275026787488,0.049137248515557494,0.0025777703122115128,FALSE,FALSE,FALSE,FALSE
050283,STANFORD HEALTH CARE TRI-VALLEY,Hybrid_HWM,CA,2023,Planned TEFCA,3.2,1218,3.957413153087151,-0.7574131530871505,-1.7729967380007168,0.04391055596247831,0.0025694177219784085,FALSE,FALSE,FALSE,FALSE
150172,PHYSICIANS' MEDICAL CENTER LLC,Hybrid_HWM,IN,2024,Neither current nor planned,4.1,53,4.50352317247209,-0.4035231724720911,-0.9857925480301244,0.12515368206833433,0.002482642545770095,FALSE,FALSE,FALSE,FALSE
340068,COLUMBUS REGIONAL HEALTHCARE SYSTEM,Hybrid_HWM,NC,2024,Planned TEFCA,4.9,307,4.0738757334662274,0.8261242665337725,1.9259354241756563,0.03519074864686876,0.00240565578905192,FALSE,FALSE,FALSE,FALSE
390173,INDIANA REGIONAL MEDICAL CENTER,Hybrid_HWM,PA,2023,Neither current nor planned,4.9,438,4.1974376384291725,0.7025623615708277,1.6468489981780172,0.047167081728587634,0.002390960499224716,FALSE,FALSE,FALSE,FALSE
520066,MERCY HEALTH SYSTEM CORP,Hybrid_HWM,WI,2024,Current TEFCA,3.9,693,4.3008097712154445,-0.4008097712154448,-0.9770339411256406,0.12135910684688218,0.0023546333396418026,FALSE,FALSE,FALSE,FALSE
150076,SAINT JOSEPH REGIONAL MEDICAL CENTER - PLYMOUTH,Hybrid_HWM,IN,2024,Neither current nor planned,3.8,152,4.18665721737645,-0.38665721737645015,-0.9456415058444567,0.12720546489800402,0.002327722024053811,FALSE,FALSE,FALSE,FALSE
110025,SOUTHEAST GEORGIA HEALTH SYSTEM- BRUNSWICK CAMPUS,Hybrid_HWM,GA,2024,Current TEFCA,4.6,1406,4.075037866111562,0.5249621338884376,1.2488269375488092,0.07653775444353482,0.0023061657835072294,FALSE,FALSE,FALSE,FALSE
161369,CRAWFORD COUNTY MEMORIAL HOSPITAL,Hybrid_HWM,IA,2023,Neither current nor planned,5.4,84,4.548517348992895,0.8514826510071045,1.9819271841961397,0.031812772206426476,0.0022942015303264473,FALSE,FALSE,FALSE,FALSE
390049,ST LUKES HOSPITAL,Hybrid_HWM,PA,2023,Planned TEFCA,3.1,3088,3.7848691115908233,-0.6848691115908234,-1.6055172921272618,0.047537167903411025,0.0022916565437607235,FALSE,FALSE,FALSE,FALSE
440102,LINCOLN MEDICAL CENTER,Hybrid_HWM,TN,2023,Neither current nor planned,4.4,137,4.629460581066977,-0.22946058106697648,-0.6079785129660727,0.2569919017357105,0.00228531285270273,FALSE,TRUE,FALSE,FALSE
310005,HUNTERDON MEDICAL CENTER,Hybrid_HWM,NJ,2024,Current TEFCA,3.7,1326,4.005835263763358,-0.305835263763358,-0.7687986795988775,0.17423732745368115,0.002228450367651643,FALSE,TRUE,FALSE,FALSE
010034,COMMUNITY HOSPITAL INC,Hybrid_HWM,AL,2024,Neither current nor planned,4.2,37,4.657567883436215,-0.4575678834362152,-1.0983955507055945,0.09360000434272181,0.0022240486731966327,FALSE,FALSE,FALSE,FALSE
371303,ROGER MILLS MEMORIAL HOSPITAL,Hybrid_HWM,OK,2024,Planned TEFCA,3.8,82,4.394874478163838,-0.5948744781638385,-1.4027129067506854,0.059498434519117405,0.0022193934891269235,FALSE,FALSE,FALSE,FALSE
230156,TRINITY HEALTH ANN ARBOR HOSPITAL,Hybrid_HWM,MI,2024,Current TEFCA,3.2,3433,3.9035918207484563,-0.7035918207484564,-1.645765622680722,0.04311948358374602,0.0021736861199359715,FALSE,FALSE,FALSE,FALSE
150011,MARION GENERAL HOSPITAL,Hybrid_HWM,IN,2024,Neither current nor planned,4.7,511,4.308040830339399,0.3919591696606012,0.9533303085470117,0.11749398883196588,0.0021610215709300918,FALSE,FALSE,FALSE,FALSE
190034,ABBEVILLE GENERAL HOSPITAL,Hybrid_HWM,LA,2023,Neither current nor planned,4.6,174,5.038414049318771,-0.4384140493187713,-1.054679444909169,0.09761896090371663,0.0021484256285747546,FALSE,FALSE,FALSE,FALSE
340010,UNC HEALTH CARE WAYNE,Hybrid_HWM,NC,2023,Planned TEFCA,4.8,1063,3.993135431606229,0.8068645683937706,1.8787206182403036,0.03308415715717842,0.00214803400844718,FALSE,FALSE,FALSE,FALSE
170016,UNIVERSITY OF KANSAS HEALTH SYSTEM - ST FRANCIS CAMPUS,Hybrid_HWM,KS,2024,Neither current nor planned,4.8,1187,4.286945627767681,0.5130543722323188,1.217977148284968,0.07281967945737754,0.002078951123677221,FALSE,FALSE,FALSE,FALSE
361330,HOCKING VALLEY COMMUNITY HOSPITAL,Hybrid_HWM,OH,2023,Neither current nor planned,3.8,98,4.470238722411126,-0.6702387224111259,-1.5690179006557123,0.045035933533605556,0.00206843215244143,FALSE,FALSE,FALSE,FALSE
270017,ST JAMES HOSPITAL,Hybrid_HWM,MT,2023,Planned TEFCA,4.2,423,3.8338030421448424,0.36619695785515793,0.8949910185188394,0.12614140808647,0.002065389467842776,FALSE,FALSE,FALSE,FALSE
050457,UCSF HEALTH ST. MARY'S HOSPITAL,Hybrid_HWM,CA,2024,Planned TEFCA,3.5,617,4.182501558113279,-0.6825015581132796,-1.5960775798796372,0.04293477944406046,0.0020357788699042157,FALSE,FALSE,FALSE,FALSE
310069,INSPIRA MEDICAL CENTER MULLICA HILL,Hybrid_HWM,NJ,2023,Current TEFCA,3.7,1990,3.9874977758668986,-0.28749777586689845,-0.7240658408902824,0.17743061589182613,0.0020209222101570342,FALSE,TRUE,FALSE,FALSE
511309,VALLEY HEALTH WAR MEMORIAL HOSPITAL,Hybrid_HWM,WV,2024,Planned TEFCA,3.9,124,4.116583920437175,-0.21658392043717478,-0.5728647742033685,0.25445540021456226,0.0020022300563285393,FALSE,TRUE,FALSE,FALSE
420065,BON SECOURS-ST FRANCIS XAVIER HOSPITAL,Hybrid_HWM,SC,2024,Planned TEFCA,3.4,1049,3.7562480560104157,-0.3562480560104159,-0.8711819048048693,0.12721435501029088,0.0019761644296107557,FALSE,FALSE,FALSE,FALSE
021304,PETERSBURG MEDICAL CENTER,Hybrid_HWM,AK,2023,Neither current nor planned,4.3,30,4.513460640919681,-0.21346064091968148,-0.5654063608700497,0.25658063607449644,0.0019723723152550864,FALSE,TRUE,FALSE,FALSE
181302,THE JAMES B. HAGGIN MEMORIAL HOSPITAL,Hybrid_HWM,KY,2024,Planned TEFCA,4.5,26,4.853334738520714,-0.3533347385207141,-0.8644314819590077,0.12798533309534388,0.001959216545451537,FALSE,FALSE,FALSE,FALSE
180079,HARRISON MEMORIAL HOSPITAL,Hybrid_HWM,KY,2023,Neither current nor planned,5.2,176,4.828651725850767,0.37134827414923366,0.9034620197958092,0.11813421603271118,0.0019531278773052938,FALSE,FALSE,FALSE,FALSE
531307,COMMUNITY HOSPITAL,Hybrid_HWM,WY,2024,Planned TEFCA,4.7,158,4.3462562738027195,0.35374372619728034,0.8651279877862913,0.12737056759753182,0.0019515694144913403,FALSE,FALSE,FALSE,FALSE
050090,SONOMA VALLEY HOSPITAL,Hybrid_HWM,CA,2024,Current TEFCA,4.8,225,4.179988208942224,0.6200117910577758,1.4540882990810489,0.04903400248264183,0.0019434098757225306,FALSE,FALSE,FALSE,FALSE
220065,BAYSTATE NOBLE HOSPITAL,Hybrid_HWM,MA,2024,Planned TEFCA,4.2,561,3.7015042530005173,0.49849574699948274,1.1821569784036625,0.07097039237755189,0.001905189379256042,FALSE,FALSE,FALSE,FALSE
360066,MERCY HEALTH ST RITAS MEDICAL CENTER,Hybrid_HWM,OH,2024,Planned TEFCA,3.2,1887,3.9443731366625183,-0.7443731366625179,-1.7335634156398658,0.03426857106875256,0.0018982866289518844,FALSE,FALSE,FALSE,FALSE
501331,PULLMAN REGIONAL HOSPITAL,Hybrid_HWM,WA,2023,Planned TEFCA,4.6,172,4.0416820724898415,0.5583179275101585,1.315146841537726,0.057896674815122125,0.0018959061492552832,FALSE,FALSE,FALSE,FALSE
171377,SMITH COUNTY MEMORIAL HOSPITAL,Hybrid_HWM,KS,2023,Neither current nor planned,5.2,115,4.633835640872485,0.5661643591275147,1.332392140476763,0.056078233653376934,0.0018810680956566363,FALSE,FALSE,FALSE,FALSE
161366,SHENANDOAH MEDICAL CENTER,Hybrid_HWM,IA,2023,Neither current nor planned,5.3,73,4.610928876386833,0.6890711236131667,1.6083245064594052,0.039162928993399126,0.0018780229953830187,FALSE,FALSE,FALSE,FALSE
210027,WESTERN MARYLAND REGIONAL MEDICAL CENTER,Hybrid_HWM,MD,2024,Planned TEFCA,3.5,1816,3.83932177577735,-0.3393217757773499,-0.8313889283220652,0.13066150057874001,0.0018560531903193303,FALSE,FALSE,FALSE,FALSE
200033,NORTHERN LIGHT EASTERN MAINE MEDICAL CENTER,Hybrid_HWM,ME,2023,Current TEFCA,4.4,1555,4.036652515694672,0.3633474843053282,0.88321535297468,0.11662354367231675,0.0018396535749283778,FALSE,FALSE,FALSE,FALSE
201300,NORTHERN LIGHT BLUE HILL MEMORIAL HOSPITAL,Hybrid_HWM,ME,2023,Current TEFCA,3.9,69,4.269169755329309,-0.3691697553293091,-0.8956940466523519,0.11328763632536624,0.001830907297091543,FALSE,FALSE,FALSE,FALSE
460019,UINTAH BASIN MEDICAL CENTER,Hybrid_HWM,UT,2023,Neither current nor planned,5,156,4.420246253027082,0.5797537469729186,1.3618288526273443,0.052429982585721194,0.001829959007460122,FALSE,FALSE,FALSE,FALSE
170013,HAYS MEDICAL CENTER,Hybrid_HWM,KS,2023,Planned TEFCA,4.9,1093,4.385262091123336,0.5147379088766639,1.2166978251994083,0.06476572442841882,0.0018292532948159712,FALSE,FALSE,FALSE,FALSE
450147,DE TAR HOSPITAL NAVARRO,Hybrid_HWM,TX,2023,Neither current nor planned,5,759,4.351675472502445,0.648324527497555,1.5154465015342895,0.04242077493575287,0.0018130559734829232,FALSE,FALSE,FALSE,FALSE
050231,POMONA VALLEY HOSPITAL MEDICAL CENTER,Hybrid_HWM,CA,2023,Current TEFCA,3.7,1014,4.2658653506246145,-0.5658653506246145,-1.3298373661871448,0.05345870345720773,0.0017814048592045867,FALSE,FALSE,FALSE,FALSE
170194,ASCENTIST HOSPITAL LLC,Hybrid_HWM,KS,2023,Neither current nor planned,4.2,35,4.748223786082377,-0.548223786082377,-1.2903003906506205,0.05643081745830243,0.0017761585667312133,FALSE,FALSE,FALSE,FALSE
060028,SAINT JOSEPH HOSPITAL,Hybrid_HWM,CO,2023,Planned TEFCA,3.5,505,3.9768906450938237,-0.47689064509382373,-1.13143501989867,0.0719847835357383,0.0017724143408265093,FALSE,FALSE,FALSE,FALSE
431302,AVERA MISSOURI RIVER HEALTH CENTER,Hybrid_HWM,SD,2024,Neither current nor planned,4.9,36,4.371331756876492,0.5286682431235086,1.2464805032780253,0.05993221601364683,0.0017672809001408308,FALSE,FALSE,FALSE,FALSE
521320,TOMAH MEMORIAL HOSPITAL,Hybrid_HWM,WI,2024,Neither current nor planned,4,141,4.365339416333575,-0.36533941633357503,-0.8856136444942451,0.11173594067744658,0.0017623773836792217,FALSE,FALSE,FALSE,FALSE
161313,GENESIS MEDICAL CENTER-DEWITT,Hybrid_HWM,IA,2024,Current TEFCA,4,26,4.652066809953513,-0.6520668099535128,-1.5227732089613195,0.04059945974673419,0.001748645071540546,FALSE,FALSE,FALSE,FALSE
050780,FOOTHILL REGIONAL MEDICAL CENTER,Hybrid_HWM,CA,2023,Planned TEFCA,3.5,341,4.078033773377412,-0.5780337733774124,-1.3563915590896498,0.05049901186297572,0.001745000705403215,FALSE,FALSE,FALSE,FALSE
190054,IBERIA MEDICAL CENTER,Hybrid_HWM,LA,2023,Neither current nor planned,5.3,473,4.911834599500444,0.38816540049955645,0.9349899544636686,0.10025616739913508,0.0017398192232744587,FALSE,FALSE,FALSE,FALSE
281344,CHERRY COUNTY HOSPITAL,Hybrid_HWM,NE,2023,Neither current nor planned,4,78,4.436949222106926,-0.4369492221069259,-1.0421971766601597,0.08207698842481727,0.0017340754093933858,FALSE,FALSE,FALSE,FALSE
330184,MONTEFIORE NEW ROCHELLE HOSPITAL,Hybrid_HWM,NY,2023,Neither current nor planned,4.8,639,4.270054050030907,0.5299459499690924,1.2474122513848656,0.056789915484471425,0.0016715318141172614,FALSE,FALSE,FALSE,FALSE
250099,GREENWOOD LEFLORE HOSPITAL,Hybrid_HWM,MS,2023,Neither current nor planned,4.7,136,4.932789306263147,-0.2327893062631466,-0.5968817696726135,0.2065965210053515,0.0016582805067958545,FALSE,TRUE,FALSE,FALSE
500003,SKAGIT VALLEY HOSPITAL,Hybrid_HWM,WA,2023,Neither current nor planned,4.5,1014,3.9897558356435945,0.5102441643564054,1.2031858276047023,0.06031584945515093,0.0016581387868579232,FALSE,FALSE,FALSE,FALSE
380051,SALEM HOSPITAL,Hybrid_HWM,OR,2023,Neither current nor planned,3.5,1824,4.00009090347548,-0.5000909034754806,-1.1805213101358702,0.062428177434201614,0.0016560239480417282,FALSE,FALSE,FALSE,FALSE
030061,BANNER BOSWELL MEDICAL CENTER,Hybrid_HWM,AZ,2024,Planned TEFCA,4.5,2487,3.965215562920223,0.5347844370797771,1.2577578648422825,0.05518574362017426,0.0016484989863943373,FALSE,FALSE,FALSE,FALSE
171369,HODGEMAN COUNTY HEALTH CENTER,Hybrid_HWM,KS,2023,Neither current nor planned,4.2,47,4.72621953575528,-0.5262195357552791,-1.2381349168289257,0.05605318619933872,0.0016241881176932613,FALSE,FALSE,FALSE,FALSE
460006,LDS HOSPITAL,Hybrid_HWM,UT,2023,Planned TEFCA,4.7,412,4.080967568633888,0.6190324313661122,1.4455150217836206,0.04079537357897366,0.0015842084680813483,FALSE,FALSE,FALSE,FALSE
330162,NORTHERN WESTCHESTER HOSPITAL,Hybrid_HWM,NY,2024,Planned TEFCA,3.6,1294,4.098584426828977,-0.49858442682897697,-1.1745554204559097,0.05859806320784803,0.0015325252758198167,FALSE,FALSE,FALSE,FALSE
370078,OKLAHOMA STATE UNIVERSITY MEDICAL CENTER,Hybrid_HWM,OK,2023,Neither current nor planned,4.7,476,4.195373447449107,0.5046265525508926,1.1878950851247079,0.05713337718320459,0.0015259022366905495,FALSE,FALSE,FALSE,FALSE
420098,TIDELANDS WACCAMAW COMMUNITY HOSPITAL,Hybrid_HWM,SC,2023,Planned TEFCA,4.2,1383,3.908274006818068,0.29172599318193215,0.7187361797016707,0.14046085810999565,0.0015085905919757499,FALSE,FALSE,FALSE,FALSE
261332,CARROLL COUNTY MEMORIAL HOSPITAL,Hybrid_HWM,MO,2024,Planned TEFCA,4.2,35,4.384855885545943,-0.18485588554594293,-0.4905605725861656,0.2594629354082674,0.0015074587327356629,FALSE,TRUE,FALSE,FALSE
140172,FRANCISCAN HEALTH OLYMPIA & CHICAGO HEIGHTS,Hybrid_HWM,IL,2024,Neither current nor planned,3.8,878,4.287725685041636,-0.4877256850416356,-1.1497780087574103,0.05999840937019101,0.001506020748400684,FALSE,FALSE,FALSE,FALSE
390125,WAYNE MEMORIAL HOSPITAL,Hybrid_HWM,PA,2024,Neither current nor planned,4.7,549,4.167869953991582,0.5321300460084183,1.2489171550907645,0.05128414501300027,0.001504331348549419,FALSE,FALSE,FALSE,FALSE
230259,CHELSEA HOSPITAL,Hybrid_HWM,MI,2024,Current TEFCA,3.4,690,4.023353811980859,-0.6233538119808589,-1.4537528407811724,0.038312278460789044,0.0015008462969818605,FALSE,FALSE,FALSE,FALSE
171331,KIOWA DISTRICT HOSPITAL,Hybrid_HWM,KS,2024,Neither current nor planned,4.3,32,4.769287182461342,-0.46928718246134205,-1.1079681028870516,0.06294805419920045,0.0014720735251727943,FALSE,FALSE,FALSE,FALSE
141341,PANA COMMUNITY HOSPITAL,Hybrid_HWM,IL,2023,Current TEFCA,4.1,56,4.533849041342707,-0.43384904134270724,-1.0292100520504797,0.07211329902999464,0.0014699409489966591,FALSE,FALSE,FALSE,FALSE
210057,ADVENTIST HEALTHCARE SHADY GROVE MEDICAL CENTER,Hybrid_HWM,MD,2023,Neither current nor planned,4.4,2198,4.103825776110896,0.29617422388910425,0.7271846115595081,0.1344982756789717,0.001468495095210062,FALSE,FALSE,FALSE,FALSE
140063,RUSH OAK PARK HOSPITAL,Hybrid_HWM,IL,2024,Planned TEFCA,3.5,667,4.015856042563193,-0.5158560425631935,-1.2117501240364108,0.05302991930412355,0.0014672449903079692,FALSE,FALSE,FALSE,FALSE
451395,HILL REGIONAL HOSPITAL,Hybrid_HWM,TX,2024,Neither current nor planned,5,142,4.412887929069142,0.587112070930858,1.3714622780098142,0.041788202196029904,0.001462749032240041,FALSE,FALSE,FALSE,FALSE
131326,CASSIA REGIONAL HOSPITAL,Hybrid_HWM,ID,2023,Planned TEFCA,4.7,159,4.36732932585223,0.33267067414776974,0.8058497084806359,0.11066324382508615,0.001443766928178132,FALSE,FALSE,FALSE,FALSE
331313,SCHUYLER HOSPITAL,Hybrid_HWM,NY,2023,Current TEFCA,4.7,52,4.247059864324722,0.4529401356752784,1.0707990630771795,0.06556074660013753,0.0014362184296551636,FALSE,FALSE,FALSE,FALSE
240014,NORTHFIELD HOSPITAL,Hybrid_HWM,MN,2023,Planned TEFCA,4,105,4.257440689859043,-0.2574406898590427,-0.6424336992404609,0.16231434592069532,0.0014293752954539153,FALSE,TRUE,FALSE,FALSE
060126,BANNER FORT COLLINS MEDICAL CENTER,Hybrid_HWM,CO,2024,Planned TEFCA,3.9,52,4.320899093115491,-0.42089909311549106,-0.9992620202934531,0.07363662546359112,0.0014173732961661526,FALSE,FALSE,FALSE,FALSE
490069,BON SECOURS MEMORIAL REGIONAL MEDICAL CENTER,Hybrid_HWM,VA,2024,Planned TEFCA,3.4,2578,3.8779910320256707,-0.47799103202567067,-1.1257317536046145,0.05824575144042004,0.0013990257688439515,FALSE,FALSE,FALSE,FALSE
160032,MERCYONE NEWTON MEDICAL CENTER,Hybrid_HWM,IA,2024,Neither current nor planned,3.8,143,4.522437459301726,-0.7224374593017256,-1.675947721502688,0.02702859364008649,0.0013893796956164857,FALSE,FALSE,FALSE,FALSE
390142,JEFFERSON EINSTEIN PHILADELPHIA HOSPITAL,Hybrid_HWM,PA,2023,Planned TEFCA,3.5,712,4.054333484450455,-0.5543334844504545,-1.2961984486587426,0.04401889142535317,0.0013800024170521413,FALSE,FALSE,FALSE,FALSE
110079,GRADY MEMORIAL HOSPITAL,Hybrid_HWM,GA,2023,Neither current nor planned,3.7,921,4.090598485942011,-0.39059848594201046,-0.9308973895671979,0.08092408036827833,0.0013628035284595475,FALSE,FALSE,FALSE,FALSE
291313,BANNER CHURCHILL COMMUNITY HOSPITAL,Hybrid_HWM,NV,2024,Planned TEFCA,4.2,177,4.403565922402975,-0.20356592240297508,-0.5243410045533178,0.21391139295041012,0.0013375136014877674,FALSE,TRUE,FALSE,FALSE
281338,HOWARD COUNTY MEDICAL CENTER,Hybrid_HWM,NE,2023,Neither current nor planned,4.1,42,4.483155175121181,-0.3831551751211809,-0.9137352088517814,0.08213054764644034,0.001334410400092828,FALSE,FALSE,FALSE,FALSE
360089,MERCY HEALTH - TIFFIN HOSPITAL,Hybrid_HWM,OH,2024,Planned TEFCA,4.7,388,4.062436290374032,0.6375637096259676,1.4827836935245817,0.03284571847309188,0.0013308575322188278,FALSE,FALSE,FALSE,FALSE
490097,BON SECOURS SOUTHERN VIRGINIA MEDICAL CENTER,Hybrid_HWM,VA,2024,Planned TEFCA,4.6,60,4.1586743894041485,0.4413256105958514,1.0425088162496774,0.06415627214468592,0.0013302946820418526,FALSE,FALSE,FALSE,FALSE
390204,NAZARETH HOSPITAL,Hybrid_HWM,PA,2024,Planned TEFCA,4.4,593,3.8697300838796678,0.5302699161203326,1.2408531042354098,0.04565067008792073,0.0013140852158841994,FALSE,FALSE,FALSE,FALSE
431337,AVERA HAND COUNTY MEMORIAL HOSPITAL AND CLINIC,Hybrid_HWM,SD,2024,Neither current nor planned,4.8,52,4.343884264565959,0.4561157354340402,1.0747170935520114,0.0592960398554933,0.0012997714571900594,FALSE,FALSE,FALSE,FALSE
141319,HAMMOND HENRY HOSPITAL,Hybrid_HWM,IL,2024,Planned TEFCA,4.8,131,4.349970542954183,0.4500294570458172,1.061155513776015,0.06071976779430741,0.0012996271078192395,FALSE,FALSE,FALSE,FALSE
080006,"TIDALHEALTH NANTICOKE, INC.",Hybrid_HWM,DE,2024,Planned TEFCA,4.1,817,3.9644666916673055,0.1355333083326944,0.3793688494910983,0.3344694135214921,0.001293330706879317,FALSE,TRUE,FALSE,FALSE
210060,ADVENTIST HEALTHCARE FORT WASHINGTON MEDICAL CTR,Hybrid_HWM,MD,2023,Neither current nor planned,4.5,451,4.22204549685488,0.2779545031451193,0.6823514066105351,0.13433318111117531,0.0012912975472952996,FALSE,FALSE,FALSE,FALSE
451333,MARTIN COUNTY HOSPITAL DISTRICT,Hybrid_HWM,TX,2024,Current TEFCA,3.9,28,4.375768311903371,-0.47576831190337077,-1.118196272597031,0.05439162641351639,0.001283800654800588,FALSE,FALSE,FALSE,FALSE
420104,MOUNT PLEASANT HOSPITAL,Hybrid_HWM,SC,2024,Planned TEFCA,3.5,701,3.7863348638298344,-0.28633486382983464,-0.7002629626161138,0.12770652617454842,0.001283020059591447,FALSE,FALSE,FALSE,FALSE
100019,HOLMES REGIONAL MEDICAL CENTER,Hybrid_HWM,FL,2024,Neither current nor planned,4.5,3338,4.099568828046437,0.40043117195356254,0.9505785082566753,0.0735990200968224,0.0012821148119881508,FALSE,FALSE,FALSE,FALSE
300005,CONCORD HOSPITAL- LACONIA,Hybrid_HWM,NH,2023,Planned TEFCA,3.9,637,4.0692862333762925,-0.16928623337629276,-0.4495592433043209,0.26055046299552514,0.0012732544159939434,FALSE,TRUE,FALSE,FALSE
281355,OGALLALA COMMUNITY HOSPITAL,Hybrid_HWM,NE,2024,Planned TEFCA,4.7,61,4.337238423834057,0.3627615761659431,0.8671177440621207,0.08651407385553542,0.0012721043641074658,FALSE,FALSE,FALSE,FALSE
371336,NEWMAN MEMORIAL HOSPITAL,Hybrid_HWM,OK,2023,Neither current nor planned,4.1,48,4.57924570530805,-0.479245705308051,-1.1256327515951023,0.053129057594807585,0.001269007340075189,FALSE,FALSE,FALSE,FALSE
160079,MERCY MEDICAL CENTER - CEDAR RAPIDS,Hybrid_HWM,IA,2023,Neither current nor planned,3.8,1417,4.363215459268478,-0.5632154592684782,-1.3139095542831347,0.039494506544075055,0.0012661444631382128,FALSE,FALSE,FALSE,FALSE
370026,ST MARY'S REGIONAL MEDICAL CENTER,Hybrid_HWM,OK,2023,Neither current nor planned,4.8,509,4.351063865905738,0.44893613409426164,1.0574855328543515,0.058790487897996145,0.0012470983783382237,FALSE,FALSE,FALSE,FALSE
141320,PARIS COMMUNITY HOSPITAL,Hybrid_HWM,IL,2023,Neither current nor planned,4.9,193,4.43910779704779,0.4608922029522096,1.083819516450708,0.05552732603167942,0.0012328885761914703,FALSE,FALSE,FALSE,FALSE
281329,AVERA ST ANTHONY'S HOSPITAL,Hybrid_HWM,NE,2024,Neither current nor planned,4,142,4.354669760406472,-0.354669760406472,-0.8476647910883321,0.08632307390518609,0.0012127940165069747,FALSE,FALSE,FALSE,FALSE
390332,GEISINGER ST. LUKE'S  HOSPITAL,Hybrid_HWM,PA,2023,Planned TEFCA,3.4,659,3.9001568868914953,-0.5001568868914953,-1.1710228402063816,0.04693876180615695,0.0012053125054150746,FALSE,FALSE,FALSE,FALSE
181330,RUSSELL COUNTY HOSPITAL,Hybrid_HWM,KY,2023,Neither current nor planned,4.6,78,4.889393043496362,-0.2893930434963625,-0.7043036053201202,0.1191606415066999,0.0011992582745036565,FALSE,FALSE,FALSE,FALSE
241337,NORTH VALLEY HEALTH CENTER,Hybrid_HWM,MN,2024,Neither current nor planned,4,27,4.240315464400462,-0.24031546440046178,-0.5978801976811414,0.15728525508731045,0.0011925796748492865,FALSE,FALSE,FALSE,FALSE
201309,NORTHERN LIGHT MAYO HOSPITAL,Hybrid_HWM,ME,2023,Planned TEFCA,4.4,125,4.116336977918323,0.28366302208167726,0.6910727694498979,0.12100660176733363,0.0011750069344886925,FALSE,FALSE,FALSE,FALSE
140029,COPLEY MEMORIAL HOSPITAL,Hybrid_HWM,IL,2024,Planned TEFCA,3.5,1514,3.9546709653949015,-0.45467096539490165,-1.0685734276753878,0.05448619521158013,0.0011747415176010534,FALSE,FALSE,FALSE,FALSE
501326,PROVIDENCE MOUNT CARMEL HOSPITAL,Hybrid_HWM,WA,2023,Planned TEFCA,4.5,123,4.066710089303829,0.43328991069617095,1.0207921992364488,0.059202031911222475,0.0011708416540944073,FALSE,FALSE,FALSE,FALSE
360107,BELLEVUE HOSPITAL,Hybrid_HWM,OH,2023,Current TEFCA,4,174,4.42902936366777,-0.4290293636677691,-1.0107198751093915,0.05916745542729917,0.001147174285962142,FALSE,FALSE,FALSE,FALSE
490092,BON SECOURS SOUTHAMPTON MEMORIAL HOSPITAL,Hybrid_HWM,VA,2024,Planned TEFCA,4.5,197,4.069936277112314,0.4300637228876862,1.0130079203010844,0.058884309455360245,0.0011465059654992612,FALSE,FALSE,FALSE,FALSE
220049,UMASS MEMORIAL HEALTHCARE-MARLBOROUGH HOSPITAL,Hybrid_HWM,MA,2024,Current TEFCA,4,599,3.6188029528484034,0.38119704715159686,0.9043819857195545,0.07262398293039556,0.0011441014570634691,FALSE,FALSE,FALSE,FALSE
110032,STEPHENS COUNTY HOSPITAL,Hybrid_HWM,GA,2023,Neither current nor planned,4.6,172,4.241440109368135,0.35855989063186516,0.8542432550300186,0.08048126860229068,0.0011410224939552261,FALSE,FALSE,FALSE,FALSE
231304,HELEN NEWBERRY JOY HOSPITAL,Hybrid_HWM,MI,2024,Neither current nor planned,4.7,49,4.21838614109747,0.48161385890252956,1.1278821197639772,0.04755092469742651,0.0011336279099001083,FALSE,FALSE,FALSE,FALSE
360234,MERCY HEALTH - WEST HOSPITAL,Hybrid_HWM,OH,2024,Planned TEFCA,3.4,1160,3.98069127275646,-0.58069127275646,-1.3503907919735947,0.033237674785520616,0.0011180955978364897,FALSE,FALSE,FALSE,FALSE
360259,BAY PARK COMMUNITY HOSPITAL,Hybrid_HWM,OH,2023,Planned TEFCA,4.6,249,4.1082513856524,0.4917486143476001,1.150171550055121,0.04507998563129883,0.0011146363637261315,FALSE,FALSE,FALSE,FALSE
041330,PIGGOTT COMMUNITY HOSPITAL,Hybrid_HWM,AR,2023,Neither current nor planned,4.4,231,4.659245081025852,-0.25924508102585136,-0.6357173694719562,0.1324982841478499,0.0011032851158171918,FALSE,FALSE,FALSE,FALSE
200050,NORTHERN LIGHT MAINE COAST HOSPITAL,Hybrid_HWM,ME,2023,Current TEFCA,3.9,208,4.186808078037544,-0.28680807803754343,-0.6951848015070742,0.1119981994477627,0.001089339488076395,FALSE,FALSE,FALSE,FALSE
531302,MEMORIAL HOSPITAL OF CONVERSE COUNTY,Hybrid_HWM,WY,2024,Neither current nor planned,4.7,172,4.446015011472655,0.253984988527345,0.6232989541206879,0.13385610926778746,0.0010731769663986854,FALSE,FALSE,FALSE,FALSE
340173,"WAKEMED, CARY HOSPITAL",Hybrid_HWM,NC,2024,Planned TEFCA,3.4,1623,3.9495840823093395,-0.5495840823093394,-1.2792238988482987,0.03529312517752495,0.0010679841354707161,FALSE,FALSE,FALSE,FALSE
030134,BANNER GOLDFIELD MEDICAL CENTER,Hybrid_HWM,AZ,2024,Planned TEFCA,3.8,89,4.213786059323767,-0.41378605932376755,-0.9744548845064809,0.05858978469417134,0.001055389913798691,FALSE,FALSE,FALSE,FALSE
260022,NORTHEAST REGIONAL MEDICAL CENTER,Hybrid_HWM,MO,2024,Neither current nor planned,4.5,344,4.346713256116303,0.15328674388369729,0.4074324943732348,0.26190498908548265,0.001053235698024137,FALSE,TRUE,FALSE,FALSE
060001,BANNER NORTH COLORADO MEDICAL CENTER,Hybrid_HWM,CO,2024,Planned TEFCA,4.5,625,4.135302660649899,0.3646973393501015,0.8651268944825364,0.07248989293522617,0.0010449667867677053,FALSE,FALSE,FALSE,FALSE
100135,TALLAHASSEE MEMORIAL HEALTHCARE,Hybrid_HWM,FL,2024,Neither current nor planned,4.5,2060,4.135595682136507,0.36440431786349364,0.8639264099039613,0.07140744981542195,0.0010253149792965963,FALSE,FALSE,FALSE,FALSE
050180,JOHN MUIR MEDICAL CENTER - WALNUT CREEK CAMPUS,Hybrid_HWM,CA,2024,Planned TEFCA,3.5,3033,3.903689284143218,-0.4036892841432178,-0.950781110717644,0.0588630000582046,0.0010097835249793998,FALSE,FALSE,FALSE,FALSE
380050,SKY LAKES MEDICAL CENTER,Hybrid_HWM,OR,2023,Current TEFCA,4.5,707,4.072474135369502,0.4275258646304979,1.0034061494007882,0.052103093505198254,9.882418147676628e-4,FALSE,FALSE,FALSE,FALSE
050152,UCSF HEALTH SAINT FRANCIS HOSPITAL,Hybrid_HWM,CA,2024,Planned TEFCA,3.8,192,4.269635961518208,-0.46963596151820836,-1.097536556884632,0.043665622450437876,9.818382566058733e-4,FALSE,FALSE,FALSE,FALSE
670267,THE WOODLANDS SPECIALTY HOSPITAL,Hybrid_HWM,TX,2024,Neither current nor planned,4.1,28,4.586012446421904,-0.4860124464219045,-1.134230635526827,0.040879683552997766,9.78708291382138e-4,FALSE,FALSE,FALSE,FALSE
360055,INSIGHT HOSPITAL AND MEDICAL CENTER TRUMBULL,Hybrid_HWM,OH,2023,Neither current nor planned,4.8,558,4.340408107357429,0.45959189264257067,1.0746286746216456,0.044745893341322104,9.657333176193759e-4,FALSE,FALSE,FALSE,FALSE
360236,MERCY HEALTH - CLERMONT HOSPITAL,Hybrid_HWM,OH,2024,Planned TEFCA,3.5,506,4.042616660250983,-0.5426166602509839,-1.2612641200211918,0.03269551540686842,9.592795227992606e-4,FALSE,FALSE,FALSE,FALSE
341307,PENDER MEMORIAL HOSPITAL,Hybrid_HWM,NC,2024,Neither current nor planned,3.9,26,4.364242530369438,-0.4642425303694383,-1.0848985478113211,0.043647928465396134,9.58992080976348e-4,FALSE,FALSE,FALSE,FALSE
501309,PROVIDENCE ST JOSEPH HOSPITAL,Hybrid_HWM,WA,2023,Planned TEFCA,4.5,59,4.121545163096154,0.37845483690384624,0.8932090359800777,0.06293703231542508,9.57180784111756e-4,FALSE,FALSE,FALSE,FALSE
370228,"BAILEY MEDICAL CENTER, LLC",Hybrid_HWM,OK,2024,Neither current nor planned,3.9,100,4.299868004370068,-0.39986800437006814,-0.9407188347907933,0.05676456582109716,9.511906149819553e-4,FALSE,FALSE,FALSE,FALSE
451379,CORYELL MEMORIAL HOSPITAL,Hybrid_HWM,TX,2024,Neither current nor planned,4.9,163,4.428932285012669,0.471067714987331,1.099917340268717,0.041978561292859075,9.463263129620757e-4,FALSE,FALSE,FALSE,FALSE
050122,DAMERON HOSPITAL,Hybrid_HWM,CA,2024,Current TEFCA,4.8,236,4.388310964502504,0.4116890354974958,0.9669389689086416,0.053585980954278356,9.454195909954763e-4,FALSE,FALSE,FALSE,FALSE
521359,TAMARACK HEALTH ASHLAND MEDICAL CENTER,Hybrid_HWM,WI,2023,Neither current nor planned,4.8,215,4.532103923537121,0.267896076462879,0.648986628518246,0.1111052799103188,9.409442472262004e-4,FALSE,FALSE,FALSE,FALSE
171362,CITIZENS MEDICAL CENTER,Hybrid_HWM,KS,2024,Current TEFCA,4.8,169,4.434827606237567,0.3651723937624326,0.8632439698137839,0.06601558136890273,9.409362653982666e-4,FALSE,FALSE,FALSE,FALSE
310060,ST LUKE'S WARREN HOSPITAL,Hybrid_HWM,NJ,2023,Planned TEFCA,3.6,767,3.7902303646456637,-0.19023036464566342,-0.48117992090792844,0.18491300931941973,9.391097826944486e-4,FALSE,TRUE,FALSE,FALSE
431319,HANS P PETERSON MEMORIAL HOSPITAL - CAH,Hybrid_HWM,SD,2023,Planned TEFCA,4.4,62,4.075930657419171,0.32406934258082964,0.7719902931343064,0.08048044784730536,9.320548798738276e-4,FALSE,FALSE,FALSE,FALSE
030064,BANNER - UNIVERSITY MEDICAL CENTER TUCSON CAMPUS,Hybrid_HWM,AZ,2024,Planned TEFCA,3.6,1506,4.002657184507308,-0.40265718450730853,-0.9459622781074183,0.05411898044298954,9.144177130278996e-4,FALSE,FALSE,FALSE,FALSE
060076,STERLING REGIONAL MEDCENTER,Hybrid_HWM,CO,2024,Planned TEFCA,3.9,146,4.243842080978322,-0.34384208097832175,-0.8151610186024526,0.07148935558965552,9.140770439981488e-4,FALSE,FALSE,FALSE,FALSE
361314,MAGRUDER HOSPITAL,Hybrid_HWM,OH,2024,Neither current nor planned,4.8,122,4.389988686879693,0.41001131312030614,0.9620253058284185,0.051684400706369184,9.008293268835575e-4,FALSE,FALSE,FALSE,FALSE
161319,MERCYONE ELKADER MEDICAL CENTER,Hybrid_HWM,IA,2024,Neither current nor planned,4.1,25,4.6526097320527855,-0.5526097320527857,-1.2823070708167321,0.02931439112182521,8.85845319292494e-4,FALSE,FALSE,FALSE,FALSE
521330,CROSSING RIVERS HEALTH MEDICAL CENTER,Hybrid_HWM,WI,2023,Neither current nor planned,4.7,83,4.442453771669589,0.2575462283304111,0.6244489807850045,0.11267198495860538,8.850240802544054e-4,FALSE,FALSE,FALSE,FALSE
431330,AVERA ST BENEDICT HEALTH CENTER - CAH,Hybrid_HWM,SD,2024,Neither current nor planned,4.7,69,4.322770990281155,0.3772290097188451,0.888450978549373,0.05901153921737963,8.84251193475127e-4,FALSE,FALSE,FALSE,FALSE
131309,CARIBOU MEDICAL CENTER,Hybrid_HWM,ID,2023,Current TEFCA,4.5,48,4.7514974552939675,-0.25149745529396733,-0.6108936102491076,0.11591852909452834,8.746466065324701e-4,FALSE,FALSE,FALSE,FALSE
351323,CAVALIER COUNTY MEMORIAL HOSPITAL ASSOCIATION,Hybrid_HWM,ND,2023,Neither current nor planned,4.2,48,4.340582288416097,-0.14058228841609674,-0.3720743413564299,0.2556155445331547,8.500628315867705e-4,FALSE,TRUE,FALSE,FALSE
210004,HOLY CROSS HOSPITAL,Hybrid_HWM,MD,2024,Planned TEFCA,4.1,1543,3.8770773603831374,0.22292263961686223,0.5478021697203322,0.13629174398432312,8.465271688672932e-4,FALSE,FALSE,FALSE,FALSE
070007,LAWRENCE & MEMORIAL HOSPITAL,Hybrid_HWM,CT,2024,Planned TEFCA,3.9,1291,3.639387958719471,0.2606120412805286,0.6295877120072408,0.10618300409585528,8.416739530369737e-4,FALSE,FALSE,FALSE,FALSE
340190,NOVANT HEALTH MINT HILL MEDICAL CENTER,Hybrid_HWM,NC,2024,Neither current nor planned,3.7,268,4.1901123222836,-0.4901123222835997,-1.1401865306136623,0.034772369385508324,8.35917037554399e-4,FALSE,FALSE,FALSE,FALSE
210065,HOLY CROSS GERMANTOWN HOSPITAL,Hybrid_HWM,MD,2024,Planned TEFCA,3.7,860,3.920709099814753,-0.22070909981475265,-0.5425014982705357,0.13674152383288907,8.334054422479449e-4,FALSE,FALSE,FALSE,FALSE
230230,EDWARD W SPARROW HOSPITAL,Hybrid_HWM,MI,2023,Neither current nor planned,4.4,1542,3.972911327626998,0.4270886723730025,0.9983950303237351,0.04453615382820561,8.296930222768609e-4,FALSE,FALSE,FALSE,FALSE
190164,BYRD REGIONAL HOSPITAL,Hybrid_HWM,LA,2023,Neither current nor planned,5.3,200,5.0280193336812165,0.27198066631878376,0.6539974256925769,0.09776934986035213,8.284013181504219e-4,FALSE,FALSE,FALSE,FALSE
230029,TRINITY HEALTH OAKLAND HOSPITAL,Hybrid_HWM,MI,2024,Current TEFCA,4.4,1790,3.9521997105853712,0.4478002894146289,1.0446734595770841,0.04047730364028534,8.219907893959147e-4,FALSE,FALSE,FALSE,FALSE
241335,ST ELIZABETH MEDICAL CENTER,Hybrid_HWM,MN,2023,Neither current nor planned,4.4,40,4.197346803112846,0.2026531968871545,0.5029254145904195,0.15321397831772518,8.181917343994934e-4,FALSE,FALSE,FALSE,FALSE
450465,MATAGORDA REGIONAL MEDICAL CENTER,Hybrid_HWM,TX,2024,Neither current nor planned,4,155,4.4582845450571265,-0.4582845450571267,-1.0680821302719599,0.038514855497272245,8.158506791233411e-4,FALSE,FALSE,FALSE,FALSE
171338,GREAT PLAINS OF SABETHA,Hybrid_HWM,KS,2023,Neither current nor planned,4.3,72,4.66878767126451,-0.36878767126451,-0.8671258381124721,0.05593045015003032,7.957749482404184e-4,FALSE,FALSE,FALSE,FALSE
521358,DOOR COUNTY MEDICAL CENTER,Hybrid_HWM,WI,2024,Planned TEFCA,4.7,164,4.459850356154357,0.24014964384564327,0.582872028835616,0.1145769444870465,7.858806902711066e-4,FALSE,FALSE,FALSE,FALSE
501312,PROSSER MEMORIAL HOSPITAL,Hybrid_HWM,WA,2023,Neither current nor planned,4,190,4.327381571176241,-0.32738157117624134,-0.7745959987425773,0.0678850619294146,7.808019337727842e-4,FALSE,FALSE,FALSE,FALSE
150072,MEMORIAL HOSPITAL,Hybrid_HWM,IN,2023,Neither current nor planned,4.6,185,4.370246107580874,0.22975389241912544,0.5597852852751684,0.1213860393119867,7.739188734352317e-4,FALSE,FALSE,FALSE,FALSE
350019,ALTRU HOSPITAL,Hybrid_HWM,ND,2023,Planned TEFCA,3.9,1418,3.7691368582040856,0.1308631417959142,0.3479844288442667,0.2626075187380726,7.711548105659019e-4,FALSE,TRUE,FALSE,FALSE
160064,MERCYONE NORTH IOWA MEDICAL CENTER,Hybrid_HWM,IA,2024,Neither current nor planned,4.8,1742,4.335838100503028,0.46416189949697206,1.0801450092007931,0.03556264512107012,7.680369732221361e-4,FALSE,FALSE,FALSE,FALSE
490017,BON SECOURS MARYVIEW MEDICAL CENTER,Hybrid_HWM,VA,2024,Planned TEFCA,3.6,872,3.958900798579841,-0.35890079857984064,-0.8442059060081866,0.05671984805645518,7.655960004563196e-4,FALSE,FALSE,FALSE,FALSE
340003,NORTHERN REGIONAL HOSPITAL,Hybrid_HWM,NC,2023,Neither current nor planned,3.9,457,4.348530557100366,-0.44853055710036593,-1.0448879272386897,0.037739652500945006,7.645289388165755e-4,FALSE,FALSE,FALSE,FALSE
460015,INTERMOUNTAIN HEALTH LOGAN REGIONAL HOSPITAL,Hybrid_HWM,UT,2023,Planned TEFCA,4.5,465,4.071934910087129,0.42806508991287107,0.998827910213471,0.04099284171724818,7.615196088320064e-4,FALSE,FALSE,FALSE,FALSE
171357,HILLSBORO COMMUNITY HOSPITAL,Hybrid_HWM,KS,2024,Planned TEFCA,4.3,29,4.644200003885418,-0.3442000038854185,-0.8113060929536796,0.06070152647884818,7.599959216150137e-4,FALSE,FALSE,FALSE,FALSE
380004,PROVIDENCE ST VINCENT MEDICAL CENTER,Hybrid_HWM,OR,2023,Planned TEFCA,3.5,2206,3.879058955715525,-0.37905895571552506,-0.8887637357552844,0.05052764742197951,7.50887882077032e-4,FALSE,FALSE,FALSE,FALSE
010087,USA HEALTH UNIVERSITY HOSPITAL,Hybrid_HWM,AL,2023,Planned TEFCA,4.6,541,4.33687185622539,0.2631281437746104,0.63161755298266,0.09468417095754007,7.45776849299258e-4,FALSE,FALSE,FALSE,FALSE
220060,BETH ISRAEL DEACONESS HOSPITAL PLYMOUTH,Hybrid_HWM,MA,2023,Neither current nor planned,3.4,2887,3.697283074100606,-0.2972830741006063,-0.7067866578743568,0.0769899283556691,7.446608856474697e-4,FALSE,FALSE,FALSE,FALSE
360068,PROMEDICA TOLEDO HOSPITAL,Hybrid_HWM,OH,2023,Planned TEFCA,4.3,3307,3.9152030629583123,0.3847969370416876,0.9013358176658055,0.048635807154108805,7.418615763738269e-4,FALSE,FALSE,FALSE,FALSE
160040,"SARTORI MEMORIAL HOSPITAL, INC",Hybrid_HWM,IA,2024,Neither current nor planned,4,139,4.524555087847272,-0.5245550878472721,-1.2156068820022035,0.027011595603872573,7.320053547873793e-4,FALSE,FALSE,FALSE,FALSE
161336,HEGG MEMORIAL HEALTH CENTER,Hybrid_HWM,IA,2024,Neither current nor planned,4.1,42,4.5882903117911065,-0.48829031179110644,-1.1334474733314235,0.030532492196579646,7.221860482783529e-4,FALSE,FALSE,FALSE,FALSE
210019,"TIDALHEALTH PENINSULA REGIONAL, INC",Hybrid_HWM,MD,2023,Planned TEFCA,3.6,2999,3.8138429814682038,-0.21384298146820374,-0.5230866337402691,0.12837265385359903,7.204402484429613e-4,FALSE,FALSE,FALSE,FALSE
110006,ST MARY'S HOSPITAL,Hybrid_HWM,GA,2024,Current TEFCA,4.4,1081,4.120254198086259,0.27974580191374154,0.6668573123978453,0.08194957652917154,7.094763767507068e-4,FALSE,FALSE,FALSE,FALSE
111334,CANDLER COUNTY HOSPITAL,Hybrid_HWM,GA,2024,Neither current nor planned,4.8,47,4.512600952032423,0.2873990479675769,0.6835641038480804,0.07778366189936012,7.04353297125605e-4,FALSE,FALSE,FALSE,FALSE
351302,MCKENZIE COUNTY HEALTHCARE SYSTEMS INC,Hybrid_HWM,ND,2024,Neither current nor planned,4.4,100,4.273833288826245,0.12616671117375539,0.3346977871663808,0.25909707023590645,7.005297492103066e-4,FALSE,TRUE,FALSE,FALSE
110121,GRADY GENERAL HOSPITAL,Hybrid_HWM,GA,2024,Current TEFCA,4.8,44,4.519908713902526,0.28009128609747425,0.6670449386984845,0.08019790306251907,6.933787987264665e-4,FALSE,FALSE,FALSE,FALSE
330235,AUBURN  COMMUNITY  HOSPITAL,Hybrid_HWM,NY,2024,Neither current nor planned,4.6,517,4.247564049505046,0.35243595049495396,0.8276198597281959,0.05361413838687809,6.932667787747064e-4,FALSE,FALSE,FALSE,FALSE
431306,PLATTE HEALTH CENTER,Hybrid_HWM,SD,2024,Neither current nor planned,4,60,4.333203017291519,-0.33320301729151836,-0.7847028439008866,0.059129846082721337,6.914525070945886e-4,FALSE,FALSE,FALSE,FALSE
110128,MEMORIAL HEALTH MEADOWS HOSPITAL,Hybrid_HWM,GA,2024,Neither current nor planned,4.1,399,4.379296027477329,-0.27929602747732973,-0.6651832848669762,0.08029075736609363,6.903846240329298e-4,FALSE,FALSE,FALSE,FALSE
220035,NORTH SHORE MEDICAL CENTER -,Hybrid_HWM,MA,2023,Planned TEFCA,3.1,2958,3.4030843067593017,-0.3030843067593018,-0.7175670778673854,0.06920260629263593,6.841261231264987e-4,FALSE,FALSE,FALSE,FALSE
360156,MEMORIAL HOSPITAL,Hybrid_HWM,OH,2023,Planned TEFCA,4.5,225,4.115816477691926,0.3841835223080742,0.8982951649566434,0.045243886411494044,6.830454707225494e-4,FALSE,FALSE,FALSE,FALSE
010148,EVERGREEN MEDICAL CENTER,Hybrid_HWM,AL,2024,Neither current nor planned,4.3,147,4.55459897718609,-0.25459897718609026,-0.609925244048497,0.09110116667168697,6.665048231476481e-4,FALSE,FALSE,FALSE,FALSE
461302,MOAB REGIONAL HOSPITAL,Hybrid_HWM,UT,2023,Neither current nor planned,4.2,75,4.526846275494913,-0.3268462754949125,-0.7696744720789992,0.05902253278461794,6.639625981171756e-4,FALSE,FALSE,FALSE,FALSE
050468,MEMORIAL HOSPITAL OF GARDENA,Hybrid_HWM,CA,2024,Planned TEFCA,3.9,299,4.262169613093343,-0.3621696130933432,-0.8482351797247019,0.04855268985560416,6.559412885512445e-4,FALSE,FALSE,FALSE,FALSE
161351,AVERA HOLY FAMILY HOSPITAL,Hybrid_HWM,IA,2024,Neither current nor planned,5,97,4.525812373017422,0.47418762698257877,1.099997486963813,0.02938764677200094,6.539894738572604e-4,FALSE,FALSE,FALSE,FALSE
340061,UNC HOSPITALS,Hybrid_HWM,NC,2023,Planned TEFCA,3.5,2402,3.932287268084891,-0.43228726808489065,-1.005407335482244,0.0347198527544171,6.492517906852465e-4,FALSE,FALSE,FALSE,FALSE
161355,KNOXVILLE HOSPITAL & CLINICS,Hybrid_HWM,IA,2023,Neither current nor planned,5,120,4.547490557262979,0.45250944273702165,1.0509318845415683,0.03180517060009763,6.477756883953691e-4,FALSE,FALSE,FALSE,FALSE
521308,AMERY HOSPITAL & CLINIC,Hybrid_HWM,WI,2023,Planned TEFCA,4.1,97,4.324723638028841,-0.2247236380288415,-0.543642774970114,0.1088036937861687,6.450472653985931e-4,FALSE,FALSE,FALSE,FALSE
040019,FORREST CITY MEDICAL CENTER,Hybrid_HWM,AR,2024,Neither current nor planned,4.6,66,4.792723607307245,-0.1927236073072455,-0.4740292422725969,0.13798631364847205,6.430943031886205e-4,FALSE,FALSE,FALSE,FALSE
270057,BOZEMAN HEALTH DEACONESS HOSPITAL,Hybrid_HWM,MT,2023,Planned TEFCA,3.6,1056,3.791854901236905,-0.19185490123690496,-0.4721079777381943,0.13877531368481805,6.421288977695658e-4,FALSE,FALSE,FALSE,FALSE
271345,CENTRAL MONTANA MEDICAL CENTER,Hybrid_HWM,MT,2024,Neither current nor planned,4,110,4.1891618139944145,-0.18916181399441406,-0.4660983188762498,0.14106290726790946,6.379023398190618e-4,FALSE,FALSE,FALSE,FALSE
450690,THE UNIVERSITY OF TEXAS HEALTH SCIENCE CENTER AT TYLER,Hybrid_HWM,TX,2024,Neither current nor planned,4.1,85,4.503127146931474,-0.4031271469314746,-0.9393834763061737,0.03860244180251813,6.328342527137192e-4,FALSE,FALSE,FALSE,FALSE
231326,UNIVERSITY OF MICHIGAN HEALTH- SPARROW CLINTON,Hybrid_HWM,MI,2023,Neither current nor planned,3.8,94,4.1817236866898675,-0.38172368668986734,-0.8913180759571447,0.042635426326075844,6.319915390226661e-4,FALSE,FALSE,FALSE,FALSE
100296,DOCTORS HOSPITAL,Hybrid_HWM,FL,2023,Planned TEFCA,3.6,563,3.92565919564889,-0.32565919564888973,-0.7659903391915153,0.056846146937793975,6.319166215592418e-4,FALSE,FALSE,FALSE,FALSE
390330,ST LUKE'S HOSPITAL - MONROE CAMPUS,Hybrid_HWM,PA,2023,Planned TEFCA,3.5,1076,3.863561536747818,-0.363561536747818,-0.8506046262924466,0.0465533008417435,6.311181096439765e-4,FALSE,FALSE,FALSE,FALSE
040071,JEFFERSON REGIONAL MEDICAL CENTER,Hybrid_HWM,AR,2023,Neither current nor planned,4.8,691,4.603054774099146,0.19694522590085356,0.4825293508082214,0.13123241410340178,6.288136435853598e-4,FALSE,FALSE,FALSE,FALSE
061321,MT SAN RAFAEL HOSPITAL,Hybrid_HWM,CO,2023,Neither current nor planned,4.7,76,4.436972852953708,0.26302714704629226,0.6268767974436772,0.0816535224986558,6.245397498329615e-4,FALSE,FALSE,FALSE,FALSE
450678,WHITE ROCK MEDICAL CENTER,Hybrid_HWM,TX,2023,Planned TEFCA,4.7,171,4.3304815200056614,0.3695184799943384,0.8637286052134573,0.04472337006174091,6.239440984946511e-4,FALSE,FALSE,FALSE,FALSE
390156,MERCY CATHOLIC MEDICAL CENTER- MERCY FITZGERALD,Hybrid_HWM,PA,2023,Neither current nor planned,3.8,487,4.163183142906212,-0.3631831429062126,-0.8495044903936907,0.04607382156854432,6.226918869428515e-4,FALSE,FALSE,FALSE,FALSE
501323,JEFFERSON HEALTHCARE,Hybrid_HWM,WA,2023,Neither current nor planned,4.4,437,4.104518424780138,0.2954815752198625,0.6985439164941988,0.06651313456165218,6.213680859782571e-4,FALSE,FALSE,FALSE,FALSE
450604,HILL COUNTRY MEMORIAL HOSPITAL,Hybrid_HWM,TX,2024,Neither current nor planned,4.7,465,4.324347528300049,0.37565247169995036,0.8772936652882223,0.04300403504038531,6.178152665506272e-4,FALSE,FALSE,FALSE,FALSE
111335,LIBERTY REGIONAL MEDICAL CENTER,Hybrid_HWM,GA,2023,Neither current nor planned,4.8,29,4.535010271794023,0.2649897282059774,0.6308775558056157,0.07967509022152139,6.158790482984322e-4,FALSE,FALSE,FALSE,FALSE
200018,NORTHERN LIGHT  A R GOULD HOSPITAL,Hybrid_HWM,ME,2023,Current TEFCA,4.4,213,4.185035039808167,0.2149649601918337,0.5209601906149623,0.11200024773725148,6.119638720186101e-4,FALSE,FALSE,FALSE,FALSE
431338,AVERA GREGORY HOSPITAL,Hybrid_HWM,SD,2024,Neither current nor planned,4,80,4.311730024721349,-0.3117300247213488,-0.7340122814309776,0.05893369821273323,6.02944945505538e-4,FALSE,FALSE,FALSE,FALSE
420087,ROPER HOSPITAL,Hybrid_HWM,SC,2024,Planned TEFCA,3.5,2344,3.696234762665656,-0.19623476266565607,-0.4797067799157194,0.12731305332596207,6.002124549663444e-4,FALSE,FALSE,FALSE,FALSE
390079,ROBERT PACKER HOSPITAL,Hybrid_HWM,PA,2023,Planned TEFCA,4.2,1590,3.8080761652519572,0.39192383474804277,0.9132876831848229,0.0386980233055728,5.997490976589267e-4,FALSE,FALSE,FALSE,FALSE
351319,PEMBINA COUNTY MEMORIAL HOSPITAL,Hybrid_HWM,ND,2023,Neither current nor planned,4,56,4.116447564553573,-0.11644756455357287,-0.30904244499296674,0.2597291028742293,5.99235072060011e-4,FALSE,TRUE,FALSE,FALSE
100125,HOMESTEAD HOSPITAL,Hybrid_HWM,FL,2023,Planned TEFCA,4.3,245,3.9877624388783866,0.31223756112161327,0.7349074772612738,0.05816360816017898,5.960296135615613e-4,FALSE,FALSE,FALSE,FALSE
450874,BAYLOR SURGICAL HOSPITAL AT LAS COLINAS,Hybrid_HWM,TX,2023,Neither current nor planned,4.1,93,4.482781872291511,-0.38278187229151134,-0.8923855425964955,0.03961904799826688,5.868361043410466e-4,FALSE,FALSE,FALSE,FALSE
460014,MOUNTAIN WEST MEDICAL CENTER,Hybrid_HWM,UT,2023,Neither current nor planned,3.9,160,4.232066927462467,-0.3320669274624675,-0.7785981072477549,0.05083804206635666,5.801717219515359e-4,FALSE,FALSE,FALSE,FALSE
531305,PLATTE COUNTY HOSPITAL,Hybrid_HWM,WY,2024,Planned TEFCA,4.2,86,4.391656736268966,-0.19165673626896546,-0.4687343147104028,0.1281417962388133,5.773569627719909e-4,FALSE,FALSE,FALSE,FALSE
340114,REX HOSPITAL,Hybrid_HWM,NC,2023,Planned TEFCA,3.5,3860,3.8968799661719618,-0.39687996617196186,-0.9237246010047768,0.03635264209401867,5.749303102261987e-4,FALSE,FALSE,FALSE,FALSE
150005,HENDRICKS REGIONAL HEALTH,Hybrid_HWM,IN,2024,Planned TEFCA,4.2,851,4.0031811467551,0.19681885324490017,0.4797776772920818,0.12236957641142505,5.738265673073504e-4,FALSE,FALSE,FALSE,FALSE
501329,PEACEHEALTH UNITED GENERAL MEDICAL CENTER,Hybrid_HWM,WA,2023,Current TEFCA,3.9,110,4.183528149265074,-0.28352814926507414,-0.6698783124605403,0.06543715659591105,5.615609576769944e-4,FALSE,FALSE,FALSE,FALSE
260141,UNIVERSITY OF MISSOURI HEALTH CARE,Hybrid_HWM,MO,2024,Current TEFCA,4.3,2066,4.188946963822962,0.11105303617703717,0.29555528612812815,0.2638879213875408,5.600020773076173e-4,FALSE,TRUE,FALSE,FALSE
500036,YAKIMA VALLEY MEMORIAL,Hybrid_HWM,WA,2023,Neither current nor planned,3.9,1489,4.173707173231512,-0.27370717323151217,-0.6480023956049504,0.06930500116250618,5.58880959706391e-4,FALSE,FALSE,FALSE,FALSE
161346,SIOUX CENTER HEALTH,Hybrid_HWM,IA,2024,Neither current nor planned,4.1,88,4.53308051691954,-0.4330805169195403,-1.004507702207535,0.029440649553614594,5.465597237643766e-4,FALSE,FALSE,FALSE,FALSE
341311,CHATHAM HOSPITAL INC,Hybrid_HWM,NC,2023,Planned TEFCA,3.8,86,4.180821461323648,-0.380821461323648,-0.8867655656978276,0.03735931401717566,5.451429974605118e-4,FALSE,FALSE,FALSE,FALSE
241374,PIPESTONE COUNTY  MEDICAL CENTER,Hybrid_HWM,MN,2024,Neither current nor planned,4.2,44,4.364557773830073,-0.1645577738300733,-0.40840040607707395,0.15339775743548825,5.403736070181809e-4,FALSE,FALSE,FALSE,FALSE
050782,CASA COLINA HOSPITAL,Hybrid_HWM,CA,2024,Neither current nor planned,4.1,112,4.416706372853425,-0.3167063728534253,-0.7429089581279387,0.051754009623210175,5.382855452004142e-4,FALSE,FALSE,FALSE,FALSE
461300,INTERMOUNTAIN HEALTH DELTA COMMUNITY HOSPITAL,Hybrid_HWM,UT,2023,Planned TEFCA,3.9,43,4.249643937976731,-0.3496439379767312,-0.8165272467033359,0.0430972356976162,5.364916204521321e-4,FALSE,FALSE,FALSE,FALSE
050159,VENTURA COUNTY MEDICAL CENTER,Hybrid_HWM,CA,2024,Neither current nor planned,4.6,612,4.263608721531555,0.33639127846844474,0.7868089976992689,0.04616033412098478,5.353092912700791e-4,FALSE,FALSE,FALSE,FALSE
431340,AVERA QUEEN OF PEACE,Hybrid_HWM,SD,2024,Neither current nor planned,4.5,306,4.2115942228800725,0.2884057771199275,0.6795994023173235,0.060452170158112224,5.311034960979227e-4,FALSE,FALSE,FALSE,FALSE
230017,BRONSON METHODIST HOSPITAL,Hybrid_HWM,MI,2023,Current TEFCA,3.6,1920,3.9589311474195306,-0.3589311474195304,-0.8370378333342896,0.04035083117339039,5.263164415781161e-4,FALSE,FALSE,FALSE,FALSE
050204,PALMDALE REGIONAL MEDICAL CENTER,Hybrid_HWM,CA,2024,Neither current nor planned,4.6,584,4.267104275291988,0.3328957247080115,0.7786005040850243,0.046100019235492055,5.234907381880913e-4,FALSE,FALSE,FALSE,FALSE
230099,PROMEDICA MONROE REGIONAL HOSPITAL,Hybrid_HWM,MI,2023,Planned TEFCA,4.3,488,3.9790311433500474,0.32096885664995245,0.751905508760272,0.04920462276463768,5.228230356844609e-4,FALSE,FALSE,FALSE,FALSE
030130,BANNER IRONWOOD MEDICAL CENTER,Hybrid_HWM,AZ,2024,Planned TEFCA,3.8,385,4.104465745408856,-0.30446574540885624,-0.7150394012571859,0.054051005540523674,5.220863701180768e-4,FALSE,FALSE,FALSE,FALSE
431315,WAGNER COMMUNITY MEMORIAL HOSPITAL - CAH,Hybrid_HWM,SD,2024,Neither current nor planned,4.1,30,4.384940493079803,-0.28494049307980374,-0.671394751991425,0.060359277398459546,5.175184710328192e-4,FALSE,FALSE,FALSE,FALSE
340171,NOVANT HEALTH MATTHEWS MEDICAL CENTER,Hybrid_HWM,NC,2024,Neither current nor planned,3.7,1175,4.079789613070759,-0.37978961307075915,-0.8834690989604008,0.035419518417839316,5.119753117364407e-4,FALSE,FALSE,FALSE,FALSE
060004,INTERMOUNTAIN HEALTH PLATTE VALLEY HOSPITAL,Hybrid_HWM,CO,2023,Planned TEFCA,4.3,207,4.043458803876242,0.2565411961237579,0.6081045570144593,0.07165019498082975,5.101588754033523e-4,FALSE,FALSE,FALSE,FALSE
450869,DOCTORS HOSPTAL AT RENAISSANCE,Hybrid_HWM,TX,2023,Neither current nor planned,4.7,684,4.359441451831079,0.3405585481689219,0.7948314520586529,0.04199731587390264,4.94844553907251e-4,FALSE,FALSE,FALSE,FALSE
160033,GENESIS MEDICAL CENTER-DAVENPORT,Hybrid_HWM,IA,2024,Current TEFCA,4,2116,4.323705390131947,-0.32370539013194655,-0.756762182239492,0.045284794835857727,4.8540218660522683e-4,FALSE,FALSE,FALSE,FALSE
380102,SACRED HEART MEDICAL CENTER - RIVERBEND,Hybrid_HWM,OR,2023,Current TEFCA,3.7,2155,3.9892851506021265,-0.2892851506021265,-0.6798051036074035,0.0552854771888402,4.8334730586839254e-4,FALSE,FALSE,FALSE,FALSE
100168,BOCA RATON REGIONAL HOSPITAL,Hybrid_HWM,FL,2023,Planned TEFCA,3.7,3885,3.9677715387447554,-0.267771538744755,-0.6318628597851607,0.06317758245653239,4.812540785743172e-4,FALSE,FALSE,FALSE,FALSE
100154,SOUTH MIAMI HOSPITAL,Hybrid_HWM,FL,2023,Planned TEFCA,3.6,998,3.8829289612305784,-0.2829289612305781,-0.6654040651371063,0.05683473021013531,4.7685918559677763e-4,FALSE,FALSE,FALSE,FALSE
160030,MARY GREELEY MEDICAL CENTER,Hybrid_HWM,IA,2023,Planned TEFCA,4.4,1446,4.069317967052252,0.330682032947748,0.772025007168485,0.042657697638830025,4.745492054902633e-4,FALSE,FALSE,FALSE,FALSE
490120,CHESAPEAKE GENERAL HOSPITAL,Hybrid_HWM,VA,2023,Planned TEFCA,3.6,2237,3.874949608759573,-0.2749496087595729,-0.6471999779389231,0.058507733052695646,4.65246494260876e-4,FALSE,FALSE,FALSE,FALSE
330157,SAMARITAN MEDICAL CENTER,Hybrid_HWM,NY,2023,Neither current nor planned,4.5,600,4.222819519438478,0.2771804805615215,0.6521545388731511,0.057641430946940464,4.6496987135790675e-4,FALSE,FALSE,FALSE,FALSE
281352,"COMMUNITY MEDICAL CENTER, INC",Hybrid_HWM,NE,2023,Neither current nor planned,4.6,176,4.37620790446133,0.2237920955386703,0.5338019227176488,0.08330457560478842,4.6291937208935716e-4,FALSE,FALSE,FALSE,FALSE
141335,MERCY HARVARD HOSPITAL,Hybrid_HWM,IL,2024,Current TEFCA,4.1,42,4.357067951984684,-0.25706795198468374,-0.6073629679730226,0.06555751298299806,4.6260501028872375e-4,FALSE,FALSE,FALSE,FALSE
220077,BAYSTATE MEDICAL CENTER,Hybrid_HWM,MA,2024,Planned TEFCA,3.3,4619,3.5441443132040846,-0.24414431320408497,-0.5786924586457788,0.07161606193361938,4.6179110782109463e-4,FALSE,FALSE,FALSE,FALSE
360013,WILSON MEMORIAL HOSPITAL,Hybrid_HWM,OH,2023,Planned TEFCA,4.6,281,4.284773469962225,0.3152265300377744,0.7369232873220759,0.04528554256637704,4.6031511974354644e-4,FALSE,FALSE,FALSE,FALSE
230297,KARMANOS CANCER CENTER,Hybrid_HWM,MI,2023,Neither current nor planned,4,121,4.323570693082207,-0.3235706930822073,-0.7555717130834051,0.04307353848278069,4.5918629870732834e-4,FALSE,FALSE,FALSE,FALSE
670090,CRESCENT MEDICAL CENTER LANCASTER,Hybrid_HWM,TX,2023,Neither current nor planned,4.2,57,4.518579230004037,-0.3185792300040365,-0.7443481593690024,0.04420942348474176,4.579535393170313e-4,FALSE,FALSE,FALSE,FALSE
140101,MORRIS HOSPITAL & HEALTHCARE CENTERS,Hybrid_HWM,IL,2024,Planned TEFCA,4.5,723,4.24806314109068,0.2519368589093202,0.595472988302,0.06630976563144358,4.501449903221636e-4,FALSE,FALSE,FALSE,FALSE
230069,TRINITY HEALTH LIVINGSTON HOSPITAL,Hybrid_HWM,MI,2024,Current TEFCA,3.7,539,4.041788448316594,-0.34178844831659344,-0.796077793334836,0.038081357557025845,4.4827822144989833e-4,FALSE,FALSE,FALSE,FALSE
030065,BANNER DESERT MEDICAL CENTER,Hybrid_HWM,AZ,2024,Planned TEFCA,3.7,2049,3.97967549014773,-0.2796754901477297,-0.6570061177854795,0.05470736058001288,4.464976382313333e-4,FALSE,FALSE,FALSE,FALSE
491308,RAPPAHANNOCK GENERAL HOSPITAL,Hybrid_HWM,VA,2024,Planned TEFCA,3.8,202,4.068065467408054,-0.26806546740805476,-0.6310855708226865,0.05880703433635727,4.447856996194315e-4,FALSE,FALSE,FALSE,FALSE
330096,JONES MEMORIAL HOSPITAL,Hybrid_HWM,NY,2024,Neither current nor planned,4.6,226,4.335669528025071,0.26433047197492876,0.6226753963087038,0.05997963120167699,4.422021665090284e-4,FALSE,FALSE,FALSE,FALSE
340024,SAMPSON REGIONAL MEDICAL CENTER,Hybrid_HWM,NC,2024,Planned TEFCA,4,243,4.303211364735861,-0.3032113647358615,-0.7093957893840752,0.04685488700583876,4.421044992894327e-4,FALSE,FALSE,FALSE,FALSE
010045,FAYETTE MEDICAL CENTER,Hybrid_HWM,AL,2023,Planned TEFCA,4.3,89,4.497179304143375,-0.19717930414337598,-0.4742893115917322,0.09865563226714447,4.402102853225415e-4,FALSE,FALSE,FALSE,FALSE
010007,MIZELL MEMORIAL HOSPITAL,Hybrid_HWM,AL,2023,Current TEFCA,4.8,125,4.6066447601968115,0.19335523980318825,0.4658957570714418,0.10177788785995463,4.397389969454576e-4,FALSE,FALSE,FALSE,FALSE
500016,CONFLUENCE HEALTH HOSPITAL,Hybrid_HWM,WA,2024,Planned TEFCA,3.6,1745,3.8567722899545362,-0.25677228995453594,-0.6054857441375261,0.06191925055438682,4.325523666841314e-4,FALSE,FALSE,FALSE,FALSE
390329,JEFFERSON EINSTEIN MONTGOMERY HOSPITAL,Hybrid_HWM,PA,2023,Planned TEFCA,3.7,1282,4.010436972346751,-0.3104369723467508,-0.725160765203555,0.04382133640110715,4.3067686169072995e-4,FALSE,FALSE,FALSE,FALSE
340050,SOUTHEASTERN REGIONAL MEDICAL CENTER,Hybrid_HWM,NC,2023,Planned TEFCA,4.4,589,4.037205519942928,0.36279448005707277,0.8427548167530314,0.03282335973717018,4.3061575654533774e-4,FALSE,FALSE,FALSE,FALSE
180027,MURRAY-CALLOWAY COUNTY HOSPITAL,Hybrid_HWM,KY,2023,Planned TEFCA,4.3,585,4.472208467097444,-0.17220846709744353,-0.4188418611899219,0.11848502683312884,4.216093431308574e-4,FALSE,FALSE,FALSE,FALSE
010029,THE EAST ALABAMA HEALTHCARE AUTHORITY,Hybrid_HWM,AL,2024,Neither current nor planned,4.2,1247,4.395010935328053,-0.19501093532805336,-0.4682785527541264,0.09560056690478014,4.144336166728908e-4,FALSE,FALSE,FALSE,FALSE
171347,SHERIDAN COUNTY HOSPITAL,Hybrid_HWM,KS,2024,Neither current nor planned,4.5,42,4.748989669299004,-0.2489896692990034,-0.5873428319229724,0.06261876611788836,4.119379404837532e-4,FALSE,FALSE,FALSE,FALSE
230075,BRONSON BATTLE CREEK HOSPITAL,Hybrid_HWM,MI,2023,Current TEFCA,3.7,783,4.025880584400737,-0.32588058440073653,-0.758961096052307,0.03800449346497778,4.066333318456078e-4,FALSE,FALSE,FALSE,FALSE
131327,GRITMAN MEDICAL CENTER,Hybrid_HWM,ID,2024,Current TEFCA,4.3,190,4.476145939609142,-0.1761459396091422,-0.42647622979762906,0.1104284491466788,4.037026645188514e-4,FALSE,FALSE,FALSE,FALSE
461307,INTERMOUNTAIN HEALTH HEBER VALLEY HOSPITAL,Hybrid_HWM,UT,2023,Planned TEFCA,3.9,74,4.209123736181242,-0.30912373618124245,-0.7212174705788709,0.04150667139109545,4.0253307046264706e-4,FALSE,FALSE,FALSE,FALSE
491307,"PAGE MEMORIAL HOSPITAL, INC",Hybrid_HWM,VA,2024,Planned TEFCA,3.8,178,4.051910495853532,-0.25191049585353176,-0.5933808081660158,0.05991449004228993,4.011315445580159e-4,FALSE,FALSE,FALSE,FALSE
381324,ST CHARLES MADRAS,Hybrid_HWM,OR,2024,Current TEFCA,4.2,53,4.44017555817359,-0.24017555817359004,-0.5671924741463593,0.06477154109846037,3.982938131179874e-4,FALSE,FALSE,FALSE,FALSE
460044,INTERMOUNTAIN HEALTH ALTA VIEW HOSPITAL,Hybrid_HWM,UT,2023,Planned TEFCA,3.8,273,4.111686352705144,-0.3116863527051437,-0.7267692853465806,0.04036780482319169,3.9706191058561953e-4,FALSE,FALSE,FALSE,FALSE
430014,AVERA ST LUKES,Hybrid_HWM,SD,2024,Neither current nor planned,4.4,630,4.157693076764325,0.24230692323567551,0.5716651454654561,0.06292851715323945,3.9231132177285007e-4,FALSE,FALSE,FALSE,FALSE
140133,HOLY CROSS HOSPITAL,Hybrid_HWM,IL,2024,Neither current nor planned,4.5,187,4.243211007863669,0.2567889921363302,0.6035110113336368,0.05565097949447585,3.8366986581812304e-4,FALSE,FALSE,FALSE,FALSE
230208,UNIVERSITY OF MICHIGAN HEALTH-SPARROW CARSON,Hybrid_HWM,MI,2023,Neither current nor planned,3.9,81,4.1928337326801,-0.2928337326800997,-0.6837237166340445,0.04302250390847005,3.7560518565618465e-4,FALSE,FALSE,FALSE,FALSE
341323,CHARLES A CANNON JR MEMORIAL HOSPITAL,Hybrid_HWM,NC,2023,Neither current nor planned,4,61,4.312554550062293,-0.3125545500622934,-0.7278451515322887,0.03786258967161749,3.725502882096099e-4,FALSE,FALSE,FALSE,FALSE
340041,CALDWELL MEMORIAL HOSPITAL,Hybrid_HWM,NC,2023,Planned TEFCA,4.4,412,4.06388256776909,0.33611743223091034,0.7808119097202894,0.0330425986109185,3.722534449121315e-4,FALSE,FALSE,FALSE,FALSE
110095,TIFT REGIONAL MEDICAL CENTER,Hybrid_HWM,GA,2023,Neither current nor planned,4.5,774,4.289867310741074,0.21013268925892623,0.4993767616871019,0.0765740575102183,3.697105938059238e-4,FALSE,FALSE,FALSE,FALSE
340014,NOVANT HEALTH FORSYTH MEDICAL CENTER,Hybrid_HWM,NC,2024,Neither current nor planned,4.3,3566,3.9969244947092477,0.303075505290752,0.7062099124945782,0.0391042807714567,3.627192473086419e-4,FALSE,FALSE,FALSE,FALSE
381306,WALLOWA MEMORIAL HOSPITAL,Hybrid_HWM,OR,2023,Neither current nor planned,4,96,4.245463875693321,-0.2454638756933214,-0.5772718605322721,0.05693134158266329,3.5961442910464983e-4,FALSE,FALSE,FALSE,FALSE
220030,BAYSTATE WING HOSPITAL,Hybrid_HWM,MA,2024,Planned TEFCA,3.9,719,3.682982702314363,0.2170172976856369,0.5140650835251388,0.07053257478294069,3.585149196205927e-4,FALSE,FALSE,FALSE,FALSE
140239,JAVON BEA HOSPITAL,Hybrid_HWM,IL,2024,Current TEFCA,3.9,838,4.133640231340204,-0.23364023134020415,-0.5508201406991381,0.06160839254548232,3.5609349749488647e-4,FALSE,FALSE,FALSE,FALSE
061317,GRAND RIVER HOSPITAL DISTRICT,Hybrid_HWM,CO,2024,Planned TEFCA,4.5,104,4.294757542667869,0.20524245733213112,0.48774369535530165,0.07654718112658208,3.525586151735865e-4,FALSE,FALSE,FALSE,FALSE
340183,NOVANT HEALTH HUNTERSVILLE MEDICAL CENTER,Hybrid_HWM,NC,2024,Neither current nor planned,4.4,1105,4.084374297781645,0.3156257022183549,0.7340236919583283,0.035295761413120255,3.5227031330728036e-4,FALSE,FALSE,FALSE,FALSE
250050,BAPTIST MEMORIAL HOSPITAL-OKTIBBEHA COUNTY,Hybrid_HWM,MS,2024,Planned TEFCA,4.9,252,4.794288077872872,0.10571192212712888,0.27139403885813984,0.2089599323777739,3.4794542853255883e-4,FALSE,TRUE,FALSE,FALSE
360174,UPPER VALLEY MEDICAL CENTER,Hybrid_HWM,OH,2024,Planned TEFCA,4.3,753,3.987348646863199,0.31265135313680104,0.7271070637383317,0.03531261447222406,3.45839376455223e-4,FALSE,FALSE,FALSE,FALSE
230059,MERCY HEALTH SAINT MARY'S,Hybrid_HWM,MI,2024,Current TEFCA,4.3,880,4.005198761190236,0.29480123880976333,0.6867606983411445,0.03867242902599113,3.39089548252662e-4,FALSE,FALSE,FALSE,FALSE
451306,KIMBLE HOSPITAL,Hybrid_HWM,TX,2023,Neither current nor planned,4.3,32,4.588009989356202,-0.2880099893562022,-0.67150736232251,0.04032756581085992,3.386633584605634e-4,FALSE,FALSE,FALSE,FALSE
340090,JOHNSTON HEALTH,Hybrid_HWM,NC,2023,Planned TEFCA,4.3,1216,3.9830982768722696,0.3169017231277302,0.7362136853668163,0.03325206874107271,3.3314899586425485e-4,FALSE,FALSE,FALSE,FALSE
340158,NOVANT HEALTH BRUNSWICK MEDICAL CENTER,Hybrid_HWM,NC,2024,Neither current nor planned,4.4,931,4.097163454985723,0.3028365450142777,0.704147417945123,0.03499493374354567,3.213362305663499e-4,FALSE,FALSE,FALSE,FALSE
361306,MERCY ALLEN HOSPITAL,Hybrid_HWM,OH,2024,Planned TEFCA,3.9,71,4.189201680128601,-0.2892016801286013,-0.6733026992563045,0.03751927679708077,3.1584146263813513e-4,FALSE,FALSE,FALSE,FALSE
030093,BANNER DEL E. WEBB MEDICAL CENTER,Hybrid_HWM,AZ,2024,Planned TEFCA,4.2,2434,3.9668234260203366,0.2331765739796638,0.5478373576027031,0.05512842113605309,3.130379258425523e-4,FALSE,FALSE,FALSE,FALSE
460039,BEAR RIVER VALLEY HOSPITAL,Hybrid_HWM,UT,2023,Planned TEFCA,4,36,4.262906309754584,-0.2629063097545842,-0.6140406002704645,0.04376035368779031,3.08422810858272e-4,FALSE,FALSE,FALSE,FALSE
340148,NOVANT HEALTH MEDICAL PARK HOSPITAL,Hybrid_HWM,NC,2024,Neither current nor planned,4,77,4.283203699561503,-0.28320369956150354,-0.6594971081371446,0.03800993661295017,3.0715031022045486e-4,FALSE,FALSE,FALSE,FALSE
231327,UNIVERSITY OF MICHIGAN HEALTH - SPARROW EATON,Hybrid_HWM,MI,2023,Neither current nor planned,3.9,114,4.167325087033839,-0.26732508703383917,-0.6238605685223136,0.042207162759927835,3.065628773197097e-4,FALSE,FALSE,FALSE,FALSE
450883,BAYLOR MEDICAL CENTER AT TROPHY CLUB,Hybrid_HWM,TX,2023,Neither current nor planned,4.1,66,4.347686104954348,-0.24768610495434829,-0.5795745215087477,0.04738930267279451,2.9871005214005805e-4,FALSE,FALSE,FALSE,FALSE
361328,PROMEDICA DEFIANCE REGIONAL HOSPITAL,Hybrid_HWM,OH,2023,Planned TEFCA,4.4,144,4.1491279717215335,0.2508720282784672,0.5866787566091978,0.046237667892746595,2.9827524499132315e-4,FALSE,FALSE,FALSE,FALSE
231332,BRONSON LAKEVIEW HOSPITAL,Hybrid_HWM,MI,2023,Current TEFCA,3.9,107,4.174439650548847,-0.27443965054884756,-0.6394691831890285,0.03919512376116192,2.981621414151615e-4,FALSE,FALSE,FALSE,FALSE
240001,NORTH MEMORIAL HEALTH HOSPITAL,Hybrid_HWM,MN,2023,Planned TEFCA,4,1312,3.882655639762945,0.11734436023705501,0.29258632929425477,0.16135971656981657,2.945542319729535e-4,FALSE,FALSE,FALSE,FALSE
050394,COMMUNITY MEMORIAL HOSPITAL - VENTURA,Hybrid_HWM,CA,2023,Neither current nor planned,4,1544,4.232839256801611,-0.23283925680161116,-0.5460743176048284,0.0517697091894176,2.910433131067409e-4,FALSE,FALSE,FALSE,FALSE
330140,ST JOSEPH'S HOSPITAL HEALTH CENTER,Hybrid_HWM,NY,2024,Planned TEFCA,4.1,2085,3.876688621767606,0.2233113782323936,0.5248285044021904,0.055773432159160204,2.908665521631375e-4,FALSE,FALSE,FALSE,FALSE
340015,NOVANT HEALTH ROWAN MEDICAL CENTER,Hybrid_HWM,NC,2024,Neither current nor planned,4.4,772,4.111141902765235,0.28885809723476547,0.6715329731539675,0.03474089462010213,2.900810885842105e-4,FALSE,FALSE,FALSE,FALSE
290049,RENOWN SOUTH MEADOWS MEDICAL CENTER,Hybrid_HWM,NV,2023,Neither current nor planned,4.1,802,4.196960606692927,-0.09696060669292683,-0.248695189861776,0.2075005985829301,2.896071349118819e-4,FALSE,TRUE,FALSE,FALSE
280134,KEARNEY REGIONAL MEDICAL CENTER,Hybrid_HWM,NE,2023,Neither current nor planned,4.1,742,4.268808988292395,-0.1688089882923954,-0.4038893981622186,0.08908331704666364,2.8525110952801544e-4,FALSE,FALSE,FALSE,FALSE
051324,NORTHERN INYO HOSPITAL,Hybrid_HWM,CA,2024,Neither current nor planned,4.6,180,4.354953032724885,0.24504696727511416,0.5730343234737093,0.046187590492617954,2.842465316473982e-4,FALSE,FALSE,FALSE,FALSE
261322,EXCELSIOR SPRINGS HOSPITAL,Hybrid_HWM,MO,2023,Neither current nor planned,4.4,34,4.479483894514791,-0.07948389451479128,-0.21120858392563696,0.26164298803851727,2.8270384167987524e-4,FALSE,TRUE,FALSE,FALSE
360086,SPRINGFIELD REGIONAL MEDICAL CENTER,Hybrid_HWM,OH,2024,Planned TEFCA,3.7,1000,3.9917695496890744,-0.291769549689074,-0.677704929512574,0.03302813087265349,2.803711917895925e-4,FALSE,FALSE,FALSE,FALSE
491305,SHENANDOAH MEMORIAL HOSPITAL,Hybrid_HWM,VA,2024,Planned TEFCA,3.8,298,4.013447040910583,-0.21344704091058322,-0.5023316038864822,0.05838625283881642,2.797321866223742e-4,FALSE,FALSE,FALSE,FALSE
370015,HILLCREST HOSPITAL PRYOR,Hybrid_HWM,OK,2024,Neither current nor planned,4.1,82,4.314680660217694,-0.21468066021769464,-0.5048983053776398,0.057126766792616183,2.7613154067769396e-4,FALSE,FALSE,FALSE,FALSE
100316,PALM BAY HOSPITAL,Hybrid_HWM,FL,2023,Neither current nor planned,4.4,964,4.204240632402875,0.19575936759712487,0.46281607326249447,0.06701289113708857,2.750738563956254e-4,FALSE,FALSE,FALSE,FALSE
381303,PROVIDENCE SEASIDE HOSPITAL,Hybrid_HWM,OR,2023,Planned TEFCA,3.8,262,4.038089302200064,-0.23808930220006444,-0.5570551096424451,0.04721117919110223,2.7487069910200125e-4,FALSE,FALSE,FALSE,FALSE
380021,HILLSBORO MEDICAL CENTER,Hybrid_HWM,OR,2023,Neither current nor planned,3.9,412,4.111139677590417,-0.21113967759041685,-0.4968059249865827,0.05803251333966817,2.7185442283077276e-4,FALSE,FALSE,FALSE,FALSE
360016,THE JEWISH HOSPITAL-MERCY HEALTH,Hybrid_HWM,OH,2024,Planned TEFCA,3.7,1110,3.9839799720675635,-0.2839799720675632,-0.6596477209260236,0.0331703508709628,2.668226602937261e-4,FALSE,FALSE,FALSE,FALSE
030016,BANNER CASA GRANDE MEDICAL CENTER,Hybrid_HWM,AZ,2024,Planned TEFCA,4.3,521,4.081886221330503,0.21811377866949638,0.5120481428258825,0.05370862887262788,2.660465609350113e-4,FALSE,FALSE,FALSE,FALSE
340016,HARRIS REGIONAL HOSPITAL,Hybrid_HWM,NC,2023,Neither current nor planned,4.1,374,4.363490753225786,-0.26349075322578636,-0.6134467355982307,0.037644701450306926,2.631242480418193e-4,FALSE,FALSE,FALSE,FALSE
161345,OSCEOLA COMMUNITY HOSPITAL,Hybrid_HWM,IA,2024,Neither current nor planned,4.3,39,4.593821834565135,-0.293821834565136,-0.6816578162293054,0.030709019813824633,2.631012336587374e-4,FALSE,FALSE,FALSE,FALSE
070002,ST FRANCIS HOSPITAL & MEDICAL CENTER,Hybrid_HWM,CT,2024,Current TEFCA,3.9,1608,3.7570748867776667,0.14292511322233323,0.34559432779186244,0.10820222451747682,2.591299733766926e-4,FALSE,FALSE,FALSE,FALSE
490136,BON SECOURS ST FRANCIS MEDICAL CENTER,Hybrid_HWM,VA,2024,Planned TEFCA,3.7,1743,3.9072061340343396,-0.2072061340343394,-0.4873814240650794,0.05739300708310353,2.585830309539704e-4,FALSE,FALSE,FALSE,FALSE
360172,MERCY REGIONAL MEDICAL CENTER,Hybrid_HWM,OH,2024,Planned TEFCA,4.3,699,4.0184989735680325,0.2815010264319674,0.6537347317317014,0.032724472380126934,2.584219259623692e-4,FALSE,FALSE,FALSE,FALSE
030147,BANNER OCOTILLO MEDICAL CENTER,Hybrid_HWM,AZ,2024,Planned TEFCA,3.9,346,4.112437787209243,-0.21243778720924233,-0.49885278330822475,0.05422055239610652,2.5506147798415275e-4,FALSE,FALSE,FALSE,FALSE
390067,UPMC PINNACLE HOSPITALS,Hybrid_HWM,PA,2023,Planned TEFCA,3.5,3376,3.7518743589853774,-0.25187435898537736,-0.5869489951227673,0.03948574025235432,2.531615276691398e-4,FALSE,FALSE,FALSE,FALSE
220015,"COOLEY DICKINSON HOSPITAL INC,THE",Hybrid_HWM,MA,2023,Planned TEFCA,3.3,1027,3.4820453112972505,-0.18204531129725088,-0.4308847668469923,0.06918242345340439,2.4673045326760684e-4,FALSE,FALSE,FALSE,FALSE
070036,JOHN DEMPSEY HOSPITAL OF THE UNIVERSITY OF CONNECT,Hybrid_HWM,CT,2024,Planned TEFCA,3.8,992,3.659052182007096,0.14094781799290368,0.34043636064509397,0.10623175852509849,2.463306130883625e-4,FALSE,FALSE,FALSE,FALSE
050641,EAST LOS ANGELES DOCTORS HOSPITAL,Hybrid_HWM,CA,2023,Planned TEFCA,4.6,57,4.39784420770148,0.20215579229851996,0.4753428965496728,0.056778236342114485,2.4317772534893762e-4,FALSE,FALSE,FALSE,FALSE
200008,NORTHERN LIGHT MERCY HOSPITAL,Hybrid_HWM,ME,2023,Current TEFCA,4,418,4.134712609238079,-0.13471260923807932,-0.3265359839235201,0.1125822006323391,2.4189511579938088e-4,FALSE,FALSE,FALSE,FALSE
161334,HUMBOLDT COUNTY MEMORIAL HOSPITAL,Hybrid_HWM,IA,2024,Neither current nor planned,4.3,52,4.59794476733563,-0.2979447673356296,-0.6900983686032823,0.027529745779652195,2.409451641971637e-4,FALSE,FALSE,FALSE,FALSE
060071,DELTA COUNTY MEMORIAL HOSPITAL,Hybrid_HWM,CO,2024,Planned TEFCA,4.4,248,4.22989134133215,0.1701086586678503,0.40412890844452093,0.07609872649074001,2.405338696576922e-4,FALSE,FALSE,FALSE,FALSE
050334,SALINAS VALLEY MEMORIAL HOSPITAL,Hybrid_HWM,CA,2023,Planned TEFCA,3.7,1795,3.9284676024701453,-0.22846760247014514,-0.5338425686014113,0.0447463176334833,2.3865264341212347e-4,FALSE,FALSE,FALSE,FALSE
381313,ST CHARLES MEDICAL CENTER PRINEVILLE,Hybrid_HWM,OR,2023,Neither current nor planned,4,82,4.20529446297878,-0.20529446297877985,-0.4820631354555242,0.05418437125879049,2.380195769293454e-4,FALSE,FALSE,FALSE,FALSE
340075,"BLUE RIDGE HEALTHCARE HOSPITALS, INC",Hybrid_HWM,NC,2023,Planned TEFCA,4.3,646,4.03031064602899,0.2696893539710096,0.6263155992807019,0.03281294693343054,2.378751273810073e-4,FALSE,FALSE,FALSE,FALSE
520071,FORT MEMORIAL HOSPITAL,Hybrid_HWM,WI,2023,Neither current nor planned,4.7,195,4.565730927984624,0.13426907201537638,0.3250087307529713,0.11011277694775153,2.337313072274985e-4,FALSE,FALSE,FALSE,FALSE
380061,PROVIDENCE PORTLAND MEDICAL CENTER,Hybrid_HWM,OR,2023,Planned TEFCA,3.7,1366,3.9148341426852227,-0.21483414268522236,-0.5030687539572021,0.04890051930379521,2.326297900827356e-4,FALSE,FALSE,FALSE,FALSE
140135,DECATUR MEMORIAL HOSPITAL,Hybrid_HWM,IL,2023,Neither current nor planned,4.3,1316,4.1095319751357255,0.19046802486427417,0.4485924971692011,0.059890002869834265,2.292124951748105e-4,FALSE,FALSE,FALSE,FALSE
171354,"COMMUNITY HOSPITAL, ONAGA AND ST MARYS CAMPUS",Hybrid_HWM,KS,2023,Current TEFCA,4.5,90,4.680112416419967,-0.1801124164199674,-0.42531793224010295,0.06484303015160825,2.2427389084020747e-4,FALSE,FALSE,FALSE,FALSE
270014,ST. PATRICK HOSPITAL,Hybrid_HWM,MT,2023,Planned TEFCA,3.6,1967,3.7190872242820965,-0.1190872242820962,-0.29131225499799013,0.12869207689410958,2.2414856829748952e-4,FALSE,FALSE,FALSE,FALSE
171346,HOSPITAL DISTRICT #6 PATTERSON HEALTH CENTER,Hybrid_HWM,KS,2023,Neither current nor planned,4.5,51,4.694527047851061,-0.19452704785106115,-0.4572426303505598,0.056133755739056275,2.2231067832044507e-4,FALSE,FALSE,FALSE,FALSE
040050,OUACHITA COUNTY MEDICAL CENTER,Hybrid_HWM,AR,2024,Neither current nor planned,4.8,140,4.684659136484708,0.11534086351529217,0.2830373344985533,0.1341662343017213,2.219922081600849e-4,FALSE,FALSE,FALSE,FALSE
330267,HUDSON VALLEY HOSPITAL CENTER,Hybrid_HWM,NY,2023,Planned TEFCA,3.7,1236,3.9020863386865843,-0.20208633868658432,-0.47395755490416724,0.05191001177633656,2.198989006418019e-4,FALSE,FALSE,FALSE,FALSE
370227,ST JOHN OWASSO,Hybrid_HWM,OK,2023,Planned TEFCA,4.2,109,4.385593911431808,-0.18559391143180776,-0.4371419895349405,0.06003002598644245,2.1820523190970025e-4,FALSE,FALSE,FALSE,FALSE
030089,BANNER THUNDERBIRD MEDICAL CENTER,Hybrid_HWM,AZ,2024,Planned TEFCA,4.2,1491,4.00340435190485,0.19659564809514998,0.46161018877862114,0.054103393905312026,2.179124859524851e-4,FALSE,FALSE,FALSE,FALSE
100350,UCF LAKE NONA HOSPITAL,Hybrid_HWM,FL,2024,Neither current nor planned,4.1,157,4.275803669306769,-0.17580366930676944,-0.4152940669512575,0.06553456077876753,2.1627031681356842e-4,FALSE,FALSE,FALSE,FALSE
050063,HOLLYWOOD PRESBYTERIAN MEDICAL CENTER,Hybrid_HWM,CA,2024,Current TEFCA,4.1,816,4.295712146472311,-0.19571214647231122,-0.45951091097718244,0.05400417547535081,2.155170339383024e-4,FALSE,FALSE,FALSE,FALSE
370001,HILLCREST MEDICAL CENTER,Hybrid_HWM,OK,2024,Neither current nor planned,3.9,1869,4.081318835217894,-0.18131883521789463,-0.4274294209212125,0.061611133516923926,2.144749067166281e-4,FALSE,FALSE,FALSE,FALSE
161316,GUNDERSEN PALMER LUTHERAN HOSPITAL AND CLINICS,Hybrid_HWM,IA,2023,Neither current nor planned,4.2,36,4.425471278357454,-0.2254712783574539,-0.5259537975660897,0.04153244897284907,2.1429513230765366e-4,FALSE,FALSE,FALSE,FALSE
160083,MERCYONE DES MOINES MEDICAL CENTER,Hybrid_HWM,IA,2024,Planned TEFCA,4.4,3225,4.183770780687186,0.2162292193128142,0.5050932716548102,0.0442132240923813,2.109871723513194e-4,FALSE,FALSE,FALSE,FALSE
150002,METHODIST HOSPITALS INC,Hybrid_HWM,IN,2024,Planned TEFCA,4.1,834,3.9790913897842253,0.12090861021577425,0.29410729981056016,0.11882371789439355,2.0858791243872507e-4,FALSE,FALSE,FALSE,FALSE
460061,INTERMOUNTAIN HEALTH LAYTON HOSPITAL,Hybrid_HWM,UT,2023,Planned TEFCA,3.9,226,4.125788859615944,-0.22578885961594386,-0.526355891226322,0.04029781374197618,2.079747819352182e-4,FALSE,FALSE,FALSE,FALSE
380038,PROVIDENCE WILLAMETTE FALLS MEDICAL CENTER,Hybrid_HWM,OR,2023,Planned TEFCA,3.8,400,4.006507029903273,-0.2065070299032728,-0.483096171182962,0.047065547062793346,2.0608380987878895e-4,FALSE,FALSE,FALSE,FALSE
231331,SPARROW IONIA HOSPITAL,Hybrid_HWM,MI,2023,Neither current nor planned,4,61,4.214000189296864,-0.21400018929686396,-0.49980153405828376,0.04389645669842855,2.050430558733352e-4,FALSE,FALSE,FALSE,FALSE
200039,MAINE GENERAL MEDICAL CENTER,Hybrid_HWM,ME,2023,Planned TEFCA,3.9,724,4.010826952457701,-0.11082695245770124,-0.27126489616114746,0.12972863713744337,1.9616177948140388e-4,FALSE,FALSE,FALSE,FALSE
161357,PALO ALTO COUNTY HOSPITAL,Hybrid_HWM,IA,2024,Neither current nor planned,4.3,78,4.567680284117514,-0.26768028411751404,-0.6198037337974432,0.027055285181736367,1.9094386064626699e-4,FALSE,FALSE,FALSE,FALSE
190114,CLAIBORNE MEMORIAL MEDICAL CENTER,Hybrid_HWM,LA,2024,Neither current nor planned,5.1,169,4.9766907668414015,0.12330923315859836,0.2979308723020397,0.10685560617387012,1.8990757740015946e-4,FALSE,FALSE,FALSE,FALSE
330033,CHENANGO MEMORIAL HOSPITAL,Hybrid_HWM,NY,2023,Current TEFCA,4,145,4.170515853517889,-0.17051585351788906,-0.4017575468064183,0.06068189801484545,1.8644916358640545e-4,FALSE,FALSE,FALSE,FALSE
500002,PROVIDENCE ST MARY MEDICAL CENTER,Hybrid_HWM,WA,2023,Planned TEFCA,4.1,876,3.9201754566018776,0.17982454339812182,0.422446208468202,0.055117013710678474,1.861335643310604e-4,FALSE,FALSE,FALSE,FALSE
140275,GENESIS HLTH SYSTEM DBA GENESIS MDL CTR-ILLINI,Hybrid_HWM,IL,2024,Current TEFCA,4.2,316,4.366386625206513,-0.16638662520651235,-0.3925002053385828,0.06294891762656472,1.8505281693568387e-4,FALSE,FALSE,FALSE,FALSE
330175,GUTHRIE CORTLAND REGIONAL MEDICAL CENTER,Hybrid_HWM,NY,2023,Planned TEFCA,3.8,410,3.9844515168999872,-0.18445151689998726,-0.43265926473919647,0.052233493580916356,1.8446244599432658e-4,FALSE,FALSE,FALSE,FALSE
431312,MARSHALL COUNTY HEALTHCARE CENTER - CAH,Hybrid_HWM,SD,2024,Neither current nor planned,4.2,37,4.369286659091435,-0.16928665909143487,-0.3986893071080989,0.0598744346225164,1.810140597035393e-4,FALSE,FALSE,FALSE,FALSE
341327,J ARTHUR DOSHER MEMORIAL HOSPITAL,Hybrid_HWM,NC,2023,Neither current nor planned,4.2,145,4.408619200361851,-0.2086192003618512,-0.48643956569483515,0.04079037640479853,1.7990214917325967e-4,FALSE,FALSE,FALSE,FALSE
070005,WATERBURY HOSPITAL,Hybrid_HWM,CT,2023,Planned TEFCA,4,923,3.8882833768536478,0.11171662314635208,0.2716295911132651,0.11807291870964134,1.766516432786011e-4,FALSE,FALSE,FALSE,FALSE
461310,BLUE MOUNTAIN HOSPITAL,Hybrid_HWM,UT,2024,Planned TEFCA,4.6,49,4.439815246014506,0.16018475398549345,0.3780586316877338,0.06389915599694189,1.7445737997723242e-4,FALSE,FALSE,FALSE,FALSE
051320,BANNER LASSEN MEDICAL CENTER,Hybrid_HWM,CA,2024,Planned TEFCA,4.1,135,4.295926199643745,-0.1959261996437447,-0.45771501894670164,0.04448196094146565,1.743766432563342e-4,FALSE,FALSE,FALSE,FALSE
500051,OVERLAKE HOSPITAL MEDICAL CENTER,Hybrid_HWM,WA,2024,Planned TEFCA,3.7,1601,3.8632008642285873,-0.16320086422858698,-0.3847469069059457,0.06179720106492823,1.7434817503672449e-4,FALSE,FALSE,FALSE,FALSE
390035,ST LUKE'S HOSPITAL - UPPER BUCKS CAMPUS,Hybrid_HWM,PA,2023,Planned TEFCA,3.7,751,3.890402590737072,-0.19040259073707175,-0.44534378212715836,0.04678370563629958,1.7404219438588227e-4,FALSE,FALSE,FALSE,FALSE
361310,MERCY HEALTH - WILLARD HOSPITAL,Hybrid_HWM,OH,2024,Planned TEFCA,4.4,75,4.185110716638903,0.21488928336109792,0.5001475007851055,0.03726817566308347,1.7312274637575973e-4,FALSE,FALSE,FALSE,FALSE
431331,AVERA DELLS AREA HOSPITAL  - CAH,Hybrid_HWM,SD,2024,Neither current nor planned,4.2,39,4.365357257136129,-0.16535725713612887,-0.3894108532875311,0.05976810564187845,1.723626620280518e-4,FALSE,FALSE,FALSE,FALSE
490067,BON SECOURS SOUTHSIDE MEDICAL CENTER,Hybrid_HWM,VA,2024,Planned TEFCA,4.1,1279,3.9303098300650094,0.16969016993499006,0.3990217254715037,0.05696016825854945,1.7195772858968284e-4,FALSE,FALSE,FALSE,FALSE
130007,SAINT ALPHONSUS REGIONAL MEDICAL CENTER,Hybrid_HWM,ID,2024,Current TEFCA,4.2,1746,4.310586936187444,-0.11058693618744399,-0.26840049967115154,0.11490261717338024,1.672447911072013e-4,FALSE,FALSE,FALSE,FALSE
500030,ST JOSEPH HOSPITAL,Hybrid_HWM,WA,2023,Current TEFCA,3.8,2271,3.957551671575132,-0.157551671575132,-0.3715923191674979,0.06263690767102234,1.6499006004684998e-4,FALSE,FALSE,FALSE,FALSE
180048,EPHRAIM MCDOWELL REGIONAL MEDICAL CENTER,Hybrid_HWM,KY,2024,Planned TEFCA,4.5,716,4.605854935475566,-0.10585493547556644,-0.2578874738873028,0.121568335805665,1.645977413288024e-4,FALSE,FALSE,FALSE,FALSE
161323,MITCHELL COUNTY REGIONAL HEALTH,Hybrid_HWM,IA,2024,Neither current nor planned,4.3,101,4.54839207385338,-0.24839207385338036,-0.5750854541362782,0.026943876948279256,1.637031039861594e-4,FALSE,FALSE,FALSE,FALSE
140018,MT SINAI HOSPITAL MEDICAL CENTER,Hybrid_HWM,IL,2024,Neither current nor planned,4.4,216,4.232449972874792,0.16755002712520814,0.3936997495558163,0.05557909706621835,1.6310469064638854e-4,FALSE,FALSE,FALSE,FALSE
060009,LUTHERAN MEDICAL CENTER,Hybrid_HWM,CO,2023,Planned TEFCA,3.8,795,3.9430195956343894,-0.14301959563438957,-0.3391616386831722,0.07283478089603637,1.6158936980447493e-4,FALSE,FALSE,FALSE,FALSE
340070,ALAMANCE REGIONAL MEDICAL CENTER,Hybrid_HWM,NC,2023,Planned TEFCA,3.8,741,4.020069762272246,-0.2200697622722462,-0.5110334350591601,0.03283254477436882,1.5849628446491096e-4,FALSE,FALSE,FALSE,FALSE
390228,ST CLAIR HOSPITAL,Hybrid_HWM,PA,2023,Planned TEFCA,4.2,1245,4.012622907584873,0.18737709241512696,0.43758355343007127,0.04381295606281712,1.568725579088884e-4,FALSE,FALSE,FALSE,FALSE
460062,INTERMOUNTAIN HEALTH SPANISH FORK HOSPITAL,Hybrid_HWM,UT,2023,Planned TEFCA,4,92,4.192872550589078,-0.1928725505890782,-0.4497723668259536,0.04105309961444013,1.548441568337107e-4,FALSE,FALSE,FALSE,FALSE
460023,AMERICAN FORK HOSPITAL,Hybrid_HWM,UT,2023,Planned TEFCA,3.9,355,4.092082088053132,-0.19208208805313262,-0.4478219628012336,0.04059713557038473,1.5172748082158434e-4,FALSE,FALSE,FALSE,FALSE
061310,SEDGWICK COUNTY MEMORIAL HOSPITAL,Hybrid_HWM,CO,2023,Neither current nor planned,4.6,48,4.471272989247915,0.12872701075208504,0.3068371062539374,0.08232521205111819,1.510399269733811e-4,FALSE,FALSE,FALSE,FALSE
451347,COLEMAN COUNTY MEDICAL CENTER COMPANY,Hybrid_HWM,TX,2023,Neither current nor planned,4.7,100,4.50296101953831,0.1970389804616908,0.45888325754113346,0.03850994012947446,1.5079421812171017e-4,FALSE,FALSE,FALSE,FALSE
500054,PROV SACRED HRT MED CTR & CHILDS HOSP.,Hybrid_HWM,WA,2023,Planned TEFCA,4,2498,3.841960256509363,0.1580397434906369,0.3715191886293605,0.0564490157504145,1.47657463147341e-4,FALSE,FALSE,FALSE,FALSE
161368,FLOYD VALLEY HEALTHCARE,Hybrid_HWM,IA,2024,Neither current nor planned,4.3,99,4.524289026271593,-0.22428902627159358,-0.5199075712964744,0.02937921376358498,1.4626963757933991e-4,FALSE,FALSE,FALSE,FALSE
360163,CHRIST HOSPITAL,Hybrid_HWM,OH,2023,Planned TEFCA,4.1,2550,3.9082668187153247,0.19173318128467504,0.4466164552582608,0.03891360316295979,1.4440036202905237e-4,FALSE,FALSE,FALSE,FALSE
171344,WILSON MEDICAL CENTER,Hybrid_HWM,KS,2024,Neither current nor planned,4.6,27,4.755629551973553,-0.1556295519735532,-0.3657902939156436,0.056130124128380754,1.4228300420266433e-4,FALSE,FALSE,FALSE,FALSE
160153,MERCYONE SIOUXLAND MEDICAL CENTER,Hybrid_HWM,IA,2024,Neither current nor planned,4.6,855,4.388959465754181,0.21104053424581912,0.48977552907722294,0.03171639392996975,1.4047774954740067e-4,FALSE,FALSE,FALSE,FALSE
360012,MOUNT CARMEL ST ANN'S,Hybrid_HWM,OH,2024,Current TEFCA,3.9,1041,4.071654717147414,-0.17165471714741407,-0.40133471805472953,0.04608639332146261,1.3914360794230166e-4,FALSE,FALSE,FALSE,FALSE
230085,BRONSON SOUTH HAVEN HOSPITAL,Hybrid_HWM,MI,2023,Current TEFCA,4.4,59,4.218873033197818,0.1811269668021819,0.42242071502745226,0.041264675718247386,1.3732333674587753e-4,FALSE,FALSE,FALSE,FALSE
010097,ELMORE COMMUNITY HOSPITAL,Hybrid_HWM,AL,2023,Neither current nor planned,4.5,75,4.6167930076115695,-0.11679300761156976,-0.2793544178674073,0.08866772555895128,1.3578221589436522e-4,FALSE,FALSE,FALSE,FALSE
140115,THOREK MEMORIAL HOSPITAL,Hybrid_HWM,IL,2023,Neither current nor planned,4.1,110,4.242847298508114,-0.14284729850811428,-0.3368673518150006,0.06242796410752229,1.3511733924575462e-4,FALSE,FALSE,FALSE,FALSE
361318,FOSTORIA COMMUNITY HOSPITAL,Hybrid_HWM,OH,2023,Planned TEFCA,4,117,4.164626464551341,-0.16462646455134025,-0.38505292042540895,0.04685118744452409,1.303153647278938e-4,FALSE,FALSE,FALSE,FALSE
101313,MARINERS HOSPITAL,Hybrid_HWM,FL,2023,Planned TEFCA,3.9,118,4.042293473962149,-0.14229347396214992,-0.33523281452727116,0.06059126679848338,1.296187864989531e-4,FALSE,FALSE,FALSE,FALSE
490021,CENTRA HEALTH -  LYNCHBURG GEN HOSPITAL,Hybrid_HWM,VA,2023,Planned TEFCA,3.7,3420,3.843263971169981,-0.1432639711699811,-0.3373509301959073,0.05965158386635002,1.2909680551990226e-4,FALSE,FALSE,FALSE,FALSE
340028,CAPE FEAR VALLEY MEDICAL CENTER,Hybrid_HWM,NC,2024,Current TEFCA,4.2,2228,4.034415912228674,0.16558408777132638,0.3867782163683952,0.04431152161789649,1.2402758949531473e-4,FALSE,FALSE,FALSE,FALSE
500072,OLYMPIC MEDICAL CENTER,Hybrid_HWM,WA,2023,Neither current nor planned,3.9,775,4.0354150075838104,-0.13541500758381023,-0.31939243633695386,0.0627511516704601,1.221356947662586e-4,FALSE,FALSE,FALSE,FALSE
370158,PURCELL MUNICIPAL HOSPITAL,Hybrid_HWM,OK,2024,Neither current nor planned,4.5,62,4.361888398092061,0.1381116019079391,0.32531840197018264,0.06024151800267805,1.2131677702173296e-4,FALSE,FALSE,FALSE,FALSE
010126,TROY REGIONAL MEDICAL CENTER,Hybrid_HWM,AL,2023,Neither current nor planned,4.5,82,4.610132670889028,-0.11013267088902787,-0.2634019489238355,0.08852953806039192,1.2051260767844978e-4,FALSE,FALSE,FALSE,FALSE
531306,WASHAKIE MEDICAL CENTER,Hybrid_HWM,WY,2024,Planned TEFCA,4.3,91,4.387438585792064,-0.08743858579206407,-0.21380591315359473,0.1280354317146286,1.2004273574352677e-4,FALSE,FALSE,FALSE,FALSE
101309,HENDRY REGIONAL MEDICAL CENTER,Hybrid_HWM,FL,2024,Neither current nor planned,4.3,30,4.424934725641876,-0.12493472564187569,-0.29598355276932314,0.07105097326538987,1.1982563483894352e-4,FALSE,FALSE,FALSE,FALSE
010023,BAPTIST MEDICAL CENTER SOUTH,Hybrid_HWM,AL,2024,Current TEFCA,4.1,1003,4.201019604169927,-0.10101960416992696,-0.24331542293851677,0.10130298193856935,1.1934496280327655e-4,FALSE,FALSE,FALSE,FALSE
110038,ARCHBOLD MEMORIAL HOSPITAL,Hybrid_HWM,GA,2024,Current TEFCA,4.2,664,4.317325049496041,-0.1173250494960413,-0.27882158699011556,0.076827937989531,1.1569977223079887e-4,FALSE,FALSE,FALSE,FALSE
030115,BANNER ESTRELLA MEDICAL CENTER,Hybrid_HWM,AZ,2024,Planned TEFCA,3.9,882,4.042591852500541,-0.14259185250054102,-0.3346923132251004,0.05359860179250936,1.1344602334840762e-4,FALSE,FALSE,FALSE,FALSE
160067,MERCYONE WATERLOO MEDICAL CENTER,Hybrid_HWM,IA,2024,Neither current nor planned,4.6,669,4.40727030053017,0.1927296994698295,0.4470206173913383,0.030651947620617827,1.1297777554516589e-4,FALSE,FALSE,FALSE,FALSE
370166,WAGONER COMMUNITY HOSPITAL,Hybrid_HWM,OK,2024,Neither current nor planned,4.7,54,4.55848970167003,0.14151029832997017,0.3321621234692543,0.0536492119297313,1.118490460008034e-4,FALSE,FALSE,FALSE,FALSE
390086,PENN HIGHLANDS DUBOIS,Hybrid_HWM,PA,2023,Neither current nor planned,4,1144,4.151372799514645,-0.15137279951464525,-0.3540931744719789,0.047100378828148125,1.1082121771489219e-4,FALSE,FALSE,FALSE,FALSE
390012,JEFFERSON LANSDALE HOSPITAL,Hybrid_HWM,PA,2023,Current TEFCA,4.1,1008,3.9505754838197555,0.14942451618024388,0.3495757962028319,0.04732359804599549,1.085494927941159e-4,FALSE,FALSE,FALSE,FALSE
500058,KADLEC REGIONAL MEDICAL CENTER,Hybrid_HWM,WA,2023,Planned TEFCA,3.7,2790,3.8337085613821236,-0.13370856138212325,-0.3143589894999785,0.05673210656043267,1.0628558761883115e-4,FALSE,FALSE,FALSE,FALSE
271347,HOLY ROSARY HOSPITAL,Hybrid_HWM,MT,2023,Planned TEFCA,4,137,3.917953103348552,0.08204689665144778,0.20057276920839842,0.12761410888523836,1.0524534208449297e-4,FALSE,FALSE,FALSE,FALSE
380005,ASANTE ASHLAND COMMUNITY HOSPITAL,Hybrid_HWM,OR,2023,Neither current nor planned,4.3,202,4.163597550060697,0.1364024499393028,0.3201549069582683,0.05355599741721609,1.0371934057655954e-4,FALSE,FALSE,FALSE,FALSE
340147,UNC HEALTH NASH,Hybrid_HWM,NC,2023,Planned TEFCA,3.8,1336,3.9760735290545695,-0.17607352905456947,-0.40895624597752844,0.033393534205816075,1.0331140590018568e-4,FALSE,FALSE,FALSE,FALSE
360056,MERCY HEALTH - FAIRFIELD HOSPITAL,Hybrid_HWM,OH,2024,Planned TEFCA,3.8,1234,3.976075379898725,-0.1760753798987255,-0.4089491040122309,0.03333945851188408,1.0313473759642833e-4,FALSE,FALSE,FALSE,FALSE
371321,HOLDENVILLE GENERAL HOSPITAL,Hybrid_HWM,OK,2023,Planned TEFCA,4.2,43,4.320666931510938,-0.1206669315109373,-0.2851051108717311,0.06605154071153455,1.0280418889415215e-4,FALSE,FALSE,FALSE,FALSE
130013,SAINT ALPHONSUS MEDICAL CENTER - NAMPA,Hybrid_HWM,ID,2024,Current TEFCA,4.3,618,4.388109066937796,-0.08810906693779583,-0.21342443304588155,0.11144394124115224,1.0217041145818696e-4,FALSE,FALSE,FALSE,FALSE
431327,ST MICHAEL'S HOSPITAL - CAH,Hybrid_HWM,SD,2024,Neither current nor planned,4.5,35,4.373434470565411,0.12656552943458912,0.29807857471980315,0.05999336794430283,1.014073488208618e-4,FALSE,FALSE,FALSE,FALSE
171345,PAWNEE VALLEY COMMUNITY HOSPITAL,Hybrid_HWM,KS,2023,Planned TEFCA,4.5,43,4.626762949623631,-0.12676294962363052,-0.29849799212245065,0.05970619534462574,1.0117519754038552e-4,FALSE,FALSE,FALSE,FALSE
451361,SABINE COUNTY HOSPITAL,Hybrid_HWM,TX,2023,Neither current nor planned,4.4,47,4.559316962070078,-0.159316962070077,-0.3711814651935315,0.0393912535577224,1.0102477734131717e-4,FALSE,FALSE,FALSE,FALSE
161363,MONTGOMERY COUNTY MEMORIAL HOSPITAL,Hybrid_HWM,IA,2024,Current TEFCA,4.2,109,4.358797354493215,-0.1587973544932154,-0.36994904590360395,0.03927930872283023,1.0005832163975871e-4,FALSE,FALSE,FALSE,FALSE
281304,THAYER COUNTY HEALTH SERVICES,Hybrid_HWM,NE,2024,Neither current nor planned,4.6,40,4.501171560688653,0.0988284393113464,0.23664795888181478,0.09072048184309578,9.992439921012561e-5,FALSE,FALSE,FALSE,FALSE
330188,MOUNT ST. MARY'S HOSPITAL & HEALTH CENTER,Hybrid_HWM,NY,2024,Neither current nor planned,4.2,260,4.325208787261806,-0.12520878726180582,-0.2948604641599172,0.05985079988048988,9.897902145516069e-5,FALSE,FALSE,FALSE,FALSE
461301,INTERMOUNTAIN HEALTH FILLMORE COMMUNITY HOSPITAL,Hybrid_HWM,UT,2023,Planned TEFCA,4.1,43,4.249643937976731,-0.14964393797673153,-0.3493151024192576,0.0430972356976162,9.827186404335905e-5,FALSE,FALSE,FALSE,FALSE
360276,HMHP ST ELIZABETH BOARDMAN HEALTH CENTER,Hybrid_HWM,OH,2024,Planned TEFCA,3.8,1316,3.9712732577148526,-0.17127325771485266,-0.3978166246634975,0.03345438546516115,9.794552634764557e-5,FALSE,FALSE,FALSE,FALSE
390233,UPMC HANOVER,Hybrid_HWM,PA,2023,Planned TEFCA,4,1008,3.8420951659981832,0.1579048340018166,0.36778414934135983,0.03883448139557598,9.772577802396644e-5,FALSE,FALSE,FALSE,FALSE
131322,FRANKLIN COUNTY MEDICAL CENTER,Hybrid_HWM,ID,2023,Neither current nor planned,4.8,112,4.7122085225717045,0.08779147742829514,0.21223609811744013,0.10793240278150489,9.746712864497661e-5,FALSE,FALSE,FALSE,FALSE
430015,AVERA ST MARY'S HOSPITAL,Hybrid_HWM,SD,2024,Neither current nor planned,4.1,262,4.223181598426767,-0.12318159842676712,-0.2901199470362044,0.06007144302570747,9.619825330838763e-5,FALSE,FALSE,FALSE,FALSE
230105,MCLAREN NORTHERN MICHIGAN,Hybrid_HWM,MI,2024,Planned TEFCA,4.2,1138,4.063817282437162,0.13618271756283862,0.3190255842973036,0.04991299067743914,9.561542636940923e-5,FALSE,FALSE,FALSE,FALSE
161328,REGIONAL HEALTH SERVICES OF HOWARD COUNTY,Hybrid_HWM,IA,2024,Neither current nor planned,4.4,60,4.587263520061189,-0.18726352006118832,-0.4335937699926635,0.027320499236769494,9.441752471373069e-5,FALSE,FALSE,FALSE,FALSE
490005,WINCHESTER MEDICAL CENTER,Hybrid_HWM,VA,2024,Planned TEFCA,3.7,3865,3.8221692377459457,-0.12216923774594554,-0.28765810077049925,0.05956693621051401,9.37282163610622e-5,FALSE,FALSE,FALSE,FALSE
110101,"SOUTHWELL MEDICAL, A CAMPUS OF TRMC",Hybrid_HWM,GA,2023,Neither current nor planned,4.4,45,4.502215329305209,-0.1022153293052089,-0.24304699027835144,0.0778687666036378,8.920866415561926e-5,FALSE,FALSE,FALSE,FALSE
340027,UNC LENOIR HEALTH CARE,Hybrid_HWM,NC,2023,Planned TEFCA,4.2,602,4.035576004014569,0.16442399598543084,0.38177864105964,0.03281918442907455,8.843821637777598e-5,FALSE,FALSE,FALSE,FALSE
500077,PROVIDENCE HOLY FAMILY HOSPITAL,Hybrid_HWM,WA,2023,Planned TEFCA,3.8,845,3.922864746195595,-0.12286474619559559,-0.28861348374288703,0.05511468917360542,8.688821667523055e-5,FALSE,FALSE,FALSE,FALSE
241359,AVERA MARSHALL REGIONAL MEDICAL CTR,Hybrid_HWM,MN,2024,Neither current nor planned,4.2,167,4.265000762957386,-0.06500076295738558,-0.16123472484620463,0.1526979550635304,8.378972420449217e-5,FALSE,FALSE,FALSE,FALSE
340060,UNC ROCKINGHAM,Hybrid_HWM,NC,2023,Planned TEFCA,4.3,135,4.147163602868582,0.1528363971314182,0.35537106053180106,0.03555677622366661,8.325681053639591e-5,FALSE,FALSE,FALSE,FALSE
030111,BANNER-UNIVERSITY MEDICAL CENTER SOUTH CAMPUS,Hybrid_HWM,AZ,2024,Planned TEFCA,4,311,4.120397983691813,-0.12039798369181262,-0.28271359522153466,0.05441518809099791,8.225356443530604e-5,FALSE,FALSE,FALSE,FALSE
061303,EAST MORGAN COUNTY HOSPITAL,Hybrid_HWM,CO,2024,Planned TEFCA,4.2,69,4.299785818830686,-0.09978581883068587,-0.23662166979923258,0.07281227549815798,7.863285580070408e-5,FALSE,FALSE,FALSE,FALSE
060023,INTERMOUNTAIN HEALTH ST. MARY'S REGIONAL HOSPITAL,Hybrid_HWM,CO,2023,Planned TEFCA,4,1386,3.9015312883467104,0.09846871165328941,0.23371105376174334,0.07450064917269453,7.863238927771961e-5,FALSE,FALSE,FALSE,FALSE
171385,COFFEY COUNTY HOSPITAL,Hybrid_HWM,KS,2024,Current TEFCA,4.6,78,4.7044250760449975,-0.10442507604499758,-0.24684476269040695,0.06695153413849637,7.819137811448639e-5,FALSE,FALSE,FALSE,FALSE
330261,PHELPS HOSPITAL,Hybrid_HWM,NY,2024,Planned TEFCA,4,1072,4.112632843917733,-0.11263284391773248,-0.26502511907797105,0.058316774110062926,7.778772384909151e-5,FALSE,FALSE,FALSE,FALSE
360035,MOUNT CARMEL EAST & WEST,Hybrid_HWM,OH,2024,Current TEFCA,3.9,1921,4.025924611584529,-0.12592461158452847,-0.29459150569148507,0.04733339116994783,7.710883009132834e-5,FALSE,FALSE,FALSE,FALSE
151332,DECATUR COUNTY MEMORIAL HOSPITAL,Hybrid_HWM,IN,2023,Current TEFCA,4.5,163,4.433272546103382,0.06672745389661833,0.16390991501552768,0.13599200541613127,7.562825929110989e-5,FALSE,FALSE,FALSE,FALSE
160124,LAKES REGIONAL HEALTHCARE,Hybrid_HWM,IA,2024,Neither current nor planned,4.6,299,4.441786116393229,0.15821388360677055,0.36688001523963215,0.030307661535278863,7.522649419847167e-5,FALSE,FALSE,FALSE,FALSE
390101,UPMC MEMORIAL,Hybrid_HWM,PA,2023,Planned TEFCA,4,768,3.862392679160522,0.13760732083947808,0.3205502804805904,0.039136188925644425,7.48402237696057e-5,FALSE,FALSE,FALSE,FALSE
450755,COVENANT HOSPITAL LEVELLAND,Hybrid_HWM,TX,2023,Planned TEFCA,4.4,28,4.279252507071873,0.12074749292812717,0.2828171061820321,0.04961322685551184,7.467067766530923e-5,FALSE,FALSE,FALSE,FALSE
461303,INTERMOUNTAIN HEALTH SANPETE VALLEY HOSPITAL,Hybrid_HWM,UT,2023,Planned TEFCA,4.1,55,4.231272221142107,-0.13127222114210702,-0.3062946318511432,0.04229477526496759,7.409106133574255e-5,FALSE,FALSE,FALSE,FALSE
050093,SAINT AGNES MEDICAL CENTER,Hybrid_HWM,CA,2024,Current TEFCA,4.1,2584,4.209674534389818,-0.10967453438981854,-0.2579466544894092,0.05746372166800406,7.254480849032569e-5,FALSE,FALSE,FALSE,FALSE
340053,NOVANT HEALTH PRESBYTERIAN MEDICAL CENTER,Hybrid_HWM,NC,2024,Neither current nor planned,3.9,2104,4.036305612543706,-0.13630561254370624,-0.3171669069617808,0.037010955201276854,6.913726874622135e-5,FALSE,FALSE,FALSE,FALSE
140008,LOYOLA GOTTLIEB MEMORIAL HOSPITAL,Hybrid_HWM,IL,2024,Planned TEFCA,3.9,708,4.011403380936409,-0.11140338093640956,-0.261406705371284,0.053085423552121924,6.85089901513898e-5,FALSE,FALSE,FALSE,FALSE
281358,GORDON MEMORIAL HOSPITAL DISTRICT,Hybrid_HWM,NE,2024,Current TEFCA,4.4,53,4.481807900569945,-0.08180790056994434,-0.1958891947009769,0.0907223461005858,6.847134705390295e-5,FALSE,FALSE,FALSE,FALSE
460026,INTERMOUNTAIN HEALTH SEVIER VALLEY HOSPITAL,Hybrid_HWM,UT,2023,Planned TEFCA,4.3,123,4.171197003214149,0.128802996785851,0.30026875574464,0.04061239455362857,6.825264175954986e-5,FALSE,FALSE,FALSE,FALSE
201313,NORTHERN LIGHT SEBASTICOOK VALLEY HOSPITAL,Hybrid_HWM,ME,2023,Current TEFCA,4.3,118,4.22911881338825,0.0708811866117499,0.17177648429261794,0.11232201086435903,6.677487238368158e-5,FALSE,FALSE,FALSE,FALSE
161364,JEFFERSON COUNTY HEALTH CENTER,Hybrid_HWM,IA,2024,Neither current nor planned,4.5,107,4.384134207720974,0.11586579227902565,0.27112350602811824,0.04780219050326244,6.599348358564911e-5,FALSE,FALSE,FALSE,FALSE
220016,BAYSTATE FRANKLIN MEDICAL CENTER,Hybrid_HWM,MA,2024,Planned TEFCA,3.6,638,3.6919040718879756,-0.09190407188797578,-0.21768550982173837,0.07072634745839225,6.45001359756122e-5,FALSE,FALSE,FALSE,FALSE
450119,SOUTH TEXAS HEALTH SYSTEM,Hybrid_HWM,TX,2023,Neither current nor planned,4.4,948,4.2831436961305105,0.11685630386949002,0.2731342881654628,0.04565886169378636,6.382917356803015e-5,FALSE,FALSE,FALSE,FALSE
460004,MCKAY-DEE HOSPITAL,Hybrid_HWM,UT,2023,Planned TEFCA,4.1,1536,3.9827459382429895,0.11725406175701011,0.2739255083894057,0.04469305338504802,6.277794380851024e-5,FALSE,FALSE,FALSE,FALSE
340127,GRANVILLE HEALTH SYSTEMS,Hybrid_HWM,NC,2023,Neither current nor planned,4.3,160,4.426867420876452,-0.1268674208764513,-0.2953899658640196,0.03823446214675386,6.203173455771704e-5,FALSE,FALSE,FALSE,FALSE
381312,COQUILLE VALLEY HOSPITAL,Hybrid_HWM,OR,2023,Neither current nor planned,4.5,74,4.399246281665877,0.10075371833412311,0.23667509893119024,0.05516472273364343,5.848823900097203e-5,FALSE,FALSE,FALSE,FALSE
060011,DENVER HEALTH & HOSPITAL AUTHORITY,Hybrid_HWM,CO,2023,Planned TEFCA,4.1,303,4.015019384678797,0.08498061532120277,0.20137754479540548,0.07157647201557667,5.591327051811011e-5,FALSE,FALSE,FALSE,FALSE
100107,HCA FLORIDA LEHIGH HOSPITAL,Hybrid_HWM,FL,2024,Current TEFCA,4.2,164,4.114238688219438,0.08576131178056237,0.2029825181850026,0.06933264336255464,5.489449155657595e-5,FALSE,FALSE,FALSE,FALSE
361300,PAULDING COUNTY HOSPITAL,Hybrid_HWM,OH,2024,Neither current nor planned,4.6,63,4.491253224505614,0.10874677549438629,0.25409307352281346,0.04502490034736267,5.4437551331320035e-5,FALSE,FALSE,FALSE,FALSE
160080,MERCYONE CLINTON MEDICAL CENTER,Hybrid_HWM,IA,2024,Neither current nor planned,4.3,448,4.437200817196745,-0.1372008171967446,-0.31796323540772264,0.029200530031639412,5.438037652148696e-5,FALSE,FALSE,FALSE,FALSE
340017,PARDEE HOSPITAL HENDERSON COUNTY,Hybrid_HWM,NC,2023,Planned TEFCA,4.1,1392,3.9730086422042548,0.126991357795745,0.29494749819729554,0.03346143424294878,5.3858177218556234e-5,FALSE,FALSE,FALSE,FALSE
141326,HAMILTON MEMORIAL HOSPITAL,Hybrid_HWM,IL,2024,Neither current nor planned,4.2,71,4.289156752149387,-0.08915675214938704,-0.21009466113822986,0.06112152787212508,5.139028887872065e-5,FALSE,FALSE,FALSE,FALSE
381316,PEACE HARBOR MEDICAL CENTER,Hybrid_HWM,OR,2023,Current TEFCA,4.1,134,4.196617029651561,-0.09661702965156133,-0.2266372574919412,0.05249691102528286,5.089521865765215e-5,FALSE,FALSE,FALSE,FALSE
100330,HALIFAX HEALTH /UF HEALTH MEDICAL CENTER OF DELTON,Hybrid_HWM,FL,2024,Planned TEFCA,4.1,172,4.188492915092166,-0.0884929150921664,-0.20854341041468258,0.06124005552799792,5.073884985401336e-5,FALSE,FALSE,FALSE,FALSE
460058,INTERMOUNTAIN HEALTH RIVERTON HOSPITAL,Hybrid_HWM,UT,2023,Planned TEFCA,4,276,4.110870591582677,-0.11087059158267765,-0.25842745408443635,0.040374285112085434,5.024940937105788e-5,FALSE,FALSE,FALSE,FALSE
490041,MARY IMMACULATE HOSPITAL,Hybrid_HWM,VA,2024,Planned TEFCA,3.9,570,3.9906348183152556,-0.0906348183152556,-0.21309206336406308,0.056835617856763956,4.893651971961308e-5,FALSE,FALSE,FALSE,FALSE
161377,MERCYONE CENTERVILLE MEDICAL CENTER,Hybrid_HWM,IA,2024,Current TEFCA,4.7,62,4.587200608617794,0.11279939138220664,0.26261407110994467,0.038109870922799216,4.886492033238321e-5,FALSE,FALSE,FALSE,FALSE
161348,CLARKE COUNTY HOSPITAL,Hybrid_HWM,IA,2023,Neither current nor planned,4.3,62,4.410490985840152,-0.11049098584015182,-0.2573684559171071,0.03907579161435405,4.817041115381955e-5,FALSE,FALSE,FALSE,FALSE
060116,GOOD SAMARITAN MEDICAL CENTER LLC,Hybrid_HWM,CO,2023,Planned TEFCA,3.9,497,3.9780825490588225,-0.07808254905882266,-0.1850689111550847,0.07196322301709768,4.74990952706038e-5,FALSE,FALSE,FALSE,FALSE
230193,MCLAREN LAPEER REGION,Hybrid_HWM,MI,2023,Neither current nor planned,4.3,650,4.198084929008791,0.10191507099120825,0.23796680643710114,0.04372335962518473,4.630420092418532e-5,FALSE,FALSE,FALSE,FALSE
281350,JOHNSON COUNTY HOSPITAL,Hybrid_HWM,NE,2023,Planned TEFCA,4.3,47,4.36866391000542,-0.0686639100054203,-0.16405786754901652,0.08676599834402202,4.5734045938285144e-5,FALSE,FALSE,FALSE,FALSE
140054,MACNEAL  HOSPITAL,Hybrid_HWM,IL,2024,Planned TEFCA,4.1,730,4.009119321228416,0.09088067877158339,0.2132501377840107,0.05311696979481507,4.562269010409987e-5,FALSE,FALSE,FALSE,FALSE
230174,TRINITY HEALTH GRAND HAVEN HOSPITAL,Hybrid_HWM,MI,2023,Planned TEFCA,4.2,94,4.287513429976675,-0.0875134299766747,-0.2057374752177342,0.056694658251728654,4.549714094513428e-5,FALSE,FALSE,FALSE,FALSE
161321,AVERA MERRILL PIONEER HOSPITAL,Hybrid_HWM,IA,2024,Neither current nor planned,4.5,28,4.618554795009221,-0.11855479500922095,-0.2750924933269888,0.031647887840998846,4.4229650826287136e-5,FALSE,FALSE,FALSE,FALSE
381315,ST. ALPHONSUS MEDICAL CENTER - BAKER CITY,Hybrid_HWM,OR,2024,Current TEFCA,4.3,121,4.217865541190371,0.08213445880962855,0.19359023769354475,0.061551887573448164,4.396112377620627e-5,FALSE,FALSE,FALSE,FALSE
420004,MUSC MEDICAL CENTER,Hybrid_HWM,SC,2023,Planned TEFCA,3.6,3565,3.6513058245977437,-0.051305824597743646,-0.12578701917643387,0.1326922415951255,4.3294183418877033e-5,FALSE,FALSE,FALSE,FALSE
110146,SOUTHEAST GEORGIA HEALTH SYSTEM -- CAMDEN CAMPUS,Hybrid_HWM,GA,2023,Planned TEFCA,4.3,137,4.364954989631445,-0.06495498963144518,-0.15540696558696157,0.08924551659791254,4.2325875310033e-5,FALSE,FALSE,FALSE,FALSE
231320,MERCY HEALTH LAKESHORE CAMPUS,Hybrid_HWM,MI,2024,Current TEFCA,4.1,65,4.199679513630518,-0.0996795136305188,-0.23249648896485728,0.04166632481731165,4.203012268588024e-5,FALSE,FALSE,FALSE,FALSE
430012,AVERA SACRED HEART HOSPITAL,Hybrid_HWM,SD,2024,Neither current nor planned,4.1,476,4.17861520779551,-0.07861520779551076,-0.18532234137808928,0.06182943688768638,4.0480135823592775e-5,FALSE,FALSE,FALSE,FALSE
161303,GRUNDY COUNTY MEMORIAL HOSPITAL,Hybrid_HWM,IA,2023,Planned TEFCA,4.4,63,4.303200946973635,0.09679905302636503,0.22554667709751508,0.03970449296774755,3.761570608698343e-5,FALSE,FALSE,FALSE,FALSE
450235,MEMORIAL HOSPITAL,Hybrid_HWM,TX,2024,Current TEFCA,4.4,79,4.484636585893668,-0.08463658589366713,-0.19816567894744383,0.04898581963152926,3.617510553970523e-5,FALSE,FALSE,FALSE,FALSE
370034,MCALESTER REGIONAL HEALTH CENTER,Hybrid_HWM,OK,2023,Neither current nor planned,4.3,497,4.378440585049051,-0.07844058504905169,-0.18431398024276863,0.055745500154660774,3.5868274021735135e-5,FALSE,FALSE,FALSE,FALSE
390068,UPMC LITITZ,Hybrid_HWM,PA,2023,Planned TEFCA,4,426,3.906382616979068,0.09361738302093195,0.21820659961948502,0.04035513213709473,3.580863921630837e-5,FALSE,FALSE,FALSE,FALSE
370039,HILLCREST HOSPITAL CLAREMORE,Hybrid_HWM,OK,2024,Neither current nor planned,4.3,283,4.222220294487014,0.07777970551298512,0.18281474078373278,0.05630042322208046,3.5659386613629686e-5,FALSE,FALSE,FALSE,FALSE
450241,FAITH COMMUNITY HOSPITAL,Hybrid_HWM,TX,2024,Planned TEFCA,4.5,63,4.4186445219243495,0.08135547807565037,0.19067654417027605,0.05091597534434872,3.4883133056241485e-5,FALSE,FALSE,FALSE,FALSE
181301,MARCUM AND WALLACE MEMORIAL HOSPITAL,Hybrid_HWM,KY,2023,Current TEFCA,4.7,64,4.745849957116814,-0.04584995711681341,-0.11231136115279117,0.13115996018992238,3.4056234740407356e-5,FALSE,FALSE,FALSE,FALSE
360270,MERCY HEALTH - DEFIANCE HOSPITAL,Hybrid_HWM,OH,2024,Planned TEFCA,4.2,235,4.099862968009127,0.1001370319908732,0.23258171709472927,0.033557459126070784,3.359104876554838e-5,FALSE,FALSE,FALSE,FALSE
231316,HILLS & DALES GENERAL HOSPITAL,Hybrid_HWM,MI,2023,Current TEFCA,4.3,85,4.217216352499886,0.08278364750011435,0.19362057278765482,0.046957004191467325,3.303403691344218e-5,FALSE,FALSE,FALSE,FALSE
161372,BOONE COUNTY HOSPITAL,Hybrid_HWM,IA,2024,Current TEFCA,4.5,58,4.592178546161484,-0.09217854616148394,-0.21461641240995125,0.0382413583883819,3.275351885497466e-5,FALSE,FALSE,FALSE,FALSE
450194,UT HEALTH EAST TEXAS JACKSONVILLE HOSPITAL,Hybrid_HWM,TX,2024,Neither current nor planned,4.6,78,4.509542010189533,0.09045798981046595,0.2106583333671128,0.038680671009907915,3.1933730479131076e-5,FALSE,FALSE,FALSE,FALSE
461304,CENTRAL VALLEY MEDICAL CENTER - CAH,Hybrid_HWM,UT,2023,Neither current nor planned,4.2,87,4.277543371873504,-0.07754337187350405,-0.1817691443080603,0.051205037288443445,3.1889994936198254e-5,FALSE,FALSE,FALSE,FALSE
140089,MC DONOUGH DISTRICT HOSPITAL,Hybrid_HWM,IL,2023,Neither current nor planned,4.5,163,4.42612178889216,0.07387821110784004,0.1735888214645929,0.055698730776810354,3.17873288078115e-5,FALSE,FALSE,FALSE,FALSE
171359,GREELEY COUNTY HEALTH SERVICES,Hybrid_HWM,KS,2024,Neither current nor planned,4.6,59,4.671686401314609,-0.07168640131460975,-0.1686077351438394,0.05759248112217126,3.107126984087085e-5,FALSE,FALSE,FALSE,FALSE
451356,MEMORIAL MEDICAL CENTER,Hybrid_HWM,TX,2024,Neither current nor planned,4.4,77,4.484909213047335,-0.0849092130473354,-0.19810680250208065,0.042280262045647304,3.098614624940181e-5,FALSE,FALSE,FALSE,FALSE
330057,ST PETER'S HOSPITAL,Hybrid_HWM,NY,2024,Current TEFCA,3.9,2562,3.9697913670626113,-0.0697913670626115,-0.16432611152614643,0.05960686422360982,3.061102876776199e-5,FALSE,FALSE,FALSE,FALSE
050496,JOHN MUIR MEDICAL CENTER - CONCORD CAMPUS,Hybrid_HWM,CA,2024,Planned TEFCA,4,2106,3.9309156165889934,0.06908438341100673,0.16248243266996498,0.057533915757739355,2.8823677111451786e-5,FALSE,FALSE,FALSE,FALSE
380037,PROVIDENCE NEWBERG MEDICAL CENTER,Hybrid_HWM,OR,2023,Planned TEFCA,4.1,321,4.022929886246308,0.07707011375369215,0.18026934748236953,0.047091531020992984,2.8721662673601592e-5,FALSE,FALSE,FALSE,FALSE
320065,COVENANT HEALTH HOBBS HOSPITAL,Hybrid_HWM,NM,2023,Planned TEFCA,4,119,3.987917528767206,0.012082471232793832,0.03924578705521364,0.5058859437355391,2.8203751231805964e-5,FALSE,TRUE,FALSE,FALSE
321307,MINERS' COLFAX MEDICAL CENTER,Hybrid_HWM,NM,2024,Neither current nor planned,4.3,47,4.312082471232793,-0.012082471232793658,-0.03924578705521309,0.5058859437355393,2.8203751231805194e-5,FALSE,TRUE,FALSE,FALSE
021311,PEACEHEALTH KETCHIKAN MEDICAL CENTER,Hybrid_HWM,AK,2023,Current TEFCA,4.2,172,4.224805504594089,-0.0248055045940892,-0.06594541277081008,0.2623834900848019,2.7667410837859112e-5,FALSE,TRUE,FALSE,FALSE
220090,MILFORD REGIONAL MEDICAL CENTER,Hybrid_HWM,MA,2024,Current TEFCA,3.7,1656,3.7547857020083697,-0.05478570200836968,-0.13022194314380306,0.0772619383920432,2.5394538935881912e-5,FALSE,FALSE,FALSE,FALSE
310045,ENGLEWOOD HOSPITAL AND MEDICAL CENTER,Hybrid_HWM,NJ,2024,Planned TEFCA,3.7,2359,3.6680666380271174,0.03193336197288296,0.08035228799240321,0.17662454710925918,2.4770892741779097e-5,FALSE,TRUE,FALSE,FALSE
461333,INTERMOUNTAIN HEALTH GARFIELD MEMORIAL HOSPITAL,Hybrid_HWM,UT,2023,Planned TEFCA,4.3,60,4.224777570169611,0.07522242983038882,0.1754831128539727,0.04204336375269918,2.417116654551514e-5,FALSE,FALSE,FALSE,FALSE
450028,VALLEY BAPTIST MEDICAL CENTER- BROWNSVILLE,Hybrid_HWM,TX,2023,Neither current nor planned,4.3,391,4.375588755993952,-0.07558875599395262,-0.1762346945915279,0.040922835879872436,2.370119030904131e-5,FALSE,FALSE,FALSE,FALSE
460001,INTERMOUNTAIN HEALTH UTAH VALLEY HOSPITAL,Hybrid_HWM,UT,2023,Planned TEFCA,3.9,1789,3.971364978142241,-0.07136497814224096,-0.1667757548858591,0.04539391893917492,2.3654659412927996e-5,FALSE,FALSE,FALSE,FALSE
230303,MUNSON HEALTHCARE MANISTEE HOSPITAL,Hybrid_HWM,MI,2023,Neither current nor planned,4.4,116,4.326720586611225,0.07327941338877485,0.1710478987647542,0.04313818801904499,2.3589816515524695e-5,FALSE,FALSE,FALSE,FALSE
230236,UNIVERSITY OF MICHIGAN HEALTH - WEST,Hybrid_HWM,MI,2024,Planned TEFCA,4,586,3.927067794588814,0.07293220541118606,0.17010215374410426,0.041615926008444826,2.247068024218262e-5,FALSE,FALSE,FALSE,FALSE
161311,HAWARDEN REGIONAL HEALTHCARE,Hybrid_HWM,IA,2024,Neither current nor planned,4.5,57,4.591092123351955,-0.09109212335195485,-0.2109002536130837,0.027390259652249546,2.2401531578456364e-5,FALSE,FALSE,FALSE,FALSE
511317,"CAMC PLATEAU MEDICAL CENTER, INC",Hybrid_HWM,WV,2024,Planned TEFCA,4.4,91,4.377904242729181,0.022095757270819902,0.05883067763224457,0.26461773793139165,2.2274479965951898e-5,FALSE,TRUE,FALSE,FALSE
360095,BLANCHARD VALLEY HOSPITAL,Hybrid_HWM,OH,2024,Neither current nor planned,4.3,957,4.236243649344579,0.06375635065542042,0.14947587923878244,0.05153639027668682,2.1712843021014983e-5,FALSE,FALSE,FALSE,FALSE
160069,MERCYONE DUBUQUE MEDICAL CENTER,Hybrid_HWM,IA,2024,Neither current nor planned,4.5,591,4.416523448762954,0.08347655123704596,0.19354357220449195,0.030165005654730192,2.0836935474020118e-5,FALSE,FALSE,FALSE,FALSE
380082,PROVIDENCE MILWAUKIE HOSPITAL,Hybrid_HWM,OR,2023,Planned TEFCA,4.1,275,4.034474673445938,0.06552532655406175,0.15327130722764154,0.04717431201135033,2.0801477786495836e-5,FALSE,FALSE,FALSE,FALSE
230302,HENRY FORD HEALTH WEST BLOOMFIELD HOSPITAL,Hybrid_HWM,MI,2023,Current TEFCA,3.9,1617,3.9717510023002682,-0.07175100230026848,-0.16718551655265496,0.03976288580171483,2.070017442419809e-5,FALSE,FALSE,FALSE,FALSE
291302,WILLIAM BEE RIRIE HOSPITAL,Hybrid_HWM,NV,2024,Neither current nor planned,4.5,101,4.525941754016015,-0.025941754016015763,-0.06651488476790329,0.2070154633544767,2.0657091075134646e-5,FALSE,TRUE,FALSE,FALSE
331314,SOLDIERS AND SAILORS MEMORIAL HOSPITAL OF YATES,Hybrid_HWM,NY,2023,Neither current nor planned,4.5,44,4.4434340171461,0.05656598285389989,0.13310732445773146,0.05850156203367928,1.9689562676807753e-5,FALSE,FALSE,FALSE,FALSE
070008,JOHNSON MEMORIAL HOSPITAL,Hybrid_HWM,CT,2024,Current TEFCA,3.9,144,3.937179594603868,-0.03717959460386778,-0.09009611965233098,0.11222402694546423,1.8352089350800765e-5,FALSE,FALSE,FALSE,FALSE
101312,FISHERMEN'S COMMUNITY HOSPITAL,Hybrid_HWM,FL,2023,Planned TEFCA,4.1,28,4.149663643202269,-0.04966364320226864,-0.11751209870088182,0.06884464662539394,1.8259974932697225e-5,FALSE,FALSE,FALSE,FALSE
451310,BALLINGER MEMORIAL HOSPITAL,Hybrid_HWM,TX,2024,Planned TEFCA,4.2,31,4.259690791308395,-0.05969079130839437,-0.1397887189665196,0.04942911515994327,1.8172958423689674e-5,FALSE,FALSE,FALSE,FALSE
390203,DOYLESTOWN HOSPITAL,Hybrid_HWM,PA,2023,Neither current nor planned,4,2757,4.05937817834404,-0.05937817834403937,-0.13908183719026812,0.0497741245613601,1.8121777987715908e-5,FALSE,FALSE,FALSE,FALSE
161356,HENRY COUNTY HEALTH CENTER,Hybrid_HWM,IA,2023,Neither current nor planned,4.5,59,4.574886614547462,-0.07488661454746239,-0.1738066296582605,0.03217438602078591,1.7960630579366596e-5,FALSE,FALSE,FALSE,FALSE
500041,PEACEHEALTH ST JOHN MEDICAL CENTER,Hybrid_HWM,WA,2023,Current TEFCA,4,644,4.051620497191252,-0.051620497191252404,-0.12165208942348221,0.061323254445056825,1.7291576244707917e-5,FALSE,FALSE,FALSE,FALSE
030122,BANNER GATEWAY MEDICAL CENTER,Hybrid_HWM,AZ,2024,Planned TEFCA,4,756,4.054097875014933,-0.054097875014932836,-0.1269670779817669,0.053566933296549046,1.6318285452816643e-5,FALSE,FALSE,FALSE,FALSE
330180,"SAMARITAN HOSPITAL OF TROY, NEW YORK",Hybrid_HWM,NY,2024,Current TEFCA,4.1,887,4.048963387824059,0.05103661217594064,0.1200529593795619,0.057831655105104116,1.5822292944250274e-5,FALSE,FALSE,FALSE,FALSE
161380,HANSEN FAMILY HOSPITAL,Hybrid_HWM,IA,2024,Neither current nor planned,4.7,36,4.625392259646161,0.07460774035383859,0.17281169272726687,0.028276554202577738,1.554196890760994e-5,FALSE,FALSE,FALSE,FALSE
271343,PROVIDENCE ST JOSEPH MEDICAL CENTER,Hybrid_HWM,MT,2023,Planned TEFCA,4,69,3.9691477302004854,0.0308522697995146,0.07551852092293977,0.1298945339299236,1.52271443136366e-5,FALSE,FALSE,FALSE,FALSE
390183,ST LUKE'S MINERS MEMORIAL HOSPITAL,Hybrid_HWM,PA,2023,Planned TEFCA,4,363,3.944667098655865,0.05533290134413492,0.12949424514529795,0.04812891281192736,1.5164001076476853e-5,FALSE,FALSE,FALSE,FALSE
201301,NORTHERN LIGHT C A DEAN HOSPITAL,Hybrid_HWM,ME,2023,Current TEFCA,4.3,30,4.331339258127957,-0.0313392581279574,-0.07610772701481298,0.11605633562106744,1.3601732914598309e-5,FALSE,FALSE,FALSE,FALSE
190176,EAST JEFFERSON GENERAL HOSPITAL,Hybrid_HWM,LA,2023,Current TEFCA,4.9,1729,4.868660603479478,0.031339396520521916,0.07597296870280448,0.11290992911200619,1.313938679105849e-5,FALSE,FALSE,FALSE,FALSE
230217,OAKLAWN HOSPITAL,Hybrid_HWM,MI,2024,Neither current nor planned,4.3,286,4.24739955359099,0.05260044640901042,0.12294706200506969,0.04576881798757227,1.2966969479455234e-5,FALSE,FALSE,FALSE,FALSE
031318,BANNER PAYSON MEDICAL CENTER,Hybrid_HWM,AZ,2024,Planned TEFCA,4.1,223,4.145225291220821,-0.045225291220820765,-0.10623366715866861,0.05518489461305562,1.1789257298352543e-5,FALSE,FALSE,FALSE,FALSE
460010,INTERMOUNTAIN MEDICAL CENTER,Hybrid_HWM,UT,2023,Planned TEFCA,4,2333,3.9515478217211277,0.04845217827887221,0.113308339924357,0.04673783941109041,1.1258166757456777e-5,FALSE,FALSE,FALSE,FALSE
390231,JEFFERSON ABINGTON HOSPITAL,Hybrid_HWM,PA,2023,Current TEFCA,3.8,4093,3.845979741859475,-0.04597974185947532,-0.10763639257078432,0.04868701280548632,1.0604653326502243e-5,FALSE,FALSE,FALSE,FALSE
490053,JOHNSTON MEMORIAL HOSPITAL,Hybrid_HWM,VA,2023,Planned TEFCA,4,734,3.9581286360831474,0.04187136391685264,0.09847144107770955,0.0574140311105395,1.0563490719434112e-5,FALSE,FALSE,FALSE,FALSE
380075,PROVIDENCE MEDFORD MEDICAL CENTER,Hybrid_HWM,OR,2023,Planned TEFCA,4,812,3.9536582472381503,0.04634175276184962,0.10842838798527231,0.04771342256234075,1.0535309453975218e-5,FALSE,FALSE,FALSE,FALSE
431326,MILBANK AREA HOSPITAL/AVERA HEALTH,Hybrid_HWM,SD,2024,Neither current nor planned,4.3,54,4.341067273658376,-0.04106727365837618,-0.09667446958516263,0.05924778265646316,1.0527142099041588e-5,FALSE,FALSE,FALSE,FALSE
450040,COVENANT MEDICAL CENTER,Hybrid_HWM,TX,2023,Planned TEFCA,4,2176,3.954335575654822,0.045664424345177965,0.10689807414703273,0.04868413405662747,1.045902219739955e-5,FALSE,FALSE,FALSE,FALSE
230002,ST JOE MERCY HOSPITAL SYSTEM LIVONIA,Hybrid_HWM,MI,2024,Current TEFCA,4,1849,3.9497791398107767,0.05022086018922326,0.11706748475852406,0.04058653986052685,1.0368975498322788e-5,FALSE,FALSE,FALSE,FALSE
140082,LOUIS A WEISS MEMORIAL HOSPITAL,Hybrid_HWM,IL,2023,Neither current nor planned,4.3,368,4.338999721104919,-0.038999721104919415,-0.09192252928151982,0.06160527117430774,9.92126151878994e-6,FALSE,FALSE,FALSE,FALSE
460057,PARK CITY HOSPITAL,Hybrid_HWM,UT,2023,Planned TEFCA,4.1,168,4.147925335663621,-0.047925335663621865,-0.11170251580196798,0.04034823882411794,9.382632811201305e-6,FALSE,FALSE,FALSE,FALSE
050690,KAISER FOUNDATION HOSPITAL-SANTA ROSA,Hybrid_HWM,CA,2024,Planned TEFCA,4.1,86,4.1432944891606915,-0.04329448916069205,-0.10129176441515622,0.04758835868252395,9.16882567985913e-6,FALSE,FALSE,FALSE,FALSE
161310,ADAIR COUNTY MEMORIAL HOSPITAL,Hybrid_HWM,IA,2023,Planned TEFCA,4.4,31,4.356132710636462,0.04386728936353794,0.10233583898148742,0.0420695822402115,8.225816382942397e-6,FALSE,FALSE,FALSE,FALSE
050091,COMMUNITY HOSPITAL OF HUNTINGTON PARK,Hybrid_HWM,CA,2023,Neither current nor planned,4.4,134,4.44088055323721,-0.04088055323720927,-0.09559473394192358,0.04660569975560289,7.989591963826479e-6,FALSE,FALSE,FALSE,FALSE
070031,GRIFFIN HOSPITAL,Hybrid_HWM,CT,2023,Current TEFCA,4,656,4.0222513774214566,-0.022251377421456185,-0.05427010842129919,0.12361458865496566,7.430026963940831e-6,FALSE,FALSE,FALSE,FALSE
460021,ST. GEORGE REGIONAL HOSPITAL,Hybrid_HWM,UT,2023,Planned TEFCA,3.9,2797,3.9380084375005575,-0.03800843750055764,-0.0889317284512903,0.047746266405115256,7.092367353219502e-6,FALSE,FALSE,FALSE,FALSE
381318,PROVIDENCE HOOD RIVER MEMORIAL HOSPITAL,Hybrid_HWM,OR,2023,Planned TEFCA,4,264,4.037521684257429,-0.03752168425742973,-0.08776787597402906,0.04720504422694753,6.8257644943347365e-6,FALSE,FALSE,FALSE,FALSE
390113,MEADVILLE MEDICAL CENTER,Hybrid_HWM,PA,2023,Neither current nor planned,4.1,693,4.136852204130278,-0.036852204130278704,-0.08613864747766012,0.045806129728840274,6.370513359790613e-6,FALSE,FALSE,FALSE,FALSE
340141,NOVANT HEALTH NEW HANOVER REGIONAL MEDICAL CENTER,Hybrid_HWM,NC,2024,Neither current nor planned,4,5595,3.9633038569242784,0.03669614307572166,0.08557569732101955,0.0413818136635402,5.654004818993743e-6,FALSE,FALSE,FALSE,FALSE
360064,ST ELIZABETH YOUNGSTOWN HOSPITAL,Hybrid_HWM,OH,2024,Planned TEFCA,4,1540,3.9595407057405536,0.040459294259446395,0.09397932126141176,0.03377393725869179,5.52151101708566e-6,FALSE,FALSE,FALSE,FALSE
431310,AVERA FLANDREAU HOSPITAL - CAH,Hybrid_HWM,SD,2024,Neither current nor planned,4.4,35,4.373434470565411,0.026565529434589473,0.06256114768604955,0.05999336794430283,4.467612521882825e-6,FALSE,FALSE,FALSE,FALSE
390058,UPMC CARLISLE,Hybrid_HWM,PA,2023,Planned TEFCA,3.9,719,3.8673136653854683,0.03268633461453142,0.07613945695386887,0.03923413225364356,4.234074595304009e-6,FALSE,FALSE,FALSE,FALSE
100017,HALIFAX HEALTH MEDICAL CENTER,Hybrid_HWM,FL,2024,Planned TEFCA,4,1525,4.025606331444375,-0.025606331444374963,-0.0603139759589491,0.060358909640092544,4.179354894247555e-6,FALSE,FALSE,FALSE,FALSE
500050,PEACEHEALTH SOUTHWEST MEDICAL CENTER,Hybrid_HWM,WA,2023,Current TEFCA,4,1786,3.9754836543621956,0.024516345637804447,0.0578005714370398,0.06211369226935988,3.957268940490712e-6,FALSE,FALSE,FALSE,FALSE
111329,ST MARYS GOOD SAMARITAN HOSPITAL,Hybrid_HWM,GA,2024,Current TEFCA,4.2,199,4.220976674741854,-0.02097667474185337,-0.04980401440545819,0.07520177502824645,3.6074850959585787e-6,FALSE,FALSE,FALSE,FALSE
220163,UMASS MEMORIAL MEDICAL CENTER/UNIVERSITY CAMPUS,Hybrid_HWM,MA,2024,Current TEFCA,3.5,3915,3.478677980559614,0.021322019440385868,0.050544580972171786,0.072294953375993,3.5607538636363304e-6,FALSE,FALSE,FALSE,FALSE
051304,JOHN C FREMONT HEALTHCARE DISTRICT,Hybrid_HWM,CA,2023,Neither current nor planned,4.5,61,4.47402486689688,0.025975133103120072,0.060868617724095714,0.05063782883851125,3.5344670325047665e-6,FALSE,FALSE,FALSE,FALSE
340051,WATAUGA MEDICAL CENTER,Hybrid_HWM,NC,2023,Neither current nor planned,4.1,682,4.132358582413319,-0.032358582413319924,-0.07516309625580808,0.033784008865840896,3.532961103630516e-6,FALSE,FALSE,FALSE,FALSE
220001,UMASS MEMORIAL HEALTHALLIANCE HOSPITALS,Hybrid_HWM,MA,2024,Current TEFCA,3.6,1015,3.5794384002697375,0.02056159973026246,0.048727375103192215,0.07173902287418643,3.2819065548735613e-6,FALSE,FALSE,FALSE,FALSE
281354,CRETE AREA MEDICAL CENTER,Hybrid_HWM,NE,2024,Neither current nor planned,4.3,43,4.283144743929527,0.016855256070473217,0.0404243686931286,0.09367066560602318,3.020642879522234e-6,FALSE,FALSE,FALSE,FALSE
050352,BARTON MEMORIAL HOSPITAL,Hybrid_HWM,CA,2023,Neither current nor planned,4.2,267,4.177536616765186,0.022463383234813426,0.05281533514381555,0.056954029430828945,3.013049046163663e-6,FALSE,FALSE,FALSE,FALSE
050076,KAISER FOUNDATION HOSPITAL - SAN FRANCISCO,Hybrid_HWM,CA,2023,Neither current nor planned,4.2,143,4.223399800364442,-0.02339980036444187,-0.05488830640167966,0.05252576919572149,2.9871638993198917e-6,FALSE,FALSE,FALSE,FALSE
031319,MT. GRAHAM REGIONAL MEDICAL CENTER,Hybrid_HWM,AZ,2023,Neither current nor planned,4.3,105,4.3195063099949795,-0.01950630999497996,-0.04621457170639197,0.07125916410155975,2.9308866626609392e-6,FALSE,FALSE,FALSE,FALSE
230053,HENRY FORD HEALTH HOSPITAL,Hybrid_HWM,MI,2023,Current TEFCA,4,1585,3.973242947531225,0.026757052468774866,0.062342785030119786,0.03969872851712801,2.873659256795745e-6,FALSE,FALSE,FALSE,FALSE
450539,COVENANT HOSPITAL PLAINVIEW,Hybrid_HWM,TX,2023,Planned TEFCA,4.2,112,4.175777555495303,0.024222444504696926,0.05658591961221285,0.044738936821257895,2.682097657010994e-6,FALSE,FALSE,FALSE,FALSE
231319,ASPIRUS KEWEENAW HOSPITAL AND CLINICS,Hybrid_HWM,MI,2024,Neither current nor planned,4.4,100,4.377769408304441,0.022230591695559535,0.052048979870359356,0.049000790085490166,2.496559696634524e-6,FALSE,FALSE,FALSE,FALSE
380020,MCKENZIE-WILLAMETTE MEDICAL CENTER,Hybrid_HWM,OR,2023,Neither current nor planned,4.3,717,4.281669918388497,0.018330081611503388,0.04313974295558279,0.0588135503822558,2.0799457271785234e-6,FALSE,FALSE,FALSE,FALSE
190151,RICHARDSON MEDICAL CENTER,Hybrid_HWM,LA,2023,Neither current nor planned,5.1,64,5.086729171089096,0.013270828910904251,0.03185505172288931,0.09522442814101612,1.910116610207826e-6,FALSE,FALSE,FALSE,FALSE
360001,MERCY HEALTH-ANDERSON HOSPITAL,Hybrid_HWM,OH,2024,Planned TEFCA,4,1229,3.9763784310651182,0.023621568934881706,0.054855675215995894,0.03333251486260878,1.8557885033633668e-6,FALSE,FALSE,FALSE,FALSE
450518,THE MEDICAL CENTER OF SOUTHEAST TEXAS,Hybrid_HWM,TX,2023,Planned TEFCA,4.3,292,4.316880767480296,-0.01688076748029583,-0.039479982959687715,0.04691369234603318,1.372197648970263e-6,FALSE,FALSE,FALSE,FALSE
100253,JUPITER MEDICAL CENTER,Hybrid_HWM,FL,2023,Planned TEFCA,4,3032,3.986275180260162,0.01372481973983803,0.03235947256931343,0.06219650485699898,1.2420890267032389e-6,FALSE,FALSE,FALSE,FALSE
110027,"TY COBB REGIONAL MEDICAL CENTER, LLC",Hybrid_HWM,GA,2024,Current TEFCA,4.2,224,4.212143519900948,-0.012143519900948458,-0.028829286919204083,0.07504065106154373,1.2059730951731076e-6,FALSE,FALSE,FALSE,FALSE
281349,PENDER COMMUNITY HOSPITAL,Hybrid_HWM,NE,2024,Current TEFCA,4.5,34,4.4893476354914785,0.010652364508521793,0.025474271637824612,0.0884308237023814,1.1259356898597601e-6,FALSE,FALSE,FALSE,FALSE
390057,ST LUKE'S HOSPITAL - GRAND VIEW CAMPUS,Hybrid_HWM,PA,2023,Neither current nor planned,4.1,1309,4.114977037699038,-0.014977037699038924,-0.03505171176127246,0.04822361700451811,1.113368473465964e-6,FALSE,FALSE,FALSE,FALSE
360112,MERCY ST VINCENT MEDICAL CENTER,Hybrid_HWM,OH,2024,Planned TEFCA,3.9,2720,3.9170809855105473,-0.0170809855105475,-0.039708910149924365,0.03539014723392657,1.0346702722991377e-6,FALSE,FALSE,FALSE,FALSE
360161,MH ST JOSEPH WARREN HOSPITAL,Hybrid_HWM,OH,2024,Planned TEFCA,4,707,4.01764956013682,-0.01764956013681985,-0.040974238554605906,0.03272972969775847,1.0160419809633777e-6,FALSE,FALSE,FALSE,FALSE
360072,FAIRFIELD MEDICAL CENTER,Hybrid_HWM,OH,2023,Planned TEFCA,4.2,1060,4.185674358753114,0.014325641246886203,0.03348988850231811,0.04610140928077147,9.694715522530879e-7,FALSE,FALSE,FALSE,FALSE
161338,MERCYONE OELWEIN MEDICAL CENTER,Hybrid_HWM,IA,2024,Neither current nor planned,4.6,40,4.617528003279304,-0.01752800327930426,-0.04059357808335226,0.028031806241233817,8.499805887253481e-7,FALSE,FALSE,FALSE,FALSE
341325,ASHE MEMORIAL HOSPITAL,Hybrid_HWM,NC,2024,Neither current nor planned,4.2,195,4.213847348559949,-0.013847348559949098,-0.03218949713783755,0.03526891152936817,6.775009333224219e-7,FALSE,FALSE,FALSE,FALSE
060030,BANNER NORTH CO MEDICAL CENTER - LOVELAND CAMPUS,Hybrid_HWM,CO,2024,Planned TEFCA,4.2,232,4.209273353535177,-0.009273353535176795,-0.021970954681183028,0.07129708590248067,6.628098250371036e-7,FALSE,FALSE,FALSE,FALSE
390115,JEFFERSON HEALTH- NORTHEAST,Hybrid_HWM,PA,2023,Current TEFCA,3.9,2310,3.8886769119891627,0.011323088010837042,0.02649148605330578,0.04760237252254297,6.273629908467965e-7,FALSE,FALSE,FALSE,FALSE
281343,WEST HOLT MEMORIAL HOSPITAL,Hybrid_HWM,NE,2024,Current TEFCA,4.5,32,4.493872742123042,0.0061272578769577864,0.014653865358952165,0.08855855893937746,3.7316633479820133e-7,FALSE,FALSE,FALSE,FALSE
361312,MERCY HEALTH - URBANA HOSPITAL,Hybrid_HWM,OH,2024,Planned TEFCA,4.2,54,4.209630720020564,-0.009630720020563593,-0.022429467155301176,0.03887328953510653,3.63918936658263e-7,FALSE,FALSE,FALSE,FALSE
070010,BRIDGEPORT HOSPITAL,Hybrid_HWM,CT,2024,Planned TEFCA,3.6,2038,3.605310291598084,-0.005310291598083847,-0.012826638571139583,0.1064644469972459,3.5060233782701865e-7,FALSE,FALSE,FALSE,FALSE
340085,NOVANT HEALTH THOMASVILLE MEDICAL CENTER,Hybrid_HWM,NC,2024,Neither current nor planned,4.4,182,4.405286641998479,-0.005286641998478669,-0.012300887422824505,0.03708551547183182,1.0422834091384267e-7,FALSE,FALSE,FALSE,FALSE
380052,SAINT ALPHONSUS MEDICAL CENTER ONTARIO,Hybrid_HWM,OR,2024,Current TEFCA,4.2,146,4.203846686374249,-0.0038466863742489003,-0.009064499444939766,0.06117064355902228,9.57503623103379e-8,FALSE,FALSE,FALSE,FALSE
450229,HENDRICK MEDICAL CENTER,Hybrid_HWM,TX,2024,Neither current nor planned,4.2,3324,4.2031322734462115,-0.0031322734462115994,-0.007343059662920464,0.051437479660811934,5.229549008305984e-8,FALSE,FALSE,FALSE,FALSE
171383,WILLIAM NEWTON HOSPITAL,Hybrid_HWM,KS,2024,Neither current nor planned,4.6,226,4.597039109264743,0.0029608907352570418,0.006958926783997872,0.05624131577221955,5.161494314378392e-8,FALSE,FALSE,FALSE,FALSE
231322,CHARLEVOIX AREA HOSPITAL,Hybrid_HWM,MI,2023,Neither current nor planned,4.4,91,4.396773402421422,0.0032265975785783813,0.0075415123190800265,0.0457251973779189,4.8741110900797326e-8,FALSE,FALSE,FALSE,FALSE
521344,GUNDERSEN BOSCOBEL AREA HOSPITAL AND CLINICS,Hybrid_HWM,WI,2024,Neither current nor planned,4.5,32,4.5016303279667635,-0.0016303279667635462,-0.003954690324012785,0.11401635447080366,3.5996712372971995e-8,FALSE,FALSE,FALSE,FALSE
371319,"COAL COUNTY GENERAL HOSPITAL, INC.",Hybrid_HWM,OK,2023,Neither current nor planned,4.6,36,4.600718697878221,-7.186978782206699e-4,-0.001686984652365735,0.05382566333229942,2.8955890644428064e-9,FALSE,FALSE,FALSE,FALSE
450656,NACOGDOCHES MEDICAL CENTER,Hybrid_HWM,TX,2024,Neither current nor planned,4.3,646,4.2998082651067095,1.9173489329022097e-4,4.477120837343797e-4,0.04389546059029934,1.6459184093449057e-10,FALSE,FALSE,FALSE,FALSE
090003,HOWARD UNIVERSITY HOSPITAL CORP,Hybrid_HWM,DC,2023,Neither current nor planned,4.3,449,4.299999999999999,4.638652085530639e-16,NA,1,NA,NA,TRUE,TRUE,NA
