facility_id,facility_name,measure_id,mstate,year,tefca_status,score,denominator,fitted_value,residual,studentized_residual,hat_value,cooks_distance,cooks_flag,leverage_flag,hat_near_one_flag,studentized_residual_flag
260022,NORTHEAST REGIONAL MEDICAL CENTER,MORT_30_HF,MO,2024,Neither current nor planned,9.7,85,12.190055447936627,-2.4900554479366277,-1.8689049822893393,0.5098887234907616,0.06454461208425144,TRUE,TRUE,FALSE,FALSE
260141,UNIVERSITY OF MISSOURI HEALTH CARE,MORT_30_HF,MO,2024,Current TEFCA,14.1,321,11.609944552063375,2.4900554479366255,1.8689049822893375,0.5098887234907615,0.0645446120842513,TRUE,TRUE,FALSE,FALSE
020012,FAIRBANKS MEMORIAL HOSPITAL,MORT_30_HF,AK,2023,Neither current nor planned,18.2,124,14.323032460769063,3.876967539230936,2.51923577610069,0.3421543158786326,0.05827928755229827,TRUE,TRUE,FALSE,FALSE
281352,"COMMUNITY MEDICAL CENTER, INC",MORT_30_HF,NE,2023,Neither current nor planned,16.2,64,12.301251837653115,3.898748162346883,2.5221712056847,0.33626893039093636,0.05689953991767383,TRUE,TRUE,FALSE,FALSE
021311,PEACEHEALTH KETCHIKAN MEDICAL CENTER,MORT_30_HF,AK,2023,Current TEFCA,10.6,42,13.81580498488538,-3.215804984885381,-2.095687069086129,0.3486614606957104,0.041679811215642446,TRUE,TRUE,FALSE,FALSE
281329,AVERA ST ANTHONY'S HOSPITAL,MORT_30_HF,NE,2024,Neither current nor planned,10,31,12.83163446840174,-2.83163446840174,-1.8409380442264955,0.3469425979775247,0.03198786360657195,TRUE,TRUE,FALSE,FALSE
300034,CATHOLIC MEDICAL CENTER,MORT_30_HF,NH,2024,Current TEFCA,8,728,11.341011928037025,-3.341011928037025,-2.055438555392568,0.269410654004105,0.027629949462214986,TRUE,TRUE,FALSE,FALSE
240001,NORTH MEMORIAL HEALTH HOSPITAL,MORT_30_HF,MN,2023,Planned TEFCA,9.6,326,11.070620570563154,-1.4706205705631534,-1.096866265258563,0.5061144404584476,0.022006617080343013,TRUE,TRUE,FALSE,FALSE
240014,NORTHFIELD HOSPITAL,MORT_30_HF,MN,2023,Planned TEFCA,13.9,32,12.429379429436848,1.4706205705631532,1.0968662652585628,0.5061144404584474,0.02200661708034299,TRUE,TRUE,FALSE,FALSE
171333,CLARA BARTON HOSPITAL,MORT_30_HF,KS,2024,Planned TEFCA,16.7,52,12.382587008467304,4.317412991532695,2.4729835786469923,0.15380559290215612,0.019635183154650227,TRUE,FALSE,FALSE,FALSE
430015,AVERA ST MARY'S HOSPITAL,MORT_30_HF,SD,2024,Neither current nor planned,17.3,48,13.361585453116671,3.938414546883329,2.2722730099281265,0.16763826371874355,0.018405504853073407,TRUE,FALSE,FALSE,FALSE
530012,BANNER WYOMING MEDICAL CENTER,MORT_30_HF,WY,2024,Planned TEFCA,16.4,438,12.228829513948838,4.171170486051161,2.388844090035117,0.15427332441865324,0.018403592280249428,TRUE,FALSE,FALSE,FALSE
381315,ST. ALPHONSUS MEDICAL CENTER - BAKER CITY,MORT_30_HF,OR,2024,Current TEFCA,19.8,39,13.374590355276977,6.425409644723024,3.541193167173486,0.07354270496568369,0.01734787850984424,TRUE,FALSE,FALSE,TRUE
200039,MAINE GENERAL MEDICAL CENTER,MORT_30_HF,ME,2023,Planned TEFCA,14.9,204,11.84166091922242,3.058339080777581,1.819989008838338,0.2206756499209125,0.016666527854882904,TRUE,TRUE,FALSE,FALSE
271347,HOLY ROSARY HOSPITAL,MORT_30_HF,MT,2023,Planned TEFCA,16,44,11.96741173876961,4.032588261230392,2.2971979517934367,0.14598412727783353,0.01596237309167994,TRUE,FALSE,FALSE,FALSE
041330,PIGGOTT COMMUNITY HOSPITAL,MORT_30_HF,AR,2023,Neither current nor planned,15.8,41,12.761629511715762,3.0383704882842384,1.7918568327147621,0.20664874313121614,0.014864117840791221,TRUE,FALSE,FALSE,FALSE
080006,"TIDALHEALTH NANTICOKE, INC.",MORT_30_HF,DE,2024,Planned TEFCA,13.1,245,11.131398311498083,1.9686016885019164,1.26603774576566,0.33514729337725335,0.014409751197712081,TRUE,TRUE,FALSE,FALSE
131320,CLEARWATER VALLEY HOSPITAL & CLINICS,MORT_30_HF,ID,2023,Neither current nor planned,17.2,40,13.580092324157127,3.6199076758428728,2.0725821520138883,0.15634870357647374,0.014116247294520422,TRUE,FALSE,FALSE,FALSE
070036,JOHN DEMPSEY HOSPITAL OF THE UNIVERSITY OF CONNECT,MORT_30_HF,CT,2024,Planned TEFCA,16.1,307,11.555223969923727,4.5447760300762745,2.536647297501641,0.10820939946439635,0.013782249847666319,TRUE,FALSE,FALSE,FALSE
130013,SAINT ALPHONSUS MEDICAL CENTER - NAMPA,MORT_30_HF,ID,2024,Current TEFCA,9.2,129,12.8034256693079,-3.6034256693079008,-2.059590247360915,0.1535301234774384,0.013644501135917673,TRUE,FALSE,FALSE,FALSE
531304,HOT SPRINGS COUNTY MEMORIAL HOSPITAL,MORT_30_HF,WY,2023,Neither current nor planned,16.1,31,13.066994923290622,3.0330050767093786,1.744207556355374,0.16596367040202736,0.01076329665182439,TRUE,FALSE,FALSE,FALSE
440102,LINCOLN MEDICAL CENTER,MORT_30_HF,TN,2023,Neither current nor planned,13.6,30,12.584735291044268,1.015264708955732,0.7569773274264293,0.5064395057805969,0.01050899819178682,TRUE,TRUE,FALSE,FALSE
440065,TRISTAR NORTHCREST MEDICAL CENTER,MORT_30_HF,TN,2024,Neither current nor planned,11.9,76,12.915264708955732,-1.015264708955732,-0.7569773274264284,0.5064395057805958,0.010508998191786745,TRUE,TRUE,FALSE,FALSE
030006,TUCSON MEDICAL CENTER,MORT_30_HF,AZ,2023,Planned TEFCA,14.6,584,9.864699625685706,4.735300374314293,2.6011046425171607,0.07861489039969774,0.010182946021950315,TRUE,FALSE,FALSE,FALSE
500072,OLYMPIC MEDICAL CENTER,MORT_30_HF,WA,2023,Neither current nor planned,18.5,239,13.670864263211467,4.829135736788534,2.6420002421156403,0.07075249715288949,0.009370736674286539,TRUE,FALSE,FALSE,FALSE
531306,WASHAKIE MEDICAL CENTER,MORT_30_HF,WY,2024,Planned TEFCA,10.2,34,13.216126978181604,-3.0161269781816045,-1.71478459021235,0.14685848534065987,0.009001441792093598,TRUE,FALSE,FALSE,FALSE
140089,MC DONOUGH DISTRICT HOSPITAL,MORT_30_HF,IL,2023,Neither current nor planned,15.7,55,11.216407757737887,4.483592242262113,2.4588041897724975,0.0769917980262183,0.008909257291771586,TRUE,FALSE,FALSE,FALSE
080003,ST FRANCIS HOSPITAL,MORT_30_HF,DE,2024,Planned TEFCA,9.9,116,11.42021350712554,-1.52021350712554,-0.9793695854337393,0.33835959176770863,0.008759908418492229,TRUE,TRUE,FALSE,FALSE
131322,FRANKLIN COUNTY MEDICAL CENTER,MORT_30_HF,ID,2023,Neither current nor planned,10.8,35,13.631673900847044,-2.831673900847043,-1.618406979386298,0.15636422402023759,0.00863912652130607,TRUE,FALSE,FALSE,FALSE
150012,SAINT JOSEPH REGIONAL MEDICAL CENTER,MORT_30_HF,IN,2024,Current TEFCA,14.4,408,11.358363795416249,3.0416362045837513,1.7218321703175938,0.1394100665560779,0.008540279624679853,TRUE,FALSE,FALSE,FALSE
330229,"BROOKS-TLC HOSPITAL SYSTEM, INC",MORT_30_HF,NY,2023,Planned TEFCA,16,33,11.625230599243272,4.374769400756728,2.3911764031653338,0.07148889788204328,0.007782706863350156,TRUE,FALSE,FALSE,FALSE
430012,AVERA SACRED HEART HOSPITAL,MORT_30_HF,SD,2024,Neither current nor planned,15.6,109,13.044772545615524,2.555227454384475,1.4687581129249974,0.1667503865757077,0.007690094547019175,TRUE,FALSE,FALSE,FALSE
190034,ABBEVILLE GENERAL HOSPITAL,MORT_30_HF,LA,2023,Neither current nor planned,14.9,78,12.157328111380309,2.742671888619692,1.5607730825587713,0.14936608124327608,0.0076150059455656356,FALSE,FALSE,FALSE,FALSE
511311,HAMPSHIRE MEMORIAL HOSPITAL,MORT_30_HF,WV,2024,Planned TEFCA,12.7,26,11.291124787112741,1.4088752128872575,0.9079862805420476,0.339051677222331,0.007554955066902294,FALSE,TRUE,FALSE,FALSE
370016,INTEGRIS HEALTH ENID HOSPITAL,MORT_30_HF,OK,2023,Planned TEFCA,15.5,88,11.236128912736007,4.263871087263993,2.3313247418259464,0.07265179609872878,0.007532250559545049,FALSE,FALSE,FALSE,FALSE
190190,"CALDWELL MEMORIAL HOSPITAL, INC",MORT_30_HF,LA,2023,Neither current nor planned,9.9,27,12.56713023597988,-2.66713023597988,-1.5196011997321706,0.15162793027709967,0.007349382818386481,FALSE,FALSE,FALSE,FALSE
491307,"PAGE MEMORIAL HOSPITAL, INC",MORT_30_HF,VA,2024,Planned TEFCA,8.1,93,12.690670304206712,-4.590670304206712,-2.4972346043571525,0.06155338038889244,0.007223387417687944,FALSE,FALSE,FALSE,FALSE
060023,INTERMOUNTAIN HEALTH ST. MARY'S REGIONAL HOSPITAL,MORT_30_HF,CO,2023,Planned TEFCA,14.6,233,11.265460479600888,3.3345395203991113,1.852524474171028,0.10558585384522169,0.0071970761336110954,FALSE,FALSE,FALSE,FALSE
010148,EVERGREEN MEDICAL CENTER,MORT_30_HF,AL,2024,Neither current nor planned,9.8,52,12.678356451896372,-2.878356451896371,-1.6150077303011365,0.12466604950639515,0.006610674038336936,FALSE,FALSE,FALSE,FALSE
430014,AVERA ST LUKES,MORT_30_HF,SD,2024,Neither current nor planned,10.5,177,12.857499400840608,-2.357499400840607,-1.3554578259376586,0.16775460000334855,0.006601319526373317,FALSE,FALSE,FALSE,FALSE
451395,HILL REGIONAL HOSPITAL,MORT_30_HF,TX,2024,Neither current nor planned,16.4,49,12.472280386835973,3.927719613164026,2.1477877112409742,0.07448785017172307,0.0065789727498078154,FALSE,FALSE,FALSE,FALSE
511309,VALLEY HEALTH WAR MEMORIAL HOSPITAL,MORT_30_HF,WV,2024,Planned TEFCA,9.8,42,11.105871453557638,-1.3058714535576377,-0.8402329395534522,0.33706263301667966,0.006413903315027324,FALSE,TRUE,FALSE,FALSE
070022,YALE-NEW HAVEN HOSPITAL,MORT_30_HF,CT,2024,Planned TEFCA,8,1199,11.02894695139163,-3.0289469513916303,-1.6866440904593258,0.1108215119741911,0.0063064571988856915,FALSE,FALSE,FALSE,FALSE
300005,CONCORD HOSPITAL- LACONIA,MORT_30_HF,NH,2023,Planned TEFCA,13.2,220,11.577062555152324,1.6229374448476763,0.991073463219919,0.2635905711571482,0.006278424740520222,FALSE,TRUE,FALSE,FALSE
380038,PROVIDENCE WILLAMETTE FALLS MEDICAL CENTER,MORT_30_HF,OR,2023,Planned TEFCA,8.2,120,12.759995659989379,-4.55999565998938,-2.470764704354259,0.05436956983499284,0.006200087499485159,FALSE,FALSE,FALSE,FALSE
171346,HOSPITAL DISTRICT #6 PATTERSON HEALTH CENTER,MORT_30_HF,KS,2023,Neither current nor planned,10.6,25,12.877167392019466,-2.2771673920194666,-1.3012236535267072,0.15768842961055718,0.005651973922657712,FALSE,FALSE,FALSE,FALSE
501326,PROVIDENCE MOUNT CARMEL HOSPITAL,MORT_30_HF,WA,2023,Planned TEFCA,17.7,47,13.88282717814707,3.81717282185293,2.0772563598390095,0.06607323234184975,0.005413018291462173,FALSE,FALSE,FALSE,FALSE
450229,HENDRICK MEDICAL CENTER,MORT_30_HF,TX,2024,Neither current nor planned,14.9,577,11.496797635565894,3.4032023644341054,1.8648573126885413,0.08056404113903444,0.005412896997082189,FALSE,FALSE,FALSE,FALSE
070018,GREENWICH HOSPITAL ASSOCIATION -,MORT_30_HF,CT,2024,Planned TEFCA,8.6,409,11.444410527943846,-2.8444105279438463,-1.580809585354809,0.10801370304245214,0.005386454384799676,FALSE,FALSE,FALSE,FALSE
501312,PROSSER MEMORIAL HOSPITAL,MORT_30_HF,WA,2023,Neither current nor planned,11.2,33,14.547105363458595,-3.3471053634585948,-1.835173807125526,0.08183629646263874,0.0053333542977389275,FALSE,FALSE,FALSE,FALSE
040071,JEFFERSON REGIONAL MEDICAL CENTER,MORT_30_HF,AR,2023,Neither current nor planned,10.2,287,11.987059723078884,-1.787059723078885,-1.052601742682236,0.20823898236884772,0.005202449544236577,FALSE,FALSE,FALSE,FALSE
200033,NORTHERN LIGHT EASTERN MAINE MEDICAL CENTER,MORT_30_HF,ME,2023,Current TEFCA,9.7,481,11.509057409579329,-1.8090574095793304,-1.0632425792109041,0.20474754823590197,0.005196002082686204,FALSE,FALSE,FALSE,FALSE
370008,NORMAN REGIONAL,MORT_30_HF,OK,2024,Planned TEFCA,14.8,240,11.515275332408413,3.284724667591588,1.8004679266690442,0.0815692721342697,0.00511667298656989,FALSE,FALSE,FALSE,FALSE
460004,MCKAY-DEE HOSPITAL,MORT_30_HF,UT,2023,Planned TEFCA,14.8,285,11.226785869440633,3.5732141305593688,1.9480043798584687,0.07046033297961901,0.005106024134685315,FALSE,FALSE,FALSE,FALSE
490144,UVA HEALTH HAYMARKET MEDICAL CENTER,MORT_30_HF,VA,2023,Current TEFCA,15.6,191,12.161038831508412,3.438961168491588,1.876446764147383,0.07261680114803618,0.004896989265068492,FALSE,FALSE,FALSE,FALSE
161364,JEFFERSON COUNTY HEALTH CENTER,MORT_30_HF,IA,2024,Neither current nor planned,16.5,47,13.304506337747291,3.1954936622527077,1.7505969881372392,0.08090750578332756,0.0047962546872718365,FALSE,FALSE,FALSE,FALSE
161362,CHEROKEE REGIONAL MEDICAL CENTER,MORT_30_HF,IA,2024,Neither current nor planned,18.2,44,14.165709293576205,4.0342907064237945,2.1820275182486255,0.05368808478569843,0.004785194731193668,FALSE,FALSE,FALSE,FALSE
271317,LIVINGSTON HEALTHCARE,MORT_30_HF,MT,2023,Neither current nor planned,10.8,48,12.83507374862589,-2.0350737486258894,-1.1645971290964814,0.16076547221526402,0.00463598839059686,FALSE,FALSE,FALSE,FALSE
420027,ANMED HEALTH,MORT_30_HF,SC,2024,Current TEFCA,14.2,528,12.022358517826637,2.1776414821733616,1.2351190577175677,0.14535357179298317,0.004627873162380593,FALSE,FALSE,FALSE,FALSE
360095,BLANCHARD VALLEY HOSPITAL,MORT_30_HF,OH,2024,Neither current nor planned,15.9,247,12.275700383725688,3.624299616274313,1.968040810303163,0.0629083662596014,0.004614752493655507,FALSE,FALSE,FALSE,FALSE
450604,HILL COUNTRY MEMORIAL HOSPITAL,MORT_30_HF,TX,2024,Neither current nor planned,15.6,72,12.3236190583299,3.2763809416701,1.7876659155935966,0.07318537831766819,0.004485215272596215,FALSE,FALSE,FALSE,FALSE
280134,KEARNEY REGIONAL MEDICAL CENTER,MORT_30_HF,NE,2023,Neither current nor planned,10.9,152,11.967113693945155,-1.0671136939451542,-0.6869790432068092,0.33810656777224446,0.004309776922847819,FALSE,TRUE,FALSE,FALSE
531305,PLATTE COUNTY HOSPITAL,MORT_30_HF,WY,2024,Planned TEFCA,11.2,29,13.277571763437237,-2.077571763437238,-1.179634134022504,0.14744076868150455,0.004293747225012608,FALSE,FALSE,FALSE,FALSE
450656,NACOGDOCHES MEDICAL CENTER,MORT_30_HF,TX,2024,Neither current nor planned,8.8,164,12.005626644520891,-3.2056266445208914,-1.7484420708795705,0.07280289181747496,0.004267625617097073,FALSE,FALSE,FALSE,FALSE
050063,HOLLYWOOD PRESBYTERIAN MEDICAL CENTER,MORT_30_HF,CA,2024,Current TEFCA,7.8,180,11.277362663966684,-3.4773626639666855,-1.88717037899456,0.06245488133053857,0.0042134510096251436,FALSE,FALSE,FALSE,FALSE
170013,HAYS MEDICAL CENTER,MORT_30_HF,KS,2023,Planned TEFCA,9.6,258,11.536387343076393,-1.9363873430763945,-1.1073990037658852,0.15990158884778352,0.0041661304499932775,FALSE,FALSE,FALSE,FALSE
210060,ADVENTIST HEALTHCARE FORT WASHINGTON MEDICAL CTR,MORT_30_HF,MD,2023,Neither current nor planned,9.5,100,11.623299341860868,-2.123299341860868,-1.199283535750516,0.13835335523270811,0.004120118291466848,FALSE,FALSE,FALSE,FALSE
070016,SAINT MARY'S HOSPITAL,MORT_30_HF,CT,2024,Current TEFCA,14,260,11.572369896166638,2.427630103833362,1.3500926401931024,0.11050260067705872,0.004036492074619104,FALSE,FALSE,FALSE,FALSE
390079,ROBERT PACKER HOSPITAL,MORT_30_HF,PA,2023,Planned TEFCA,15.1,425,10.758898648684418,4.341101351315582,2.3329602532110436,0.04008576337772257,0.0040205094314354,FALSE,FALSE,FALSE,FALSE
430016,AVERA MCKENNAN HOSPITAL & UNIVERSITY HEALTH CENTER,MORT_30_HF,SD,2024,Neither current nor planned,10.8,334,12.612209886875918,-1.812209886875917,-1.0430102762976778,0.17078849516046204,0.0040003768580194,FALSE,FALSE,FALSE,FALSE
530015,ST JOHNS MEDICAL CENTER,MORT_30_HF,WY,2024,Neither current nor planned,11.2,58,13.075366593159302,-1.8753665931593024,-1.0734625624322756,0.1615371163135449,0.003963080858835309,FALSE,FALSE,FALSE,FALSE
160124,LAKES REGIONAL HEALTHCARE,MORT_30_HF,IA,2024,Neither current nor planned,17.5,79,13.962519076101355,3.537480923898645,1.9146534415004328,0.05720188023400317,0.003949271976523805,FALSE,FALSE,FALSE,FALSE
010092,DCH REGIONAL MEDICAL CENTER,MORT_30_HF,AL,2023,Planned TEFCA,13.6,521,11.49512797680138,2.1048720231986198,1.1852311292742552,0.13310854955515847,0.0038484322415794224,FALSE,FALSE,FALSE,FALSE
060009,LUTHERAN MEDICAL CENTER,MORT_30_HF,CO,2023,Planned TEFCA,13.7,235,11.262158852530009,2.43784114746999,1.35207546865707,0.10562284707325477,0.0038484267468171006,FALSE,FALSE,FALSE,FALSE
521308,AMERY HOSPITAL & CLINIC,MORT_30_HF,WI,2023,Planned TEFCA,14.8,52,12.726411217732574,2.0735887822674264,1.1696267650247307,0.13615459110267555,0.003847347747644975,FALSE,FALSE,FALSE,FALSE
210004,HOLY CROSS HOSPITAL,MORT_30_HF,MD,2024,Planned TEFCA,12.5,327,10.468943710796129,2.0310562892038706,1.1481791926924045,0.14006854875897537,0.003831888147429096,FALSE,FALSE,FALSE,FALSE
130007,SAINT ALPHONSUS REGIONAL MEDICAL CENTER,MORT_30_HF,ID,2024,Current TEFCA,14.4,260,12.532688286482092,1.8673117135179087,1.0656750749133996,0.15656062868192558,0.0037632615355465697,FALSE,FALSE,FALSE,FALSE
360013,WILSON MEMORIAL HOSPITAL,MORT_30_HF,OH,2023,Planned TEFCA,15.7,53,12.18071938204012,3.51928061795988,1.90215573963512,0.05467208650950866,0.003715903455040424,FALSE,FALSE,FALSE,FALSE
030130,BANNER IRONWOOD MEDICAL CENTER,MORT_30_HF,AZ,2024,Planned TEFCA,14.6,85,11.29877111710706,3.3012288828929397,1.7894702134307807,0.060957819974852855,0.0036945916129800392,FALSE,FALSE,FALSE,FALSE
220071,MASSACHUSETTS GENERAL HOSPITAL,MORT_30_HF,MA,2023,Planned TEFCA,6.6,1479,9.56408782258497,-2.964087822584969,-1.6165757613357035,0.07353604303154161,0.003691316433413644,FALSE,FALSE,FALSE,FALSE
100296,DOCTORS HOSPITAL,MORT_30_HF,FL,2023,Planned TEFCA,8.4,122,11.316212866085726,-2.916212866085725,-1.5913427361353072,0.07471686470920413,0.0036396844348996643,FALSE,FALSE,FALSE,FALSE
420065,BON SECOURS-ST FRANCIS XAVIER HOSPITAL,MORT_30_HF,SC,2024,Planned TEFCA,14.4,257,12.3017597080139,2.098240291986099,1.1780220662600491,0.12801859365673768,0.00363517220948446,FALSE,FALSE,FALSE,FALSE
340015,NOVANT HEALTH ROWAN MEDICAL CENTER,MORT_30_HF,NC,2024,Neither current nor planned,15.8,203,11.767153594648846,4.032846405351155,2.1675216065741143,0.04179423106092586,0.0036305973146591613,FALSE,FALSE,FALSE,FALSE
390173,INDIANA REGIONAL MEDICAL CENTER,MORT_30_HF,PA,2023,Neither current nor planned,15.3,120,11.77506875497749,3.5249312450225116,1.9034452424015804,0.052908618782393356,0.0035941806144444465,FALSE,FALSE,FALSE,FALSE
040050,OUACHITA COUNTY MEDICAL CENTER,MORT_30_HF,AR,2024,Neither current nor planned,11.6,34,13.061423108499355,-1.4614231084993559,-0.8624896479414309,0.21195612956995002,0.003574810886331961,FALSE,FALSE,FALSE,FALSE
380051,SALEM HOSPITAL,MORT_30_HF,OR,2023,Neither current nor planned,15.1,496,12.277369725155072,2.8226302748449266,1.5424943466741414,0.07767736532176832,0.003567735792351091,FALSE,FALSE,FALSE,FALSE
131305,STEELE MEMORIAL MEDICAL CENTER,MORT_30_HF,ID,2023,Neither current nor planned,12.3,26,14.12010078813075,-1.8201007881307494,-1.038325856505916,0.1560047659383037,0.0035579897673526798,FALSE,FALSE,FALSE,FALSE
131327,GRITMAN MEDICAL CENTER,MORT_30_HF,ID,2024,Current TEFCA,15.1,38,13.275557020078416,1.8244429799215824,1.0395264855155324,0.15392620713392136,0.0035100444247006717,FALSE,FALSE,FALSE,FALSE
150072,MEMORIAL HOSPITAL,MORT_30_HF,IN,2023,Neither current nor planned,10.8,68,12.748450480494178,-1.948450480494178,-1.100563638584022,0.13883102291200167,0.003485334441486774,FALSE,FALSE,FALSE,FALSE
140082,LOUIS A WEISS MEMORIAL HOSPITAL,MORT_30_HF,IL,2023,Neither current nor planned,8.7,93,11.38710586406069,-2.687105864060691,-1.4708550652335382,0.08113428681798993,0.0034027169544835318,FALSE,FALSE,FALSE,FALSE
070010,BRIDGEPORT HOSPITAL,MORT_30_HF,CT,2024,Planned TEFCA,9,673,11.252027440426922,-2.252027440426922,-1.2507647593849525,0.10861873996771061,0.003400016769281821,FALSE,FALSE,FALSE,FALSE
050394,COMMUNITY MEMORIAL HOSPITAL - VENTURA,MORT_30_HF,CA,2023,Neither current nor planned,14.1,257,11.024913381925366,3.075086618074635,1.6686878547265975,0.06381578662206924,0.0033765730373171684,FALSE,FALSE,FALSE,FALSE
031318,BANNER PAYSON MEDICAL CENTER,MORT_30_HF,AZ,2024,Planned TEFCA,14.6,44,11.553126950701735,3.046873049298264,1.6540877873621214,0.064715848937115,0.0033681247033514375,FALSE,FALSE,FALSE,FALSE
500050,PEACEHEALTH SOUTHWEST MEDICAL CENTER,MORT_30_HF,WA,2023,Current TEFCA,10,489,12.953903602055343,-2.953903602055343,-1.6055580236506621,0.06729068553220022,0.003309869747076626,FALSE,FALSE,FALSE,FALSE
181301,MARCUM AND WALLACE MEMORIAL HOSPITAL,MORT_30_HF,KY,2023,Current TEFCA,11.8,29,13.45210893061089,-1.6521089306108905,-0.9497037700962521,0.169089987465909,0.0032782585799432345,FALSE,FALSE,FALSE,FALSE
030111,BANNER-UNIVERSITY MEDICAL CENTER SOUTH CAMPUS,MORT_30_HF,AZ,2024,Planned TEFCA,8.3,75,11.347120139236896,-3.047120139236895,-1.6513791234945328,0.06151083329608032,0.0031800077585050603,FALSE,FALSE,FALSE,FALSE
420104,MOUNT PLEASANT HOSPITAL,MORT_30_HF,SC,2024,Planned TEFCA,10.5,175,12.45020637243237,-1.9502063724323713,-1.0952989366264012,0.12898619555336152,0.003171102216468941,FALSE,FALSE,FALSE,FALSE
140133,HOLY CROSS HOSPITAL,MORT_30_HF,IL,2024,Neither current nor planned,7.9,111,10.687623471796687,-2.787623471796687,-1.5182248148229018,0.07156959005769994,0.0031641275524063915,FALSE,FALSE,FALSE,FALSE
140063,RUSH OAK PARK HOSPITAL,MORT_30_HF,IL,2024,Planned TEFCA,7.5,225,10.372022610697252,-2.8720226106972526,-1.5611166241315317,0.0676466764426373,0.003147872027273351,FALSE,FALSE,FALSE,FALSE
360012,MOUNT CARMEL ST ANN'S,MORT_30_HF,OH,2024,Current TEFCA,14.6,278,11.304600982101782,3.2953990178982187,1.7783258687900445,0.052586926382274406,0.0031201178522931618,FALSE,FALSE,FALSE,FALSE
050122,DAMERON HOSPITAL,MORT_30_HF,CA,2024,Current TEFCA,14.6,70,11.64219686474592,2.9578031352540806,1.6040014997982883,0.06302056933054351,0.003079758621732876,FALSE,FALSE,FALSE,FALSE
151332,DECATUR COUNTY MEMORIAL HOSPITAL,MORT_30_HF,IN,2023,Current TEFCA,14.1,43,12.439295691803936,1.6607043081960637,0.9492253306776814,0.15957666609164475,0.00305572135924511,FALSE,FALSE,FALSE,FALSE
220015,"COOLEY DICKINSON HOSPITAL INC,THE",MORT_30_HF,MA,2023,Planned TEFCA,12.8,400,10.069220017723026,2.7307799822769736,1.4869832427883205,0.07140212975517515,0.003028204232887265,FALSE,FALSE,FALSE,FALSE
370078,OKLAHOMA STATE UNIVERSITY MEDICAL CENTER,MORT_30_HF,OK,2023,Neither current nor planned,14.2,127,11.510682495484106,2.6893175045158935,1.4657924702094067,0.07328183455020078,0.0030265027969367036,FALSE,FALSE,FALSE,FALSE
301301,COTTAGE HOSPITAL,MORT_30_HF,NH,2023,Neither current nor planned,13.8,41,12.688087335886731,1.1119126641132688,0.6794768241206006,0.265424911754703,0.0029824047648032846,FALSE,TRUE,FALSE,FALSE
050468,MEMORIAL HOSPITAL OF GARDENA,MORT_30_HF,CA,2024,Planned TEFCA,8.5,85,11.591350757958054,-3.091350757958053,-1.670846362551388,0.05631508012158091,0.002963624574302825,FALSE,FALSE,FALSE,FALSE
370026,ST MARY'S REGIONAL MEDICAL CENTER,MORT_30_HF,OK,2023,Neither current nor planned,14.5,159,11.90888698239176,2.5911130176082393,1.4145898526930862,0.07661337551920692,0.002958462662074754,FALSE,FALSE,FALSE,FALSE
150011,MARION GENERAL HOSPITAL,MORT_30_HF,IN,2024,Neither current nor planned,10.7,215,12.508370635472504,-1.8083706354725049,-1.0191893252768636,0.1353405679754847,0.0029031445634344,FALSE,FALSE,FALSE,FALSE
340171,NOVANT HEALTH MATTHEWS MEDICAL CENTER,MORT_30_HF,NC,2024,Neither current nor planned,8,448,11.461372925293855,-3.4613729252938548,-1.8600731509069108,0.04400099939368722,0.002828787930450691,FALSE,FALSE,FALSE,FALSE
180048,EPHRAIM MCDOWELL REGIONAL MEDICAL CENTER,MORT_30_HF,KY,2024,Planned TEFCA,15,212,13.420309944181144,1.5796900558188571,0.903146849477351,0.160153512447663,0.0027786660671214407,FALSE,FALSE,FALSE,FALSE
290049,RENOWN SOUTH MEADOWS MEDICAL CENTER,MORT_30_HF,NV,2023,Neither current nor planned,10.6,158,11.691119265770919,-1.0911192657709199,-0.6640668648572999,0.2594647592278317,0.0027624047258093328,FALSE,TRUE,FALSE,FALSE
060116,GOOD SAMARITAN MEDICAL CENTER LLC,MORT_30_HF,CO,2023,Planned TEFCA,9.6,79,11.68326596669366,-2.08326596669366,-1.1536035772613005,0.10375429636746111,0.002749142776849384,FALSE,FALSE,FALSE,FALSE
490045,NOVANT PRINCE WILLIAM MEDICAL CENTER,MORT_30_HF,VA,2023,Current TEFCA,14.5,332,11.947475043931714,2.5525249560682863,1.390339109633407,0.07251377928340134,0.0026934042632929074,FALSE,FALSE,FALSE,FALSE
310011,CAPE REGIONAL MEDICAL CENTER INC,MORT_30_HF,NJ,2024,Neither current nor planned,13.6,445,12.193018510584016,1.4069814894159833,0.8160729929545945,0.18425833318567297,0.002688156539227884,FALSE,FALSE,FALSE,FALSE
431340,AVERA QUEEN OF PEACE,MORT_30_HF,SD,2024,Neither current nor planned,11.7,71,13.210361858731464,-1.5103618587314633,-0.8668926915292261,0.16680885913795518,0.0026881146401909876,FALSE,FALSE,FALSE,FALSE
030115,BANNER ESTRELLA MEDICAL CENTER,MORT_30_HF,AZ,2024,Planned TEFCA,8,272,10.849459898833185,-2.849459898833186,-1.5419833354533286,0.05944040532162035,0.0026754088939267883,FALSE,FALSE,FALSE,FALSE
050091,COMMUNITY HOSPITAL OF HUNTINGTON PARK,MORT_30_HF,CA,2023,Neither current nor planned,8.7,61,11.557585645498635,-2.8575856454986357,-1.5460821283294037,0.05905187337996254,0.0026708947150413235,FALSE,FALSE,FALSE,FALSE
200050,NORTHERN LIGHT MAINE COAST HOSPITAL,MORT_30_HF,ME,2023,Current TEFCA,10.9,80,12.201996549113368,-1.3019965491133667,-0.7635157469599229,0.20211471214503926,0.0026393234765847108,FALSE,FALSE,FALSE,FALSE
030134,BANNER GOLDFIELD MEDICAL CENTER,MORT_30_HF,AZ,2024,Planned TEFCA,9,35,11.641525707623794,-2.641525707623794,-1.4343749676480568,0.06651267586212771,0.002611879850322563,FALSE,FALSE,FALSE,FALSE
380020,MCKENZIE-WILLAMETTE MEDICAL CENTER,MORT_30_HF,OR,2023,Neither current nor planned,15.8,112,13.291430036871168,2.5085699631288336,1.366161057198086,0.07232499372979932,0.0025936123780646615,FALSE,FALSE,FALSE,FALSE
521330,CROSSING RIVERS HEALTH MEDICAL CENTER,MORT_30_HF,WI,2023,Neither current nor planned,15,26,13.410429113064238,1.5895708869357625,0.9027471642729804,0.1488624546559684,0.0025462522194174752,FALSE,FALSE,FALSE,FALSE
490097,BON SECOURS SOUTHERN VIRGINIA MEDICAL CENTER,MORT_30_HF,VA,2024,Planned TEFCA,15.6,40,12.993701225451783,2.6062987745482165,1.4150564277228748,0.0663716103740033,0.002536521792025586,FALSE,FALSE,FALSE,FALSE
060011,DENVER HEALTH & HOSPITAL AUTHORITY,MORT_30_HF,CO,2023,Planned TEFCA,9.9,48,11.875732750445838,-1.9757327504458377,-1.094548930565532,0.1048130546418663,0.0025038034707814604,FALSE,FALSE,FALSE,FALSE
370034,MCALESTER REGIONAL HEALTH CENTER,MORT_30_HF,OK,2023,Neither current nor planned,9.5,134,11.952079092462888,-2.4520790924628884,-1.3343446167581228,0.07103240745947095,0.0024270587943600436,FALSE,FALSE,FALSE,FALSE
161323,MITCHELL COUNTY REGIONAL HEALTH,MORT_30_HF,IA,2024,Neither current nor planned,11.6,25,14.384083243119138,-2.7840832431191376,-1.5039582825919815,0.056360189837868835,0.0024059151806159903,FALSE,FALSE,FALSE,FALSE
390156,MERCY CATHOLIC MEDICAL CENTER- MERCY FITZGERALD,MORT_30_HF,PA,2023,Neither current nor planned,9.1,161,12.035136017480166,-2.935136017480166,-1.5810783363956198,0.050525681501318954,0.0023678715544410535,FALSE,FALSE,FALSE,FALSE
150097,MAJOR HOSPITAL,MORT_30_HF,IN,2023,Planned TEFCA,10.6,95,12.180136206154623,-1.5801362061546236,-0.8924488896493062,0.13944745633379696,0.0023056893923332736,FALSE,FALSE,FALSE,FALSE
491308,RAPPAHANNOCK GENERAL HOSPITAL,MORT_30_HF,VA,2024,Planned TEFCA,10.3,59,12.843567301791106,-2.5435673017911054,-1.3785295674064502,0.06323002527123221,0.0022861242951737848,FALSE,FALSE,FALSE,FALSE
140054,MACNEAL  HOSPITAL,MORT_30_HF,IL,2024,Planned TEFCA,12.8,236,10.35358454181512,2.4464154581848807,1.328856224241318,0.06769390442774383,0.0022858560760091137,FALSE,FALSE,FALSE,FALSE
010029,THE EAST ALABAMA HEALTHCARE AUTHORITY,MORT_30_HF,AL,2024,Neither current nor planned,13.7,272,12.0392203909061,1.6607796090938982,0.931976805005712,0.12816199379079468,0.0022806970967447046,FALSE,FALSE,FALSE,FALSE
330185,JOHN T MATHER MEMORIAL HOSPITAL  OF PORT JEFFERSON,MORT_30_HF,NY,2023,Neither current nor planned,9,455,11.51296548361143,-2.51296548361143,-1.3622289014275204,0.0637105017278222,0.002250710874114919,FALSE,FALSE,FALSE,FALSE
330096,JONES MEMORIAL HOSPITAL,MORT_30_HF,NY,2024,Neither current nor planned,9.7,77,12.053076887622383,-2.3530768876223838,-1.280447043185012,0.07127734259138156,0.002243921169234929,FALSE,FALSE,FALSE,FALSE
450678,WHITE ROCK MEDICAL CENTER,MORT_30_HF,TX,2023,Planned TEFCA,9.4,78,11.62607203313056,-2.2260720331305603,-1.2157434416877002,0.07831631010503193,0.002240385644911455,FALSE,FALSE,FALSE,FALSE
140172,FRANCISCAN HEALTH OLYMPIA & CHICAGO HEIGHTS,MORT_30_HF,IL,2024,Neither current nor planned,8.8,403,11.02526543065408,-2.2252654306540807,-1.2150695531395217,0.07796545435597023,0.0022270368962354413,FALSE,FALSE,FALSE,FALSE
460006,LDS HOSPITAL,MORT_30_HF,UT,2023,Planned TEFCA,9.7,32,12.071502453808641,-2.3715024538086413,-1.2891342147690112,0.06930234379186356,0.0022066516556627355,FALSE,FALSE,FALSE,FALSE
010045,FAYETTE MEDICAL CENTER,MORT_30_HF,AL,2023,Planned TEFCA,10.8,47,12.424383369916773,-1.624383369916772,-0.9114605926045111,0.12805685943161949,0.0021795133142962454,FALSE,FALSE,FALSE,FALSE
310060,ST LUKE'S WARREN HOSPITAL,MORT_30_HF,NJ,2023,Planned TEFCA,9.6,311,10.829066640244159,-1.22906664024416,-0.7155703393156265,0.19064860960896296,0.002156086655809561,FALSE,FALSE,FALSE,FALSE
520066,MERCY HEALTH SYSTEM CORP,MORT_30_HF,WI,2024,Current TEFCA,10.6,199,12.037708896887569,-1.4377088968875693,-0.8179828002755564,0.15220594972364526,0.002146588322882967,FALSE,FALSE,FALSE,FALSE
050457,UCSF HEALTH ST. MARY'S HOSPITAL,MORT_30_HF,CA,2024,Planned TEFCA,8.5,210,11.264858156941491,-2.764858156941491,-1.4894495541003807,0.05121607120650633,0.002132913655581607,FALSE,FALSE,FALSE,FALSE
160079,MERCY MEDICAL CENTER - CEDAR RAPIDS,MORT_30_HF,IA,2023,Neither current nor planned,10.7,390,13.095369391399633,-2.3953693913996337,-1.2992467733852908,0.06514622441245543,0.0020975040654092176,FALSE,FALSE,FALSE,FALSE
490120,CHESAPEAKE GENERAL HOSPITAL,MORT_30_HF,VA,2023,Planned TEFCA,9.2,716,11.674749279173083,-2.474749279173084,-1.3398146534118065,0.06145705735797659,0.0020954717942443927,FALSE,FALSE,FALSE,FALSE
531309,NORTH BIG HORN HOSPITAL DISTRICT,MORT_30_HF,WY,2023,Planned TEFCA,11.5,43,12.897935236862528,-1.3979352368625275,-0.7949374315979493,0.1513854418175291,0.002014620284309885,FALSE,FALSE,FALSE,FALSE
220060,BETH ISRAEL DEACONESS HOSPITAL PLYMOUTH,MORT_30_HF,MA,2023,Neither current nor planned,8.7,700,10.73143258902882,-2.0314325890288205,-1.1120352141206034,0.08308042523665105,0.0019998480284455543,FALSE,FALSE,FALSE,FALSE
500030,ST JOSEPH HOSPITAL,MORT_30_HF,WA,2023,Current TEFCA,10.6,591,12.880719974684373,-2.2807199746843736,-1.2387321560775741,0.06797242769535732,0.0019960670911230043,FALSE,FALSE,FALSE,FALSE
330162,NORTHERN WESTCHESTER HOSPITAL,MORT_30_HF,NY,2024,Planned TEFCA,9.1,335,11.419558639779853,-2.319558639779853,-1.2583035418074322,0.06561722856599965,0.0019830556098694467,FALSE,FALSE,FALSE,FALSE
500003,SKAGIT VALLEY HOSPITAL,MORT_30_HF,WA,2023,Neither current nor planned,15.9,299,13.607231483604219,2.2927685163957823,1.244581327558403,0.06690261625369674,0.0019809135303118677,FALSE,FALSE,FALSE,FALSE
050231,POMONA VALLEY HOSPITAL MEDICAL CENTER,MORT_30_HF,CA,2023,Current TEFCA,8.5,320,10.850518386892219,-2.350518386892218,-1.273965972176619,0.06387605338602836,0.0019749432127821815,FALSE,FALSE,FALSE,FALSE
390142,JEFFERSON EINSTEIN PHILADELPHIA HOSPITAL,MORT_30_HF,PA,2023,Planned TEFCA,8.6,263,11.406413837530973,-2.8064138375309726,-1.508044654463588,0.046326279726899774,0.0019673750631972807,FALSE,FALSE,FALSE,FALSE
460007,CEDAR CITY HOSPITAL,MORT_30_HF,UT,2023,Planned TEFCA,14.2,44,11.948487593924192,2.251512406075807,1.2228573198739516,0.06803298530837183,0.0019472561107994617,FALSE,FALSE,FALSE,FALSE
360016,THE JEWISH HOSPITAL-MERCY HEALTH,MORT_30_HF,OH,2024,Planned TEFCA,8.1,306,11.268797259826204,-3.168797259826205,-1.695319589534205,0.03669153379538563,0.0019470628098585564,FALSE,FALSE,FALSE,FALSE
060071,DELTA COUNTY MEMORIAL HOSPITAL,MORT_30_HF,CO,2024,Planned TEFCA,14.1,57,12.476059056148971,1.6239409438510284,0.9053704644592335,0.11678906843755177,0.001936286991398357,FALSE,FALSE,FALSE,FALSE
380061,PROVIDENCE PORTLAND MEDICAL CENTER,MORT_30_HF,OR,2023,Planned TEFCA,9.9,317,12.384751606651381,-2.4847516066513817,-1.3418627213232552,0.05672992937460646,0.001930465457570848,FALSE,FALSE,FALSE,FALSE
231327,UNIVERSITY OF MICHIGAN HEALTH - SPARROW EATON,MORT_30_HF,MI,2023,Neither current nor planned,9.9,45,12.450832003528095,-2.5508320035280954,-1.3756689862895273,0.053965029062101676,0.0019240559179894273,FALSE,FALSE,FALSE,FALSE
330157,SAMARITAN MEDICAL CENTER,MORT_30_HF,NY,2023,Neither current nor planned,14.1,193,11.867136897189148,2.232863102810852,1.21249164914462,0.06771926834128283,0.0019050175304335224,FALSE,FALSE,FALSE,FALSE
310086,JEFFERSON STRATFORD HOSPITAL,MORT_30_HF,NJ,2023,Current TEFCA,11.9,1105,10.688775870198773,1.211224129801227,0.6997008469056007,0.17795748164529773,0.001894665988096425,FALSE,FALSE,FALSE,FALSE
390174,THOMAS JEFFERSON UNIVERSITY HOSPITAL,MORT_30_HF,PA,2023,Current TEFCA,8,556,10.630957087737736,-2.630957087737736,-1.416338792302079,0.0503364763584308,0.0018946402846500012,FALSE,FALSE,FALSE,FALSE
190054,IBERIA MEDICAL CENTER,MORT_30_HF,LA,2023,Neither current nor planned,13.6,162,12.271485230567547,1.3285147694324517,0.7572137584180574,0.1554144097065187,0.0018857871129454226,FALSE,FALSE,FALSE,FALSE
330103,OLEAN GENERAL HOSPITAL,MORT_30_HF,NY,2023,Planned TEFCA,13.3,188,10.953114791901115,2.346885208098886,1.2702065737727093,0.06125459372743838,0.001877511695689626,FALSE,FALSE,FALSE,FALSE
291313,BANNER CHURCHILL COMMUNITY HOSPITAL,MORT_30_HF,NV,2024,Planned TEFCA,13.2,55,12.34920082507353,0.8507991749264705,0.5225308917192801,0.27305924591451114,0.0018342938664971079,FALSE,TRUE,FALSE,FALSE
140135,DECATUR MEMORIAL HOSPITAL,MORT_30_HF,IL,2023,Neither current nor planned,12,357,10.008883634518982,1.9911163654810176,1.087584962613126,0.07916778696186401,0.0018152511607742383,FALSE,FALSE,FALSE,FALSE
161368,FLOYD VALLEY HEALTHCARE,MORT_30_HF,IA,2024,Neither current nor planned,16.7,26,14.391820770098551,2.3081792299014476,1.2491671261056054,0.061224647406751855,0.001815089039018047,FALSE,FALSE,FALSE,FALSE
360276,HMHP ST ELIZABETH BOARDMAN HEALTH CENTER,MORT_30_HF,OH,2024,Planned TEFCA,8.1,490,11.086925024580621,-2.986925024580621,-1.598664468287867,0.03812362908564706,0.0018028529613087238,FALSE,FALSE,FALSE,FALSE
050110,LOMPOC VALLEY MEDICAL CENTER,MORT_30_HF,CA,2023,Neither current nor planned,14.2,85,11.803026201089006,2.3969737989109934,1.2939750817822702,0.05627802381077198,0.0017804640829290482,FALSE,FALSE,FALSE,FALSE
230303,MUNSON HEALTHCARE MANISTEE HOSPITAL,MORT_30_HF,MI,2023,Neither current nor planned,10.4,54,12.865413386783652,-2.465413386783652,-1.328782129327068,0.05305261547924368,0.0017635612299702404,FALSE,FALSE,FALSE,FALSE
020026,ALASKA NATIVE MEDICAL CENTER,MORT_30_HF,AK,2024,Planned TEFCA,13.5,109,14.161162554345616,-0.6611625543456154,-0.42813680134074783,0.3462122121766948,0.0017363657631448864,FALSE,TRUE,FALSE,FALSE
190176,EAST JEFFERSON GENERAL HOSPITAL,MORT_30_HF,LA,2023,Current TEFCA,10.3,347,11.491045143150938,-1.1910451431509381,-0.6850829618098748,0.1708724273040708,0.001729185796148522,FALSE,FALSE,FALSE,FALSE
490017,BON SECOURS MARYVIEW MEDICAL CENTER,MORT_30_HF,VA,2024,Planned TEFCA,14.5,325,12.184448797110587,2.3155512028894134,1.2510677437740778,0.05807734463637348,0.0017212382369703647,FALSE,FALSE,FALSE,FALSE
060001,BANNER NORTH COLORADO MEDICAL CENTER,MORT_30_HF,CO,2024,Planned TEFCA,10.5,166,12.08602970717015,-1.5860297071701495,-0.8806985609573256,0.10976683502880914,0.0017086069939141956,FALSE,FALSE,FALSE,FALSE
390183,ST LUKE'S MINERS MEMORIAL HOSPITAL,MORT_30_HF,PA,2023,Planned TEFCA,8.2,218,10.643180065112146,-2.4431800651121462,-1.3155462684190624,0.05131905519149928,0.0016691877589358147,FALSE,FALSE,FALSE,FALSE
230005,PROMEDICA CHARLES AND VIRGINIA HICKMAN HOSPITAL,MORT_30_HF,MI,2023,Planned TEFCA,13.4,169,11.149816075328555,2.250183924671446,1.2165042074661927,0.05941539453448279,0.0016676128369442816,FALSE,FALSE,FALSE,FALSE
190050,BEAUREGARD MEMORIAL HOSPITAL,MORT_30_HF,LA,2023,Neither current nor planned,11.4,54,12.672977973137757,-1.2729779731377564,-0.7229155177112113,0.14931766435391156,0.0016397365519925514,FALSE,FALSE,FALSE,FALSE
330055,NEW YORK-PRESBYTERIAN/QUEENS,MORT_30_HF,NY,2023,Planned TEFCA,8.3,624,10.512569830950195,-2.212569830950194,-1.1964802559424095,0.06000148502387951,0.0016302626487235611,FALSE,FALSE,FALSE,FALSE
110006,ST MARY'S HOSPITAL,MORT_30_HF,GA,2024,Current TEFCA,12.5,168,10.918962237043909,1.5810377629560908,0.8761333603922523,0.10613421612474806,0.0016283629706116238,FALSE,FALSE,FALSE,FALSE
500054,PROV SACRED HRT MED CTR & CHILDS HOSP.,MORT_30_HF,WA,2023,Planned TEFCA,15.2,470,12.993366151605512,2.206633848394487,1.1933369108496954,0.0601215186362377,0.0016251858111890024,FALSE,FALSE,FALSE,FALSE
371319,"COAL COUNTY GENERAL HOSPITAL, INC.",MORT_30_HF,OK,2023,Neither current nor planned,10.2,28,12.183263055731453,-1.9832630557314546,-1.0792828798607366,0.07234393561723293,0.0016216037521302317,FALSE,FALSE,FALSE,FALSE
521320,TOMAH MEMORIAL HOSPITAL,MORT_30_HF,WI,2024,Neither current nor planned,12.2,40,13.494386875324277,-1.2943868753242789,-0.732259831377987,0.14274280053500793,0.001595938213730052,FALSE,FALSE,FALSE,FALSE
140210,HARRISBURG MEDICAL CENTER,MORT_30_HF,IL,2024,Neither current nor planned,13.1,30,11.193016760568,1.9069832394320005,1.0398766812021079,0.07626048856663477,0.001593860237682549,FALSE,FALSE,FALSE,FALSE
340068,COLUMBUS REGIONAL HEALTHCARE SYSTEM,MORT_30_HF,NC,2024,Planned TEFCA,14.3,99,11.628278214113939,2.6717217858860622,1.4318657990597745,0.04171363325414796,0.0015901050045003414,FALSE,FALSE,FALSE,FALSE
501329,PEACEHEALTH UNITED GENERAL MEDICAL CENTER,MORT_30_HF,WA,2023,Current TEFCA,12,44,13.88415191587887,-1.8841519158788702,-1.0259988136879599,0.07374415602198173,0.0014964198536981056,FALSE,FALSE,FALSE,FALSE
100073,HOLY CROSS HOSPITAL,MORT_30_HF,FL,2024,Current TEFCA,9.3,444,11.020526635475369,-1.720526635475368,-0.9420952339167105,0.08425873271560878,0.0014586399140912565,FALSE,FALSE,FALSE,FALSE
370015,HILLCREST HOSPITAL PRYOR,MORT_30_HF,OK,2024,Neither current nor planned,10.5,27,12.336267651419458,-1.8362676514194585,-1.0006849445501866,0.07525396975992717,0.00145516544041524,FALSE,FALSE,FALSE,FALSE
160067,MERCYONE WATERLOO MEDICAL CENTER,MORT_30_HF,IA,2024,Neither current nor planned,11.5,134,13.73551958076105,-2.23551958076105,-1.204401884897409,0.05294325090035139,0.0014466767308594184,FALSE,FALSE,FALSE,FALSE
220066,MERCY MEDICAL CTR,MORT_30_HF,MA,2024,Current TEFCA,12.5,354,10.758967876315321,1.74103212368468,0.9521260021200608,0.08191698713822804,0.0014447063358534675,FALSE,FALSE,FALSE,FALSE
100002,BETHESDA HOSPITAL EAST,MORT_30_HF,FL,2023,Planned TEFCA,13,537,11.205864889432759,1.7941351105672412,0.9785686352339072,0.07693491472635453,0.001425361619454901,FALSE,FALSE,FALSE,FALSE
010007,MIZELL MEMORIAL HOSPITAL,MORT_30_HF,AL,2023,Current TEFCA,13.4,34,12.151702216548568,1.2482977834514322,0.7040069890594812,0.1375019445802819,0.0014124885341614212,FALSE,FALSE,FALSE,FALSE
390330,ST LUKE'S HOSPITAL - MONROE CAMPUS,MORT_30_HF,PA,2023,Planned TEFCA,8.2,371,10.437788023221174,-2.237788023221175,-1.204100705822271,0.05054694571090069,0.0013770247893607525,FALSE,FALSE,FALSE,FALSE
161316,GUNDERSEN PALMER LUTHERAN HOSPITAL AND CLINICS,MORT_30_HF,IA,2023,Neither current nor planned,11.9,27,13.687644114804831,-1.7876441148048308,-0.9736023171168294,0.07424823492612871,0.0013577352852622764,FALSE,FALSE,FALSE,FALSE
220030,BAYSTATE WING HOSPITAL,MORT_30_HF,MA,2024,Planned TEFCA,9,358,10.80166956907214,-1.8016695690721398,-0.9804775446550066,0.07277940201259728,0.001347561421049125,FALSE,FALSE,FALSE,FALSE
490021,CENTRA HEALTH -  LYNCHBURG GEN HOSPITAL,MORT_30_HF,VA,2023,Planned TEFCA,9.6,1012,11.541092203087588,-1.9410922030875881,-1.051233594416552,0.06344055355917237,0.0013364248371286116,FALSE,FALSE,FALSE,FALSE
531307,COMMUNITY HOSPITAL,MORT_30_HF,WY,2024,Planned TEFCA,14.1,70,12.937174991119868,1.1628250088801328,0.6589188289591339,0.14575299045262505,0.0013244489044321073,FALSE,FALSE,FALSE,FALSE
290001,RENOWN REGIONAL MEDICAL CENTER,MORT_30_HF,NV,2023,Neither current nor planned,11.9,623,11.161150848706693,0.7388491512933061,0.4514729552217214,0.2657354080818164,0.0013195071665381925,FALSE,TRUE,FALSE,FALSE
450119,SOUTH TEXAS HEALTH SYSTEM,MORT_30_HF,TX,2023,Neither current nor planned,9.8,299,11.546154869013083,-1.746154869013082,-0.9513419106191163,0.07498642028568646,0.0013104120101420156,FALSE,FALSE,FALSE,FALSE
340114,REX HOSPITAL,MORT_30_HF,NC,2023,Planned TEFCA,8.1,1116,10.46506339814372,-2.3650633981437204,-1.268159071211697,0.0435855400917292,0.0013070484316470576,FALSE,FALSE,FALSE,FALSE
310045,ENGLEWOOD HOSPITAL AND MEDICAL CENTER,MORT_30_HF,NJ,2024,Planned TEFCA,10.2,568,11.197472564451676,-0.997472564451677,-0.5767900955085811,0.17985507165387082,0.0013046659904740008,FALSE,FALSE,FALSE,FALSE
220077,BAYSTATE MEDICAL CENTER,MORT_30_HF,MA,2024,Planned TEFCA,12,1378,10.281009155986837,1.7189908440131632,0.9367140576910198,0.07538003826705317,0.0012777117586359411,FALSE,FALSE,FALSE,FALSE
370228,"BAILEY MEDICAL CENTER, LLC",MORT_30_HF,OK,2024,Neither current nor planned,10.6,28,12.322219266317191,-1.722219266317192,-0.9383050653520538,0.0750425639194511,0.0012758422962046846,FALSE,FALSE,FALSE,FALSE
161348,CLARKE COUNTY HOSPITAL,MORT_30_HF,IA,2023,Neither current nor planned,11.9,28,13.650707711265024,-1.750707711265025,-0.9522990247359375,0.07202099520873079,0.0012570890632205057,FALSE,FALSE,FALSE,FALSE
340041,CALDWELL MEMORIAL HOSPITAL,MORT_30_HF,NC,2023,Planned TEFCA,13.9,87,11.450715135796699,2.4492848642033005,1.3105442040119353,0.039307152084701626,0.0012529594124682751,FALSE,FALSE,FALSE,FALSE
340017,PARDEE HOSPITAL HENDERSON COUNTY,MORT_30_HF,NC,2023,Planned TEFCA,13.5,288,10.988308154397052,2.511691845602948,1.342723475729546,0.03739534391084256,0.0012485624464863585,FALSE,FALSE,FALSE,FALSE
390231,JEFFERSON ABINGTON HOSPITAL,MORT_30_HF,PA,2023,Current TEFCA,8.3,1103,10.366341791166409,-2.0663417911664084,-1.1126554449946315,0.052350589237263094,0.0012206367480264233,FALSE,FALSE,FALSE,FALSE
340090,JOHNSTON HEALTH,MORT_30_HF,NC,2023,Planned TEFCA,13.3,409,10.852815826645251,2.44718417335475,1.3086234441284137,0.038147308646222164,0.0012109773667482108,FALSE,FALSE,FALSE,FALSE
370112,SEQUOYAH COUNTY-CITY OF SALLISAW HOSPITAL AUTHORIT,MORT_30_HF,OK,2024,Current TEFCA,10.8,31,12.304606347376158,-1.5046063473761568,-0.8262738716766923,0.0899878582935359,0.0012063998172828863,FALSE,FALSE,FALSE,FALSE
220010,MERRIMACK HEALTH LAWRENCE HOSPITAL,MORT_30_HF,MA,2023,Planned TEFCA,11.6,461,9.991504790798,1.6084952092019986,0.8785751440799351,0.07994464354117961,0.0011982762157115624,FALSE,FALSE,FALSE,FALSE
381316,PEACE HARBOR MEDICAL CENTER,MORT_30_HF,OR,2023,Current TEFCA,11.2,50,13.074024706579056,-1.8740247065790574,-1.0136631742524975,0.061287101410087065,0.001197871071388007,FALSE,FALSE,FALSE,FALSE
490009,UNIVERSITY OF VIRGINIA MEDICAL CENTER,MORT_30_HF,VA,2023,Current TEFCA,10,672,11.675094335893608,-1.675094335893607,-0.9123288444827484,0.07452628685595135,0.0011973353097030873,FALSE,FALSE,FALSE,FALSE
230156,TRINITY HEALTH ANN ARBOR HOSPITAL,MORT_30_HF,MI,2024,Current TEFCA,9,944,11.062236999682137,-2.062236999682137,-1.1099977087534705,0.051598398127939656,0.001196422996384955,FALSE,FALSE,FALSE,FALSE
340190,NOVANT HEALTH MINT HILL MEDICAL CENTER,MORT_30_HF,NC,2024,Neither current nor planned,9.7,111,12.000346312951091,-2.3003463129510924,-1.2324133529623578,0.042147067238228315,0.0011920983348224497,FALSE,FALSE,FALSE,FALSE
010149,BAPTIST MEDICAL CENTER EAST,MORT_30_HF,AL,2024,Current TEFCA,10.4,233,11.570066427545727,-1.1700664275457275,-0.6579814193917272,0.13261640088571428,0.0011834551489775821,FALSE,FALSE,FALSE,FALSE
230217,OAKLAWN HOSPITAL,MORT_30_HF,MI,2024,Neither current nor planned,15,53,13.100109955429188,1.8998900445708113,1.0261171727586729,0.05842245351431631,0.0011664885503951394,FALSE,FALSE,FALSE,FALSE
050159,VENTURA COUNTY MEDICAL CENTER,MORT_30_HF,CA,2024,Neither current nor planned,13.9,98,11.998415190134486,1.9015848098655148,1.0262937749245307,0.05706573616527788,0.0011381511207208934,FALSE,FALSE,FALSE,FALSE
380037,PROVIDENCE NEWBERG MEDICAL CENTER,MORT_30_HF,OR,2023,Planned TEFCA,10.8,124,12.747329344396093,-1.947329344396092,-1.0495399945679087,0.05437485709191113,0.001130823602973076,FALSE,FALSE,FALSE,FALSE
110038,ARCHBOLD MEMORIAL HOSPITAL,MORT_30_HF,GA,2024,Current TEFCA,12.6,229,11.284316440196944,1.3156835598030554,0.7289037143694193,0.10613614451996525,0.0011276631590170655,FALSE,FALSE,FALSE,FALSE
070008,JOHNSON MEMORIAL HOSPITAL,MORT_30_HF,CT,2024,Current TEFCA,13.3,73,12.063041505382172,1.2369584946178283,0.6893329091970766,0.11669863285560911,0.0011223134284810681,FALSE,FALSE,FALSE,FALSE
370091,"SAINT FRANCIS HOSPITAL, INC",MORT_30_HF,OK,2023,Neither current nor planned,9.4,831,10.873582400150164,-1.4735824001501634,-0.8080486177062416,0.08736807857594042,0.0011170336793061883,FALSE,FALSE,FALSE,FALSE
100314,WEST KENDALL BAPTIST HOSPITAL,MORT_30_HF,FL,2023,Planned TEFCA,9.6,157,11.21878146379859,-1.6187814637985913,-0.8812632924145418,0.07380652781500092,0.0011056654278443644,FALSE,FALSE,FALSE,FALSE
370039,HILLCREST HOSPITAL CLAREMORE,MORT_30_HF,OK,2024,Neither current nor planned,13.5,92,11.86269719762211,1.6373028023778908,0.8903267786353746,0.07165227571495592,0.0010930061004977417,FALSE,FALSE,FALSE,FALSE
390125,WAYNE MEMORIAL HOSPITAL,MORT_30_HF,PA,2024,Neither current nor planned,14.1,156,12.251910773225651,1.8480892267743483,0.9976522073169469,0.05761763300044524,0.0010866831236213065,FALSE,FALSE,FALSE,FALSE
030002,BANNER - UNIVERSITY MEDICAL CENTER PHOENIX,MORT_30_HF,AZ,2024,Planned TEFCA,9.1,240,10.89780892096305,-1.79780892096305,-0.9713177527721829,0.059289687220417775,0.0010619653647722697,FALSE,FALSE,FALSE,FALSE
410008,SOUTH COUNTY HOSPITAL INC,MORT_30_HF,RI,2023,Neither current nor planned,11.8,223,12.116593340018747,-0.31659334001874634,-0.23680240797615673,0.5101101270109885,0.0010447839988769793,FALSE,TRUE,FALSE,FALSE
410013,WESTERLY HOSPITAL,MORT_30_HF,RI,2024,Planned TEFCA,11.8,213,11.483406659981256,0.31659334001874484,0.23680240797615557,0.5101101270109883,0.0010447839988769686,FALSE,TRUE,FALSE,FALSE
100316,PALM BAY HOSPITAL,MORT_30_HF,FL,2023,Neither current nor planned,13.1,184,11.662264694487074,1.4377353055129245,0.7876846963267814,0.085792735745174,0.0010405788575493674,FALSE,FALSE,FALSE,FALSE
521357,MERCY WALWORTH HOSPITAL & MEDICAL CENTER,MORT_30_HF,WI,2024,Current TEFCA,11.4,76,12.409538725575777,-1.0095387255757766,-0.573380753013803,0.1498797248786624,0.0010365351797485202,FALSE,FALSE,FALSE,FALSE
040088,SOUTH ARKANSAS REGIONAL HOSPITAL LLC,MORT_30_HF,AR,2024,Neither current nor planned,13.3,139,12.49459775561322,0.8054022443867795,0.47313366550537245,0.2055234314103567,0.0010358115956816331,FALSE,FALSE,FALSE,FALSE
340141,NOVANT HEALTH NEW HANOVER REGIONAL MEDICAL CENTER,MORT_30_HF,NC,2024,Neither current nor planned,13,1222,11.073751865459196,1.9262481345408045,1.0363828856552515,0.05115185340492,0.0010338281440431692,FALSE,FALSE,FALSE,FALSE
381306,WALLOWA MEMORIAL HOSPITAL,MORT_30_HF,OR,2023,Neither current nor planned,11.8,27,13.378865322689222,-1.578865322689222,-0.8588154569523605,0.07233572296699121,0.0010275838608251064,FALSE,FALSE,FALSE,FALSE
310005,HUNTERDON MEDICAL CENTER,MORT_30_HF,NJ,2024,Current TEFCA,10.9,377,11.793770802955342,-0.8937708029553421,-0.5159344621774454,0.17714043295583082,0.0010248835542264459,FALSE,FALSE,FALSE,FALSE
030147,BANNER OCOTILLO MEDICAL CENTER,MORT_30_HF,AZ,2024,Planned TEFCA,9.5,98,11.243796066039849,-1.7437960660398488,-0.9426475226366637,0.06042102303470266,0.001020631155227774,FALSE,FALSE,FALSE,FALSE
250050,BAPTIST MEMORIAL HOSPITAL-OKTIBBEHA COUNTY,MORT_30_HF,MS,2024,Planned TEFCA,12.7,45,12.041736111503107,0.6582638884968912,0.4001947000677114,0.25831190817005,9.978328983126614e-4,FALSE,TRUE,FALSE,FALSE
360072,FAIRFIELD MEDICAL CENTER,MORT_30_HF,OH,2023,Planned TEFCA,13.4,275,11.544704205125425,1.8552957948745743,0.9990250996197099,0.052856722321136834,9.946061224712414e-4,FALSE,FALSE,FALSE,FALSE
460014,MOUNTAIN WEST MEDICAL CENTER,MORT_30_HF,UT,2023,Neither current nor planned,11.1,30,12.535584375880877,-1.4355843758808773,-0.7852000001956742,0.08275607779962156,9.941309651274343e-4,FALSE,FALSE,FALSE,FALSE
131326,CASSIA REGIONAL HOSPITAL,MORT_30_HF,ID,2023,Planned TEFCA,14,42,13.056462010996688,0.9435379890033117,0.5391118411177777,0.16006391746130577,9.9054836990121e-4,FALSE,FALSE,FALSE,FALSE
110035,WELLSTAR KENNESTONE REGIONAL MEDICAL CENTER,MORT_30_HF,GA,2023,Neither current nor planned,9.4,1076,10.525958548987585,-1.125958548987584,-0.6294817652153338,0.12247028005607734,9.887984795870577e-4,FALSE,FALSE,FALSE,FALSE
390057,ST LUKE'S HOSPITAL - GRAND VIEW CAMPUS,MORT_30_HF,PA,2023,Neither current nor planned,9.9,327,11.738541382767405,-1.838541382767404,-0.9899120111906385,0.052718684473071833,9.73888825579816e-4,FALSE,FALSE,FALSE,FALSE
450518,THE MEDICAL CENTER OF SOUTHEAST TEXAS,MORT_30_HF,TX,2023,Planned TEFCA,9.7,117,11.095843534964935,-1.395843534964936,-0.7644200134812331,0.08511300920330715,9.716066114404247e-4,FALSE,FALSE,FALSE,FALSE
420110,ROPER ST FRANCIS HOSPITAL-BERKELEY INC,MORT_30_HF,SC,2024,Planned TEFCA,11.5,131,12.562070997687705,-1.0620709976877054,-0.5963667371837018,0.13018700778872586,9.518727745345286e-4,FALSE,FALSE,FALSE,FALSE
251337,TIPPAH COUNTY HOSPITAL,MORT_30_HF,MS,2024,Planned TEFCA,11.5,38,12.129936289974312,-0.6299362899743112,-0.38376021918440406,0.2613728246610157,9.323072584228935e-4,FALSE,TRUE,FALSE,FALSE
341327,J ARTHUR DOSHER MEMORIAL HOSPITAL,MORT_30_HF,NC,2023,Neither current nor planned,10.9,34,12.714924573565312,-1.814924573565312,-0.9767149742989147,0.05183761289713946,9.31435210263042e-4,FALSE,FALSE,FALSE,FALSE
340003,NORTHERN REGIONAL HOSPITAL,MORT_30_HF,NC,2023,Neither current nor planned,10.2,142,12.139850764598547,-1.9398507645985474,-1.0402910753066288,0.04490374493524733,9.084078114993869e-4,FALSE,FALSE,FALSE,FALSE
360056,MERCY HEALTH - FAIRFIELD HOSPITAL,MORT_30_HF,OH,2024,Planned TEFCA,13.3,369,11.19647968471777,2.1035203152822306,1.123718006315749,0.03713264902260671,8.691052509450372e-4,FALSE,FALSE,FALSE,FALSE
380102,SACRED HEART MEDICAL CENTER - RIVERBEND,MORT_30_HF,OR,2023,Current TEFCA,13.7,536,12.157706595257881,1.5422934047421186,0.8355756505004324,0.06496847628652523,8.668423479308157e-4,FALSE,FALSE,FALSE,FALSE
360174,UPPER VALLEY MEDICAL CENTER,MORT_30_HF,OH,2024,Planned TEFCA,13.4,227,11.407044432460944,1.992955567539056,1.066039141144806,0.03989331346318521,8.429703416668242e-4,FALSE,FALSE,FALSE,FALSE
390237,REGIONAL HOSPITAL OF SCRANTON,MORT_30_HF,PA,2024,Neither current nor planned,12.9,609,11.375086906497517,1.5249130935024837,0.8259829637273197,0.0646007701924601,8.419567989682386e-4,FALSE,FALSE,FALSE,FALSE
161351,AVERA HOLY FAMILY HOSPITAL,MORT_30_HF,IA,2024,Neither current nor planned,15.8,44,14.188597312013744,1.6114026879862555,0.8701031329885943,0.058576169896484946,8.416173996656169e-4,FALSE,FALSE,FALSE,FALSE
330160,STATEN ISLAND UNIVERSITY HOSPITAL,MORT_30_HF,NY,2024,Neither current nor planned,10.1,974,11.469320351488706,-1.369320351488706,-0.7468266546065251,0.07763273396378374,8.390796423662621e-4,FALSE,FALSE,FALSE,FALSE
300023,EXETER HOSPITAL INC,MORT_30_HF,NH,2023,Neither current nor planned,12.5,302,11.893838180923925,0.6061618190760752,0.36811357058246214,0.2567164963943704,8.372938189624288e-4,FALSE,TRUE,FALSE,FALSE
230022,INSIGHT HOSPITAL AND MEDICAL CENTER COLDWATER,MORT_30_HF,MI,2023,Planned TEFCA,12.9,108,11.32278328968311,1.5772167103168895,0.8520344117490636,0.05950159852618147,8.206371826790473e-4,FALSE,FALSE,FALSE,FALSE
390086,PENN HIGHLANDS DUBOIS,MORT_30_HF,PA,2023,Neither current nor planned,13,364,11.323531556237935,1.6764684437620658,0.9027770593119285,0.053322617469735274,8.200761180361902e-4,FALSE,FALSE,FALSE,FALSE
060076,STERLING REGIONAL MEDCENTER,MORT_30_HF,CO,2024,Planned TEFCA,11.6,35,12.687340978413662,-1.0873409784136625,-0.6037072260450334,0.1103225878704126,8.081402994920036e-4,FALSE,FALSE,FALSE,FALSE
431330,AVERA ST BENEDICT HEALTH CENTER - CAH,MORT_30_HF,SD,2024,Neither current nor planned,12.8,25,13.613570854819816,-0.8135708548198145,-0.4677780793000059,0.17066599725778084,8.054429135954181e-4,FALSE,FALSE,FALSE,FALSE
220035,NORTH SHORE MEDICAL CENTER -,MORT_30_HF,MA,2023,Planned TEFCA,8.3,1052,9.695685746569298,-1.3956857465692978,-0.7589827109055276,0.07218391347437579,8.010282924981968e-4,FALSE,FALSE,FALSE,FALSE
050254,MARSHALL MEDICAL CENTER,MORT_30_HF,CA,2024,Planned TEFCA,12.4,246,10.741616122721325,1.6583838772786754,0.8929191594165611,0.053105310411789855,7.988415859497222e-4,FALSE,FALSE,FALSE,FALSE
080001,CHRISTIANA HOSPITAL,MORT_30_HF,DE,2023,Planned TEFCA,9.6,2244,10.04838818137638,-0.4483881813763809,-0.29020171045691595,0.34566268716602466,7.960005812897547e-4,FALSE,TRUE,FALSE,FALSE
010023,BAPTIST MEDICAL CENTER SOUTH,MORT_30_HF,AL,2024,Current TEFCA,12.5,251,11.541321003577497,0.9586789964225018,0.5390793447857368,0.13278614477855805,7.95797761242629e-4,FALSE,FALSE,FALSE,FALSE
380004,PROVIDENCE ST VINCENT MEDICAL CENTER,MORT_30_HF,OR,2023,Planned TEFCA,10.6,631,12.118829357245065,-1.518829357245065,-0.8211736433151486,0.061164274932309616,7.850413356762167e-4,FALSE,FALSE,FALSE,FALSE
271343,PROVIDENCE ST JOSEPH MEDICAL CENTER,MORT_30_HF,MT,2023,Planned TEFCA,11.2,33,12.078539875688032,-0.8785398756880322,-0.4982634929041768,0.14758588106895046,7.688160503042231e-4,FALSE,FALSE,FALSE,FALSE
230208,UNIVERSITY OF MICHIGAN HEALTH-SPARROW CARSON,MORT_30_HF,MI,2023,Neither current nor planned,10.8,49,12.41793656272338,-1.6179365627233788,-0.8713396237985807,0.053613503034105774,7.684507423944923e-4,FALSE,FALSE,FALSE,FALSE
110032,STEPHENS COUNTY HOSPITAL,MORT_30_HF,GA,2023,Neither current nor planned,10.6,48,11.638719036176877,-1.038719036176877,-0.5778884426743022,0.11400021645468801,7.684056818841329e-4,FALSE,FALSE,FALSE,FALSE
491305,SHENANDOAH MEMORIAL HOSPITAL,MORT_30_HF,VA,2024,Planned TEFCA,14.2,89,12.707652731916813,1.492347268083187,0.8071063589933586,0.06179309440466594,7.667228824481417e-4,FALSE,FALSE,FALSE,FALSE
100154,SOUTH MIAMI HOSPITAL,MORT_30_HF,FL,2023,Planned TEFCA,12.3,321,10.942510083658341,1.3574899163416603,0.7384713601983464,0.07289748581634169,7.664541824204883e-4,FALSE,FALSE,FALSE,FALSE
450690,THE UNIVERSITY OF TEXAS HEALTH SCIENCE CENTER AT TYLER,MORT_30_HF,TX,2024,Neither current nor planned,13.4,49,12.07579018227747,1.3242098177225305,0.7215067186241735,0.0758729370174973,7.639994866130772e-4,FALSE,FALSE,FALSE,FALSE
070002,ST FRANCIS HOSPITAL & MEDICAL CENTER,MORT_30_HF,CT,2024,Current TEFCA,12.2,755,11.16057291939502,1.0394270806049786,0.5774099834689341,0.11132202612031787,7.468549542096268e-4,FALSE,FALSE,FALSE,FALSE
420087,ROPER HOSPITAL,MORT_30_HF,SC,2024,Planned TEFCA,11,673,11.92989211568901,-0.9298921156890086,-0.5216627813030138,0.12872867296841833,7.191003842631809e-4,FALSE,FALSE,FALSE,FALSE
160032,MERCYONE NEWTON MEDICAL CENTER,MORT_30_HF,IA,2024,Neither current nor planned,12.4,72,13.975471529371333,-1.5754715293713322,-0.8479883848553269,0.05261933360107565,7.136304431975679e-4,FALSE,FALSE,FALSE,FALSE
460057,PARK CITY HOSPITAL,MORT_30_HF,UT,2023,Planned TEFCA,10.8,27,12.137132415600826,-1.3371324156008257,-0.726319418058019,0.07018009684028535,7.117394903823524e-4,FALSE,FALSE,FALSE,FALSE
190114,CLAIBORNE MEMORIAL MEDICAL CENTER,MORT_30_HF,LA,2024,Neither current nor planned,13.8,42,13.020421765066612,0.7795782349333886,0.44680605605617857,0.16539319770918703,7.076673461874992e-4,FALSE,FALSE,FALSE,FALSE
180027,MURRAY-CALLOWAY COUNTY HOSPITAL,MORT_30_HF,KY,2023,Planned TEFCA,13.8,107,12.971951211653511,0.8280487883464894,0.47055549895732224,0.15099351252642074,7.043752119165236e-4,FALSE,FALSE,FALSE,FALSE
450346,BAPTIST BEAUMONT HOSPITAL,MORT_30_HF,TX,2024,Neither current nor planned,10.5,317,11.751049188421177,-1.2510491884211774,-0.681229242283596,0.07485765162583115,6.713110389248399e-4,FALSE,FALSE,FALSE,FALSE
070007,LAWRENCE & MEMORIAL HOSPITAL,MORT_30_HF,CT,2024,Planned TEFCA,10.4,461,11.398178463029796,-0.9981784630297955,-0.5534619158700272,0.10804965820566331,6.636122231836473e-4,FALSE,FALSE,FALSE,FALSE
390204,NAZARETH HOSPITAL,MORT_30_HF,PA,2024,Planned TEFCA,12.8,229,11.225242495641364,1.5747575043586368,0.8460889228800952,0.04922977398897113,6.62308014764997e-4,FALSE,FALSE,FALSE,FALSE
160064,MERCYONE NORTH IOWA MEDICAL CENTER,MORT_30_HF,IA,2024,Neither current nor planned,14.7,442,13.274496390944943,1.4255036090550564,0.7696799008288813,0.05880000360853136,6.614638326464033e-4,FALSE,FALSE,FALSE,FALSE
460044,INTERMOUNTAIN HEALTH ALTA VIEW HOSPITAL,MORT_30_HF,UT,2023,Planned TEFCA,10.6,48,11.91487614176398,-1.3148761417639792,-0.7132923832156334,0.06777142699100615,6.611917745361118e-4,FALSE,FALSE,FALSE,FALSE
171362,CITIZENS MEDICAL CENTER,MORT_30_HF,KS,2024,Current TEFCA,11.2,43,11.96972254274624,-0.7697225427462407,-0.4395741654575768,0.15938188760979366,6.553387261683389e-4,FALSE,FALSE,FALSE,FALSE
210057,ADVENTIST HEALTHCARE SHADY GROVE MEDICAL CENTER,MORT_30_HF,MD,2023,Neither current nor planned,11.9,437,11.053616065452347,0.8463839345476528,0.47732822449755546,0.13795999135281586,6.522124389941043e-4,FALSE,FALSE,FALSE,FALSE
370006,INTEGRIS HEALTH PONCA CITY,MORT_30_HF,OK,2023,Neither current nor planned,10.1,76,11.335421338123188,-1.235421338123189,-0.6724779248725893,0.0742164077008679,6.481374381996986e-4,FALSE,FALSE,FALSE,FALSE
070005,WATERBURY HOSPITAL,MORT_30_HF,CT,2023,Planned TEFCA,10.8,366,11.699078061889473,-0.8990780618894731,-0.5026992647957679,0.12294214509110722,6.335706412546577e-4,FALSE,FALSE,FALSE,FALSE
291308,HUMBOLDT GENERAL HOSPITAL,MORT_30_HF,NV,2023,Neither current nor planned,11.9,30,12.39852906044885,-0.4985290604488489,-0.30555771887495414,0.2703807987328104,6.190421740655762e-4,FALSE,TRUE,FALSE,FALSE
060028,SAINT JOSEPH HOSPITAL,MORT_30_HF,CO,2023,Planned TEFCA,10.6,102,11.58455973661902,-0.9845597366190207,-0.5445717517179226,0.10367683345195293,6.13468920967714e-4,FALSE,FALSE,FALSE,FALSE
340085,NOVANT HEALTH THOMASVILLE MEDICAL CENTER,MORT_30_HF,NC,2024,Neither current nor planned,11.1,64,12.67517669270358,-1.5751766927035813,-0.8445942441778455,0.045358761253037505,6.056131530341519e-4,FALSE,FALSE,FALSE,FALSE
150002,METHODIST HOSPITALS INC,MORT_30_HF,IN,2024,Planned TEFCA,12.3,321,11.475159759640674,0.8248402403593276,0.46436551195486997,0.13496187520955966,6.017778918664726e-4,FALSE,FALSE,FALSE,FALSE
490067,BON SECOURS SOUTHSIDE MEDICAL CENTER,MORT_30_HF,VA,2024,Planned TEFCA,10.7,470,12.041944246180512,-1.341944246180512,-0.7245161889410205,0.058813605394643045,5.863425465054256e-4,FALSE,FALSE,FALSE,FALSE
460001,INTERMOUNTAIN HEALTH UTAH VALLEY HOSPITAL,MORT_30_HF,UT,2023,Planned TEFCA,12.4,308,11.196805823724855,1.2031941762751446,0.6537575997685859,0.07092617984452702,5.833557833263405e-4,FALSE,FALSE,FALSE,FALSE
050496,JOHN MUIR MEDICAL CENTER - CONCORD CAMPUS,MORT_30_HF,CA,2024,Planned TEFCA,8.9,501,10.093257096213279,-1.1932570962132782,-0.6486920632090482,0.07189516753867496,5.828135298029561e-4,FALSE,FALSE,FALSE,FALSE
381318,PROVIDENCE HOOD RIVER MEMORIAL HOSPITAL,MORT_30_HF,OR,2023,Planned TEFCA,14.3,82,12.907083511714179,1.392916488285822,0.7504242517104768,0.05468877338937904,5.823105405657513e-4,FALSE,FALSE,FALSE,FALSE
110146,SOUTHEAST GEORGIA HEALTH SYSTEM -- CAMDEN CAMPUS,MORT_30_HF,GA,2023,Planned TEFCA,10.5,43,11.353467428434742,-0.8534674284347413,-0.47754323233046964,0.1242592992261012,5.787722174152592e-4,FALSE,FALSE,FALSE,FALSE
460023,AMERICAN FORK HOSPITAL,MORT_30_HF,UT,2023,Planned TEFCA,13,71,11.76365254737877,1.2363474526212301,0.670389359737671,0.06704736886406346,5.774303010628982e-4,FALSE,FALSE,FALSE,FALSE
381313,ST CHARLES MEDICAL CENTER PRINEVILLE,MORT_30_HF,OR,2023,Neither current nor planned,12.5,31,13.721989707128376,-1.2219897071283752,-0.6629726665382529,0.06810409461784263,5.742876195966121e-4,FALSE,FALSE,FALSE,FALSE
390329,JEFFERSON EINSTEIN MONTGOMERY HOSPITAL,MORT_30_HF,PA,2023,Planned TEFCA,12.7,462,11.18877497482394,1.5112250251760595,0.8107075019505781,0.04642320612019654,5.717918995128236e-4,FALSE,FALSE,FALSE,FALSE
270057,BOZEMAN HEALTH DEACONESS HOSPITAL,MORT_30_HF,MT,2023,Planned TEFCA,10.3,196,11.01672421902367,-0.7167242190236697,-0.4093708855005781,0.15968702085423658,5.697017811984114e-4,FALSE,FALSE,FALSE,FALSE
040039,ARKANSAS METHODIST MEDICAL CENTER,MORT_30_HF,AR,2023,Neither current nor planned,11.9,77,12.495289901092768,-0.5952899010927681,-0.3493805150220588,0.20422889106984402,5.604718633980818e-4,FALSE,FALSE,FALSE,FALSE
361318,FOSTORIA COMMUNITY HOSPITAL,MORT_30_HF,OH,2023,Planned TEFCA,10.1,49,11.398195861763588,-1.2981958617635878,-0.7004257122174775,0.057617365476264656,5.362103955943776e-4,FALSE,FALSE,FALSE,FALSE
360236,MERCY HEALTH - CLERMONT HOSPITAL,MORT_30_HF,OH,2024,Planned TEFCA,9.9,145,11.557296989518859,-1.6572969895188578,-0.8846513298393005,0.03661783986598877,5.314374382331509e-4,FALSE,FALSE,FALSE,FALSE
160080,MERCYONE CLINTON MEDICAL CENTER,MORT_30_HF,IA,2024,Neither current nor planned,12.3,173,13.636841613939811,-1.3368416139398112,-0.7197719364233466,0.05361769585662952,5.246754918753758e-4,FALSE,FALSE,FALSE,FALSE
160069,MERCYONE DUBUQUE MEDICAL CENTER,MORT_30_HF,IA,2024,Neither current nor planned,12.3,176,13.630200395650037,-1.3302003956500374,-0.7162137724724332,0.053674416456104074,5.200873084254069e-4,FALSE,FALSE,FALSE,FALSE
390233,UPMC HANOVER,MORT_30_HF,PA,2023,Planned TEFCA,12.4,338,10.847375320290379,1.5526246797096224,0.8302441786210633,0.04020861688215548,5.160055265126375e-4,FALSE,FALSE,FALSE,FALSE
220090,MILFORD REGIONAL MEDICAL CENTER,MORT_30_HF,MA,2024,Current TEFCA,9.5,627,10.53814647603589,-1.0381464760358892,-0.5674464172059073,0.08212849080051318,5.152325274379506e-4,FALSE,FALSE,FALSE,FALSE
051320,BANNER LASSEN MEDICAL CENTER,MORT_30_HF,CA,2024,Planned TEFCA,13.1,58,11.761881241303522,1.3381187586964773,0.7200611749223399,0.05256934268321844,5.142602289620632e-4,FALSE,FALSE,FALSE,FALSE
330235,AUBURN  COMMUNITY  HOSPITAL,MORT_30_HF,NY,2024,Neither current nor planned,13.2,246,11.977995455957966,1.222004544042033,0.6606524196647415,0.06153024004077662,5.116224893458598e-4,FALSE,FALSE,FALSE,FALSE
070031,GRIFFIN HOSPITAL,MORT_30_HF,CT,2023,Current TEFCA,12.7,191,11.926150264450778,0.7738497355492211,0.4346199300726733,0.13087022595678904,5.087926336453261e-4,FALSE,FALSE,FALSE,FALSE
340014,NOVANT HEALTH FORSYTH MEDICAL CENTER,MORT_30_HF,NC,2024,Neither current nor planned,12.7,701,11.288426119763276,1.411573880236723,0.7572473602808734,0.04659017135154271,5.008391005387385e-4,FALSE,FALSE,FALSE,FALSE
030061,BANNER BOSWELL MEDICAL CENTER,MORT_30_HF,AZ,2024,Planned TEFCA,11.7,660,10.507039612115538,1.192960387884461,0.6453302317429943,0.06267514435526297,4.978781458872666e-4,FALSE,FALSE,FALSE,FALSE
361306,MERCY ALLEN HOSPITAL,MORT_30_HF,OH,2024,Planned TEFCA,10.8,27,12.206607308497613,-1.4066073084976125,-0.7544707504739585,0.04631498430893945,4.940982137886034e-4,FALSE,FALSE,FALSE,FALSE
330141,LONG ISLAND COMMUNITY HOSPITAL,MORT_30_HF,NY,2023,Current TEFCA,9.6,326,10.739214444217763,-1.1392144442177632,-0.6177080577838165,0.06714504077402889,4.910803985764825e-4,FALSE,FALSE,FALSE,FALSE
450147,DE TAR HOSPITAL NAVARRO,MORT_30_HF,TX,2023,Neither current nor planned,10.2,232,11.247668329688207,-1.0476683296882074,-0.5711261060679892,0.07721221216356294,4.880742452296562e-4,FALSE,FALSE,FALSE,FALSE
060004,INTERMOUNTAIN HEALTH PLATTE VALLEY HOSPITAL,MORT_30_HF,CO,2023,Planned TEFCA,12.7,54,11.830234575319599,0.8697654246804002,0.4812530175427021,0.10445446153204495,4.8318324447839097e-4,FALSE,FALSE,FALSE,FALSE
230099,PROMEDICA MONROE REGIONAL HOSPITAL,MORT_30_HF,MI,2023,Planned TEFCA,12.3,195,11.09453793439432,1.2054620656056816,0.6510283851340677,0.05959220551921389,4.8019767927595175e-4,FALSE,FALSE,FALSE,FALSE
230069,TRINITY HEALTH LIVINGSTON HOSPITAL,MORT_30_HF,MI,2024,Current TEFCA,10.2,227,11.612765466165433,-1.412765466165433,-0.7571138386018859,0.04464337834354534,4.7876467395538495e-4,FALSE,FALSE,FALSE,FALSE
360066,MERCY HEALTH ST RITAS MEDICAL CENTER,MORT_30_HF,OH,2024,Planned TEFCA,9.5,583,11.019795199731195,-1.5197951997311958,-0.8121194741977487,0.03892296662130943,4.773265746738107e-4,FALSE,FALSE,FALSE,FALSE
330261,PHELPS HOSPITAL,MORT_30_HF,NY,2024,Planned TEFCA,10.4,246,11.538843991151854,-1.138843991151853,-0.6168887310578941,0.0652756682823746,4.751914761670691e-4,FALSE,FALSE,FALSE,FALSE
340075,"BLUE RIDGE HEALTHCARE HOSPITALS, INC",MORT_30_HF,NC,2023,Planned TEFCA,12.8,143,11.258754516802284,1.5412454831977163,0.8230622031796522,0.03767261407851666,4.73892288512947e-4,FALSE,FALSE,FALSE,FALSE
340173,"WAKEMED, CARY HOSPITAL",MORT_30_HF,NC,2024,Planned TEFCA,9.6,410,11.079348531573988,-1.479348531573989,-0.7911545445310844,0.04056611661435966,4.729663925880281e-4,FALSE,FALSE,FALSE,FALSE
161328,REGIONAL HEALTH SERVICES OF HOWARD COUNTY,MORT_30_HF,IA,2024,Neither current nor planned,13.1,28,14.340305730150574,-1.2403057301505733,-0.6684810536262801,0.05570070964427266,4.7125377632807787e-4,FALSE,FALSE,FALSE,FALSE
390228,ST CLAIR HOSPITAL,MORT_30_HF,PA,2023,Planned TEFCA,12.6,415,11.230218414131105,1.3697815858688938,0.7346841754701532,0.04628647425880552,4.682489431565527e-4,FALSE,FALSE,FALSE,FALSE
050152,UCSF HEALTH SAINT FRANCIS HOSPITAL,MORT_30_HF,CA,2024,Planned TEFCA,13,62,11.736119162584448,1.2638808374155523,0.6799761165263056,0.05230255321114731,4.5619620571535997e-4,FALSE,FALSE,FALSE,FALSE
450040,COVENANT MEDICAL CENTER,MORT_30_HF,TX,2023,Planned TEFCA,9.5,466,10.473469166874867,-0.9734691668748666,-0.5318164420086275,0.08124689813791901,4.473109144393386e-4,FALSE,FALSE,FALSE,FALSE
250099,GREENWOOD LEFLORE HOSPITAL,MORT_30_HF,MS,2023,Neither current nor planned,11.8,47,12.236613777030582,-0.4366137770305814,-0.26572371997722366,0.26002869515068694,4.439584553554292e-4,FALSE,TRUE,FALSE,FALSE
490053,JOHNSTON MEMORIAL HOSPITAL,MORT_30_HF,VA,2023,Planned TEFCA,13.4,163,12.246428489166231,1.1535715108337685,0.6229511687510215,0.05950439453473271,4.3901613776696225e-4,FALSE,FALSE,FALSE,FALSE
330180,"SAMARITAN HOSPITAL OF TROY, NEW YORK",MORT_30_HF,NY,2024,Current TEFCA,12,348,10.918575870576683,1.0814241294233164,0.5860508805012415,0.06619596416326923,4.35379595673432e-4,FALSE,FALSE,FALSE,FALSE
230105,MCLAREN NORTHERN MICHIGAN,MORT_30_HF,MI,2024,Planned TEFCA,13.1,311,11.977421461093089,1.1225785389069116,0.6066475472533607,0.06088735733999463,4.26659247087447e-4,FALSE,FALSE,FALSE,FALSE
360086,SPRINGFIELD REGIONAL MEDICAL CENTER,MORT_30_HF,OH,2024,Planned TEFCA,9.8,294,11.28425084115134,-1.4842508411513393,-0.792149950931055,0.036619241287058915,4.2626920085705837e-4,FALSE,FALSE,FALSE,FALSE
160030,MARY GREELEY MEDICAL CENTER,MORT_30_HF,IA,2023,Planned TEFCA,13.2,425,12.183785417148945,1.0162145828510543,0.5525144275676724,0.0723537446320476,4.2581701214339544e-4,FALSE,FALSE,FALSE,FALSE
050204,PALMDALE REGIONAL MEDICAL CENTER,MORT_30_HF,CA,2024,Neither current nor planned,10.7,140,11.860635933792267,-1.1606359337922678,-0.6260143897364497,0.05723666490315713,4.2541903510271296e-4,FALSE,FALSE,FALSE,FALSE
390113,MEADVILLE MEDICAL CENTER,MORT_30_HF,PA,2023,Neither current nor planned,13.2,190,11.971159109435154,1.2288408905648454,0.6603764433360244,0.050207960061260964,4.121570906291423e-4,FALSE,FALSE,FALSE,FALSE
160033,GENESIS MEDICAL CENTER-DAVENPORT,MORT_30_HF,IA,2024,Current TEFCA,11.8,557,12.74474773650805,-0.9447477365080484,-0.5156131558871823,0.07945313312232868,4.1039955475492254e-4,FALSE,FALSE,FALSE,FALSE
381304,SOUTHERN COOS HOSPITAL & HEALTH CENTER,MORT_30_HF,OR,2024,Planned TEFCA,15,26,14.040380717735331,0.9596192822646687,0.5230369556167366,0.07699827758497715,4.0815945446611666e-4,FALSE,FALSE,FALSE,FALSE
110095,TIFT REGIONAL MEDICAL CENTER,MORT_30_HF,GA,2023,Neither current nor planned,10.8,194,11.584217133457598,-0.7842171334575965,-0.434651259052743,0.10755508289951382,4.0728338454015225e-4,FALSE,FALSE,FALSE,FALSE
500041,PEACEHEALTH ST JOHN MEDICAL CENTER,MORT_30_HF,WA,2023,Current TEFCA,14.3,224,13.255485005563978,1.0445149944360224,0.5660701102420636,0.0663119548468401,4.069804369534723e-4,FALSE,FALSE,FALSE,FALSE
250042,NORTHWEST MISSISSISSIPPI REGIONAL MEDICAL CENTER,MORT_30_HF,MS,2023,Neither current nor planned,12.5,26,12.091713821491993,0.40828617850800614,0.24907393030376893,0.2635462225796829,3.9723829175134184e-4,FALSE,TRUE,FALSE,FALSE
340010,UNC HEALTH CARE WAYNE,MORT_30_HF,NC,2023,Planned TEFCA,9.5,364,10.897842055450479,-1.397842055450478,-0.746446947690186,0.037831441821695407,3.9158199807782704e-4,FALSE,FALSE,FALSE,FALSE
030065,BANNER DESERT MEDICAL CENTER,MORT_30_HF,AZ,2024,Planned TEFCA,11.9,295,10.818103629694725,1.081896370305275,0.5842390414026952,0.05957863323520565,3.866988043488662e-4,FALSE,FALSE,FALSE,FALSE
140276,LOYOLA UNIVERSITY MEDICAL CENTER,MORT_30_HF,IL,2024,Planned TEFCA,9.1,467,10.089943955116649,-0.9899439551166497,-0.537416978638405,0.06957375269502178,3.8624127326504634e-4,FALSE,FALSE,FALSE,FALSE
230017,BRONSON METHODIST HOSPITAL,MORT_30_HF,MI,2023,Current TEFCA,12.4,423,11.144855222774781,1.2551447772252184,0.6728035833986445,0.04534421192059355,3.843897746986911e-4,FALSE,FALSE,FALSE,FALSE
220019,UMASS MEMORIAL HEALTH - HARRINGTON HOSPITAL,MORT_30_HF,MA,2024,Current TEFCA,11.4,239,10.471480717140093,0.9285192828599075,0.5056909036853614,0.0755906780090598,3.740049964629133e-4,FALSE,FALSE,FALSE,FALSE
100008,BAPTIST HOSPITAL OF MIAMI,MORT_30_HF,FL,2023,Planned TEFCA,9.8,540,10.741590864284875,-0.9415908642848742,-0.5123147399052117,0.07378932461624113,3.7398517299049836e-4,FALSE,FALSE,FALSE,FALSE
460058,INTERMOUNTAIN HEALTH RIVERTON HOSPITAL,MORT_30_HF,UT,2023,Planned TEFCA,10.8,67,11.786052330072119,-0.9860523300721179,-0.5345946360812293,0.0671078796862774,3.676770618121499e-4,FALSE,FALSE,FALSE,FALSE
140018,MT SINAI HOSPITAL MEDICAL CENTER,MORT_30_HF,IL,2024,Neither current nor planned,9.9,75,10.839064631952613,-0.9390646319526126,-0.5104758092067465,0.07210699704173903,3.6218338155818584e-4,FALSE,FALSE,FALSE,FALSE
110025,SOUTHEAST GEORGIA HEALTH SYSTEM- BRUNSWICK CAMPUS,MORT_30_HF,GA,2024,Current TEFCA,11.3,475,10.540361487823628,0.7596385121763722,0.41962142828847215,0.10158426556778131,3.56157124980049e-4,FALSE,FALSE,FALSE,FALSE
521358,DOOR COUNTY MEDICAL CENTER,MORT_30_HF,WI,2024,Planned TEFCA,12.7,69,13.30674273229411,-0.6067427322941098,-0.3432755821047599,0.1436566902826908,3.5366749446007277e-4,FALSE,FALSE,FALSE,FALSE
330184,MONTEFIORE NEW ROCHELLE HOSPITAL,MORT_30_HF,NY,2023,Neither current nor planned,12.5,163,11.535906185404608,0.9640938145953919,0.5226320091604428,0.06692722084971678,3.504017660005835e-4,FALSE,FALSE,FALSE,FALSE
330188,MOUNT ST. MARY'S HOSPITAL & HEALTH CENTER,MORT_30_HF,NY,2024,Neither current nor planned,12.9,96,11.967883858772252,0.9321161412277486,0.5062892544034706,0.07061438699393338,3.483351506708693e-4,FALSE,FALSE,FALSE,FALSE
330057,ST PETER'S HOSPITAL,MORT_30_HF,NY,2024,Current TEFCA,9.7,705,10.645858338150463,-0.945858338150464,-0.5130445512153055,0.06803040863765636,3.4364318059032105e-4,FALSE,FALSE,FALSE,FALSE
360064,ST ELIZABETH YOUNGSTOWN HOSPITAL,MORT_30_HF,OH,2024,Planned TEFCA,9.8,468,11.104669973927205,-1.3046699739272052,-0.6966777091811558,0.03793672866501249,3.4214475368565274e-4,FALSE,FALSE,FALSE,FALSE
170016,UNIVERSITY OF KANSAS HEALTH SYSTEM - ST FRANCIS CAMPUS,MORT_30_HF,KS,2024,Neither current nor planned,12.1,376,11.572517329116954,0.5274826708830462,0.302907497850428,0.16881698324581504,3.334226877385293e-4,FALSE,FALSE,FALSE,FALSE
310069,INSPIRA MEDICAL CENTER MULLICA HILL,MORT_30_HF,NJ,2023,Current TEFCA,11.9,583,11.397895611566028,0.502104388433973,0.2903509324522601,0.18033767677078333,3.318642731810634e-4,FALSE,FALSE,FALSE,FALSE
051324,NORTHERN INYO HOSPITAL,MORT_30_HF,CA,2024,Neither current nor planned,13.4,34,12.407342369817087,0.992657630182913,0.536189340038077,0.06017953536383679,3.292410264976955e-4,FALSE,FALSE,FALSE,FALSE
050090,SONOMA VALLEY HOSPITAL,MORT_30_HF,CA,2024,Current TEFCA,12.4,38,11.438949743153684,0.9610502568463167,0.5199633903050193,0.06327304947728135,3.266185713193271e-4,FALSE,FALSE,FALSE,FALSE
450465,MATAGORDA REGIONAL MEDICAL CENTER,MORT_30_HF,TX,2024,Neither current nor planned,11.1,65,11.966637947445694,-0.8666379474456933,-0.4718455843551847,0.07509398120357971,3.2332647166850804e-4,FALSE,FALSE,FALSE,FALSE
140275,GENESIS HLTH SYSTEM DBA GENESIS MDL CTR-ILLINI,MORT_30_HF,IL,2024,Current TEFCA,12,81,11.204642206283323,0.7953577937166767,0.435515303448633,0.08565605724520738,3.1784831924048975e-4,FALSE,FALSE,FALSE,FALSE
220016,BAYSTATE FRANKLIN MEDICAL CENTER,MORT_30_HF,MA,2024,Planned TEFCA,11.8,255,10.93272528831557,0.8672747116844312,0.47178797749771945,0.07350822204372827,3.15879969488522e-4,FALSE,FALSE,FALSE,FALSE
501331,PULLMAN REGIONAL HOSPITAL,MORT_30_HF,WA,2023,Planned TEFCA,13,44,13.908305950644635,-0.9083059506446354,-0.49229267726911935,0.06662130376369207,3.093980836856195e-4,FALSE,FALSE,FALSE,FALSE
180102,MERCY HEALTH - LOURDES HOSPITAL,MORT_30_HF,KY,2024,Planned TEFCA,12.2,348,12.743849328117903,-0.5438493281179034,-0.3093217000693682,0.1526938048326387,3.084990191533885e-4,FALSE,FALSE,FALSE,FALSE
030064,BANNER - UNIVERSITY MEDICAL CENTER TUCSON CAMPUS,MORT_30_HF,AZ,2024,Planned TEFCA,10,202,10.96439385979464,-0.9643938597946394,-0.5206437862805912,0.0592060780735071,3.0509992602220615e-4,FALSE,FALSE,FALSE,FALSE
390035,ST LUKE'S HOSPITAL - UPPER BUCKS CAMPUS,MORT_30_HF,PA,2023,Planned TEFCA,9.6,221,10.637900420068414,-1.0379004200684137,-0.5580066460232735,0.051282095171508675,3.009947241906649e-4,FALSE,FALSE,FALSE,FALSE
340028,CAPE FEAR VALLEY MEDICAL CENTER,MORT_30_HF,NC,2024,Current TEFCA,9.9,603,10.906180017569925,-1.0061800175699251,-0.5413792595934134,0.05281322742998522,2.922663237537714e-4,FALSE,FALSE,FALSE,FALSE
370158,PURCELL MUNICIPAL HOSPITAL,MORT_30_HF,OK,2024,Neither current nor planned,11.2,25,11.992394593164795,-0.7923945931647954,-0.4324264652865767,0.07945010299239018,2.8869465651808966e-4,FALSE,FALSE,FALSE,FALSE
340060,UNC ROCKINGHAM,MORT_30_HF,NC,2023,Planned TEFCA,10.5,56,11.620896804139374,-1.1208968041393743,-0.5996555642877421,0.04175448087466555,2.8017972047849563e-4,FALSE,FALSE,FALSE,FALSE
220101,NEWTON-WELLESLEY HOSPITAL,MORT_30_HF,MA,2023,Planned TEFCA,8.9,979,9.72346632551837,-0.8234663255183703,-0.4475746760382378,0.0719701917814791,2.778922516110626e-4,FALSE,FALSE,FALSE,FALSE
100125,HOMESTEAD HOSPITAL,MORT_30_HF,FL,2023,Planned TEFCA,12.3,73,11.514595558871667,0.785404441128333,0.428161704569456,0.0775209534772226,2.755806576036181e-4,FALSE,FALSE,FALSE,FALSE
460061,INTERMOUNTAIN HEALTH LAYTON HOSPITAL,MORT_30_HF,UT,2023,Planned TEFCA,11.1,45,11.939806599030101,-0.8398065990301019,-0.4554769435720992,0.0679619259230952,2.7059070693368826e-4,FALSE,FALSE,FALSE,FALSE
330175,GUTHRIE CORTLAND REGIONAL MEDICAL CENTER,MORT_30_HF,NY,2023,Planned TEFCA,11.9,178,10.997116700058942,0.9028832999410579,0.4874011418566995,0.059137804777018084,2.670744509478577e-4,FALSE,FALSE,FALSE,FALSE
370097,SOUTHWESTERN MEDICAL CENTER,MORT_30_HF,OK,2024,Planned TEFCA,11,62,11.687403747057877,-0.6874037470578761,-0.377955642390501,0.09324502754928553,2.6280009734529826e-4,FALSE,FALSE,FALSE,FALSE
340053,NOVANT HEALTH PRESBYTERIAN MEDICAL CENTER,MORT_30_HF,NC,2024,Neither current nor planned,12.7,293,11.625398783329413,1.0746012166705876,0.5750765982891539,0.042440641769785105,2.621205858267955e-4,FALSE,FALSE,FALSE,FALSE
110027,"TY COBB REGIONAL MEDICAL CENTER, LLC",MORT_30_HF,GA,2024,Current TEFCA,12,57,11.359393881972824,0.6406061180271747,0.35422936470037064,0.10351151691609022,2.592014037574123e-4,FALSE,FALSE,FALSE,FALSE
230174,TRINITY HEALTH GRAND HAVEN HOSPITAL,MORT_30_HF,MI,2023,Planned TEFCA,13.5,25,12.700857480369384,0.7991425196306152,0.43413218489500544,0.07104486127268096,2.5783840522605067e-4,FALSE,FALSE,FALSE,FALSE
100107,HCA FLORIDA LEHIGH HOSPITAL,MORT_30_HF,FL,2024,Current TEFCA,11.3,38,11.970114670161854,-0.6701146701618529,-0.3687809583037167,0.09488715826974678,2.550681191334123e-4,FALSE,FALSE,FALSE,FALSE
100168,BOCA RATON REGIONAL HOSPITAL,MORT_30_HF,FL,2023,Planned TEFCA,11.7,989,10.96996025180565,0.7300397481943495,0.39857327616858423,0.08031444273271905,2.4817833827154765e-4,FALSE,FALSE,FALSE,FALSE
030089,BANNER THUNDERBIRD MEDICAL CENTER,MORT_30_HF,AZ,2024,Planned TEFCA,9.9,342,10.76099659382579,-0.8609965938257911,-0.4649703170371444,0.05991220496293064,2.4645480104220816e-4,FALSE,FALSE,FALSE,FALSE
050780,FOOTHILL REGIONAL MEDICAL CENTER,MORT_30_HF,CA,2023,Planned TEFCA,10.4,38,11.212739737806743,-0.8127397378067429,-0.4401768264253413,0.06536124728523095,2.423771606172246e-4,FALSE,FALSE,FALSE,FALSE
100135,TALLAHASSEE MEMORIAL HEALTHCARE,MORT_30_HF,FL,2024,Neither current nor planned,12.2,466,11.530782625277794,0.6692173747222042,0.3674996822612845,0.09100591869719442,2.419011230803807e-4,FALSE,FALSE,FALSE,FALSE
230059,MERCY HEALTH SAINT MARY'S,MORT_30_HF,MI,2024,Current TEFCA,10.6,233,11.602687815957845,-1.002687815957845,-0.5371969112921845,0.04468247479498029,2.4139548679982543e-4,FALSE,FALSE,FALSE,FALSE
340127,GRANVILLE HEALTH SYSTEMS,MORT_30_HF,NC,2023,Neither current nor planned,13.6,38,12.649071425246628,0.9509285747533716,0.5104091231614186,0.048264782881081075,2.3629243318003148e-4,FALSE,FALSE,FALSE,FALSE
450869,DOCTORS HOSPTAL AT RENAISSANCE,MORT_30_HF,TX,2023,Neither current nor planned,12.1,170,11.367780313743356,0.7322196862566424,0.3988423544046682,0.07606128576817899,2.3426967560910488e-4,FALSE,FALSE,FALSE,FALSE
230053,HENRY FORD HEALTH HOSPITAL,MORT_30_HF,MI,2023,Current TEFCA,12.2,353,11.214736317136852,0.9852636828631477,0.5278199173843341,0.04455123644780752,2.3233029689560401e-4,FALSE,FALSE,FALSE,FALSE
390115,JEFFERSON HEALTH- NORTHEAST,MORT_30_HF,PA,2023,Current TEFCA,9.6,753,10.513797117110594,-0.9137971171105937,-0.49116172465784685,0.050948414714031054,2.3163626098015718e-4,FALSE,FALSE,FALSE,FALSE
231316,HILLS & DALES GENERAL HOSPITAL,MORT_30_HF,MI,2023,Current TEFCA,11.3,30,12.144152816000876,-0.8441528160008754,-0.4555544724929682,0.0586102471694954,2.3111743462843898e-4,FALSE,FALSE,FALSE,FALSE
340061,UNC HOSPITALS,MORT_30_HF,NC,2023,Planned TEFCA,9.8,404,10.857567276657905,-1.057567276657905,-0.5646784452282116,0.038110876829095634,2.2592841907699722e-4,FALSE,FALSE,FALSE,FALSE
100019,HOLMES REGIONAL MEDICAL CENTER,MORT_30_HF,FL,2024,Neither current nor planned,12.1,561,11.459112573448396,0.6408874265516047,0.35213813235344504,0.09203796958657844,2.2488013780439824e-4,FALSE,FALSE,FALSE,FALSE
500051,OVERLAKE HOSPITAL MEDICAL CENTER,MORT_30_HF,WA,2024,Planned TEFCA,12.5,422,13.26245596939497,-0.7624559693949698,-0.4135649034737627,0.06821393631243423,2.2398873113961752e-4,FALSE,FALSE,FALSE,FALSE
180013,THE MEDICAL CENTER (BOWLING GREEN),MORT_30_HF,KY,2024,Neither current nor planned,13.6,446,13.198564202725983,0.4014357972740173,0.23272605627938325,0.1845308503998085,2.1930172501805585e-4,FALSE,FALSE,FALSE,FALSE
180044,PIKEVILLE MEDICAL CENTER,MORT_30_HF,KY,2023,Planned TEFCA,12.2,240,12.659903855361621,-0.45990385536162204,-0.2613173200045389,0.15106154767292132,2.1741603008780503e-4,FALSE,FALSE,FALSE,FALSE
210016,ADVENTIST HEALTHCARE WHITE OAK MEDICAL CENTER,MORT_30_HF,MD,2023,Neither current nor planned,10.6,406,11.082039151358037,-0.4820391513580369,-0.2717706936692829,0.1377304338596686,2.1108839977916865e-4,FALSE,FALSE,FALSE,FALSE
340051,WATAUGA MEDICAL CENTER,MORT_30_HF,NC,2023,Neither current nor planned,10.7,145,11.669652765594547,-0.9696527655945485,-0.5185019098174921,0.04104837275036181,2.0582160804722354e-4,FALSE,FALSE,FALSE,FALSE
230029,TRINITY HEALTH OAKLAND HOSPITAL,MORT_30_HF,MI,2024,Current TEFCA,10.4,517,11.294814559691737,-0.894814559691736,-0.48007226338684,0.04746240382219698,2.054033410187409e-4,FALSE,FALSE,FALSE,FALSE
370001,HILLCREST MEDICAL CENTER,MORT_30_HF,OK,2024,Neither current nor planned,10.6,419,11.277052757763434,-0.6770527577634348,-0.3690203322133099,0.07724576196353046,2.0394052302757516e-4,FALSE,FALSE,FALSE,FALSE
111329,ST MARYS GOOD SAMARITAN HOSPITAL,MORT_30_HF,GA,2024,Current TEFCA,10.8,56,11.366231016489191,-0.5662310164891913,-0.3131125170263684,0.10361906449589821,2.0276719631429494e-4,FALSE,FALSE,FALSE,FALSE
060030,BANNER NORTH CO MEDICAL CENTER - LOVELAND CAMPUS,MORT_30_HF,CO,2024,Planned TEFCA,11.8,84,12.349157897058216,-0.5491578970582155,-0.30451164491834354,0.1085687045123448,2.0205951681510087e-4,FALSE,FALSE,FALSE,FALSE
030122,BANNER GATEWAY MEDICAL CENTER,MORT_30_HF,AZ,2024,Planned TEFCA,10.5,91,11.27242308755027,-0.77242308755027,-0.417290827623879,0.060688330920798395,2.0125755499146155e-4,FALSE,FALSE,FALSE,FALSE
030103,MAYO CLINIC HOSPITAL,MORT_30_HF,AZ,2023,Planned TEFCA,9.1,857,9.69365588538401,-0.5936558853840102,-0.32670421560956703,0.09494635081985606,2.0033421422311316e-4,FALSE,FALSE,FALSE,FALSE
030016,BANNER CASA GRANDE MEDICAL CENTER,MORT_30_HF,AZ,2024,Planned TEFCA,11.8,174,11.022032821007251,0.7779671789927498,0.41996546574143206,0.0592496768911565,1.9870817108437979e-4,FALSE,FALSE,FALSE,FALSE
050180,JOHN MUIR MEDICAL CENTER - WALNUT CREEK CAMPUS,MORT_30_HF,CA,2024,Planned TEFCA,9.3,679,9.975819734895245,-0.6758197348952438,-0.3676674888020048,0.07382730804091686,1.927750259941294e-4,FALSE,FALSE,FALSE,FALSE
050093,SAINT AGNES MEDICAL CENTER,MORT_30_HF,CA,2024,Current TEFCA,11.4,792,10.705036585808383,0.6949634141916178,0.3773581480947004,0.0702550616647677,1.9249958592587664e-4,FALSE,FALSE,FALSE,FALSE
500058,KADLEC REGIONAL MEDICAL CENTER,MORT_30_HF,WA,2023,Planned TEFCA,12.1,685,12.847856808670642,-0.7478568086706422,-0.404208024868031,0.06158713676410745,1.9182047178390677e-4,FALSE,FALSE,FALSE,FALSE
450028,VALLEY BAPTIST MEDICAL CENTER- BROWNSVILLE,MORT_30_HF,TX,2023,Neither current nor planned,12.2,122,11.518829962711493,0.6811700372885071,0.3702269646349949,0.07206527768589617,1.9044002372485539e-4,FALSE,FALSE,FALSE,FALSE
340016,HARRIS REGIONAL HOSPITAL,MORT_30_HF,NC,2023,Neither current nor planned,11.6,60,12.47263112829454,-0.8726311282945401,-0.4678425517809177,0.046149176895478955,1.8941762429841558e-4,FALSE,FALSE,FALSE,FALSE
220163,UMASS MEMORIAL MEDICAL CENTER/UNIVERSITY CAMPUS,MORT_30_HF,MA,2024,Current TEFCA,10.6,928,9.94745468640276,0.6525453135972397,0.3550417119493569,0.07403451486538529,1.803108782281061e-4,FALSE,FALSE,FALSE,FALSE
030088,BANNER BAYWOOD MEDICAL CENTER,MORT_30_HF,AZ,2024,Planned TEFCA,11.5,338,10.76554121113455,0.7344587888654486,0.396603757688821,0.05988178995290572,1.7923410408129215e-4,FALSE,FALSE,FALSE,FALSE
220001,UMASS MEMORIAL HEALTHALLIANCE HOSPITALS,MORT_30_HF,MA,2024,Current TEFCA,9.7,333,10.34335711831335,-0.6433571183133499,-0.35010817321957954,0.07438860055367709,1.762418982911858e-4,FALSE,FALSE,FALSE,FALSE
360259,BAY PARK COMMUNITY HOSPITAL,MORT_30_HF,OH,2023,Planned TEFCA,11.8,123,11.04267025636693,0.7573297436330702,0.40761525393369064,0.05367861515619267,1.6859704693643714e-4,FALSE,FALSE,FALSE,FALSE
330140,ST JOSEPH'S HOSPITAL HEALTH CENTER,MORT_30_HF,NY,2024,Planned TEFCA,11.5,494,10.807400451487608,0.6925995485123931,0.374369154398318,0.061769375182165825,1.6507235558794886e-4,FALSE,FALSE,FALSE,FALSE
420004,MUSC MEDICAL CENTER,MORT_30_HF,SC,2023,Planned TEFCA,11.4,510,11.832435146285654,-0.4324351462856543,-0.24335186316098714,0.1345486051887755,1.6473722473803637e-4,FALSE,FALSE,FALSE,FALSE
390258,ST MARY MEDICAL CENTER,MORT_30_HF,PA,2024,Planned TEFCA,10.1,633,10.80959674812569,-0.7095967481256898,-0.3824754681815351,0.05644530373778847,1.5655712160191982e-4,FALSE,FALSE,FALSE,FALSE
230075,BRONSON BATTLE CREEK HOSPITAL,MORT_30_HF,MI,2023,Current TEFCA,12.2,221,11.395637063619663,0.8043629363803355,0.4305689470423309,0.043233281577452695,1.4985323579959678e-4,FALSE,FALSE,FALSE,FALSE
360089,MERCY HEALTH - TIFFIN HOSPITAL,MORT_30_HF,OH,2024,Planned TEFCA,10.6,181,11.471632488716828,-0.8716324887168286,-0.46492574588417507,0.03635828158756548,1.4587972050604054e-4,FALSE,FALSE,FALSE,FALSE
330267,HUDSON VALLEY HOSPITAL CENTER,MORT_30_HF,NY,2023,Planned TEFCA,10,428,10.658210909389425,-0.6582109093894238,-0.3552410499349429,0.058942412219288275,1.4141048039105895e-4,FALSE,FALSE,FALSE,FALSE
360156,MEMORIAL HOSPITAL,MORT_30_HF,OH,2023,Planned TEFCA,11.8,103,11.111219138014944,0.6887808619850571,0.370795397187015,0.054119413749142906,1.4073384213728968e-4,FALSE,FALSE,FALSE,FALSE
220049,UMASS MEMORIAL HEALTHCARE-MARLBOROUGH HOSPITAL,MORT_30_HF,MA,2024,Current TEFCA,11.1,201,10.538369826082015,0.5616301739179852,0.30596125499006593,0.07642952397373468,1.3860467491394774e-4,FALSE,FALSE,FALSE,FALSE
230085,BRONSON SOUTH HAVEN HOSPITAL,MORT_30_HF,MI,2023,Current TEFCA,11.4,34,12.11869181230856,-0.7186918123085604,-0.3857686103249856,0.04855214692835837,1.3585630348127568e-4,FALSE,FALSE,FALSE,FALSE
460010,INTERMOUNTAIN MEDICAL CENTER,MORT_30_HF,UT,2023,Planned TEFCA,11.5,592,10.944402587458857,0.5555974125411434,0.30260417501737247,0.07600261576272006,1.3476075224170612e-4,FALSE,FALSE,FALSE,FALSE
141347,CARLINVILLE AREA HOSPITAL,MORT_30_HF,IL,2023,Neither current nor planned,12,29,11.463646517666538,0.5363534823334617,0.2927121029511374,0.0797294626060857,1.3281464054970565e-4,FALSE,FALSE,FALSE,FALSE
390203,DOYLESTOWN HOSPITAL,MORT_30_HF,PA,2023,Neither current nor planned,10.7,902,11.346592567612012,-0.6465925676120123,-0.34856073481191735,0.05673773979402123,1.3074481405243933e-4,FALSE,FALSE,FALSE,FALSE
230236,UNIVERSITY OF MICHIGAN HEALTH - WEST,MORT_30_HF,MI,2024,Planned TEFCA,12.6,113,11.906379418517542,0.6936205814824586,0.37254363999816215,0.04975918342153821,1.300186841597669e-4,FALSE,FALSE,FALSE,FALSE
460026,INTERMOUNTAIN HEALTH SEVIER VALLEY HOSPITAL,MORT_30_HF,UT,2023,Planned TEFCA,11.6,25,12.166861543467123,-0.566861543467123,-0.30784545011908304,0.0706236206706837,1.288476937236947e-4,FALSE,FALSE,FALSE,FALSE
360163,CHRIST HOSPITAL,MORT_30_HF,OH,2023,Planned TEFCA,10,740,10.723091797465717,-0.7230917974657167,-0.3874886058476426,0.04539522435180866,1.277337825503648e-4,FALSE,FALSE,FALSE,FALSE
361312,MERCY HEALTH - URBANA HOSPITAL,MORT_30_HF,OH,2024,Planned TEFCA,11.4,34,12.117558781841696,-0.7175587818416955,-0.3842774459724913,0.04417699641030782,1.2209900855468924e-4,FALSE,FALSE,FALSE,FALSE
381303,PROVIDENCE SEASIDE HOSPITAL,MORT_30_HF,OR,2023,Planned TEFCA,12.2,98,12.838228356103087,-0.6382283561030889,-0.34363447377261763,0.05445209670961925,1.216622007801403e-4,FALSE,FALSE,FALSE,FALSE
051316,FAIRCHILD MEDICAL CENTER,MORT_30_HF,CA,2023,Neither current nor planned,12.6,54,11.97827240739722,0.6217275926027783,0.3351836618844923,0.05690799141249653,1.2128898262928058e-4,FALSE,FALSE,FALSE,FALSE
360161,MH ST JOSEPH WARREN HOSPITAL,MORT_30_HF,OH,2024,Planned TEFCA,10.6,227,11.384156414023405,-0.7841564140234052,-0.41824357490420244,0.036338552755364295,1.179994538289542e-4,FALSE,FALSE,FALSE,FALSE
380052,SAINT ALPHONSUS MEDICAL CENTER ONTARIO,MORT_30_HF,OR,2024,Current TEFCA,12.7,57,13.227998062331748,-0.5279980623317482,-0.28692666234753644,0.07185806531281656,1.1404265749562529e-4,FALSE,FALSE,FALSE,FALSE
490136,BON SECOURS ST FRANCIS MEDICAL CENTER,MORT_30_HF,VA,2024,Planned TEFCA,12.7,397,12.107148278007536,0.5928517219924628,0.3198650533367008,0.05839508451200062,1.1352381312697179e-4,FALSE,FALSE,FALSE,FALSE
010126,TROY REGIONAL MEDICAL CENTER,MORT_30_HF,AL,2023,Neither current nor planned,12.3,29,12.676452501375847,-0.3764525013758457,-0.21040786428337344,0.12269096258807884,1.1078569418829717e-4,FALSE,FALSE,FALSE,FALSE
520071,FORT MEMORIAL HOSPITAL,MORT_30_HF,WI,2023,Neither current nor planned,13.5,67,13.156178220654315,0.34382177934568436,0.19393091937205104,0.13856477937379877,1.0825060058133373e-4,FALSE,FALSE,FALSE,FALSE
521359,TAMARACK HEALTH ASHLAND MEDICAL CENTER,MORT_30_HF,WI,2023,Neither current nor planned,14,48,13.65860421846714,0.3413957815328606,0.19265575073053015,0.1393989767602572,1.0757915087232423e-4,FALSE,FALSE,FALSE,FALSE
500077,PROVIDENCE HOLY FAMILY HOSPITAL,MORT_30_HF,WA,2023,Planned TEFCA,12.6,300,13.166790241253649,-0.5667902412536495,-0.3059433560478215,0.059270617307662546,1.0551414942593325e-4,FALSE,FALSE,FALSE,FALSE
231332,BRONSON LAKEVIEW HOSPITAL,MORT_30_HF,MI,2023,Current TEFCA,12.6,52,11.954564526409564,0.6454354735904345,0.3459470884624431,0.045858948525198055,1.0291070014318026e-4,FALSE,FALSE,FALSE,FALSE
390049,ST LUKES HOSPITAL,MORT_30_HF,PA,2023,Planned TEFCA,9.5,915,10.089077332086303,-0.5890773320863036,-0.31681526421005946,0.052365735745842835,9.923531737233804e-5,FALSE,FALSE,FALSE,FALSE
330277,CORNING HOSPITAL,MORT_30_HF,NY,2023,Planned TEFCA,10.5,164,11.028760302748507,-0.5287603027485066,-0.2854231912449054,0.059345970013538724,9.196128233127691e-5,FALSE,FALSE,FALSE,FALSE
050283,STANFORD HEALTH CARE TRI-VALLEY,MORT_30_HF,CA,2023,Planned TEFCA,10.9,378,10.34820519361892,0.5517948063810799,0.29708246477905054,0.05442007076232807,9.088114079461235e-5,FALSE,FALSE,FALSE,FALSE
100017,HALIFAX HEALTH MEDICAL CENTER,MORT_30_HF,FL,2024,Planned TEFCA,12.2,238,11.747674061819808,0.4523259381801905,0.24645761919960116,0.07681238969018027,9.042952894849229e-5,FALSE,FALSE,FALSE,FALSE
501323,JEFFERSON HEALTHCARE,MORT_30_HF,WA,2023,Neither current nor planned,13.3,76,13.739843927068735,-0.43984392706873404,-0.23971823354153052,0.07729367922470808,8.613311044065968e-5,FALSE,FALSE,FALSE,FALSE
141326,HAMILTON MEMORIAL HOSPITAL,MORT_30_HF,IL,2024,Neither current nor planned,12,29,11.579714709814743,0.4202852901852575,0.22944129684949877,0.08037842279621919,8.233139928757484e-5,FALSE,FALSE,FALSE,FALSE
381324,ST CHARLES MADRAS,MORT_30_HF,OR,2024,Current TEFCA,13.6,26,14.016226682969563,-0.41622668296956433,-0.2271521296000307,0.07978525402472665,8.00497597756849e-5,FALSE,FALSE,FALSE,FALSE
190164,BYRD REGIONAL HOSPITAL,MORT_30_HF,LA,2023,Neither current nor planned,12.4,86,12.119611540716964,0.2803884592830361,0.15915662168891181,0.14943130131142476,7.96340852182719e-5,FALSE,FALSE,FALSE,FALSE
330033,CHENANGO MEMORIAL HOSPITAL,MORT_30_HF,NY,2023,Current TEFCA,11.9,49,11.47126001029782,0.4287399897021796,0.23334834924404502,0.07478183327399042,7.875021213806517e-5,FALSE,FALSE,FALSE,FALSE
340070,ALAMANCE REGIONAL MEDICAL CENTER,MORT_30_HF,NC,2023,Planned TEFCA,11.6,298,10.975122983096888,0.6248770169031124,0.3334574178519654,0.03744239950194948,7.73847283020053e-5,FALSE,FALSE,FALSE,FALSE
161369,CRAWFORD COUNTY MEMORIAL HOSPITAL,MORT_30_HF,IA,2023,Neither current nor planned,14.5,37,14.028054079725589,0.4719459202744117,0.2551384957124114,0.062204769287819164,7.725881774765083e-5,FALSE,FALSE,FALSE,FALSE
380082,PROVIDENCE MILWAUKIE HOSPITAL,MORT_30_HF,OR,2023,Planned TEFCA,13.3,109,12.797134881103615,0.5028651188963866,0.27072956682550053,0.054384027667675985,7.542246724956438e-5,FALSE,FALSE,FALSE,FALSE
341311,CHATHAM HOSPITAL INC,MORT_30_HF,NC,2023,Planned TEFCA,11.4,25,11.932428766071027,-0.5324287660710263,-0.2857855718939233,0.04866523573836911,7.4753419106317e-5,FALSE,FALSE,FALSE,FALSE
210032,UNION HOSPITAL OF CECIL COUNTY,MORT_30_HF,MD,2023,Planned TEFCA,10,299,10.298934896381084,-0.29893489638108367,-0.1677059154926408,0.12924170834546553,7.469931607402084e-5,FALSE,FALSE,FALSE,FALSE
360112,MERCY ST VINCENT MEDICAL CENTER,MORT_30_HF,OH,2024,Planned TEFCA,11.6,577,11.023791318289637,0.576208681710363,0.3077092448378549,0.038871297078478216,6.851433943117235e-5,FALSE,FALSE,FALSE,FALSE
360055,INSIGHT HOSPITAL AND MEDICAL CENTER TRUMBULL,MORT_30_HF,OH,2023,Neither current nor planned,11.3,184,11.765477659957547,-0.46547765995754653,-0.250927677512281,0.05686448745488437,6.792764518195902e-5,FALSE,FALSE,FALSE,FALSE
490092,BON SECOURS SOUTHAMPTON MEMORIAL HOSPITAL,MORT_30_HF,VA,2024,Planned TEFCA,12.2,99,12.643631421130314,-0.44363142113031434,-0.2395709414793438,0.060179995255527745,6.576022906704384e-5,FALSE,FALSE,FALSE,FALSE
380075,PROVIDENCE MEDFORD MEDICAL CENTER,MORT_30_HF,OR,2023,Planned TEFCA,13,215,12.534733238563309,0.4652667614366918,0.2505981218206106,0.05523928652170449,6.569985432010867e-5,FALSE,FALSE,FALSE,FALSE
140239,JAVON BEA HOSPITAL,MORT_30_HF,IL,2024,Current TEFCA,10.3,242,9.946130204472471,0.35386979552753034,0.19354976721463493,0.08388178933917549,6.13772725442455e-5,FALSE,FALSE,FALSE,FALSE
490019,UVA HEALTH CULPEPER MEDICAL CENTER,MORT_30_HF,VA,2023,Current TEFCA,12.5,214,12.117116884806364,0.38288311519363527,0.20812824620122267,0.07247492756564561,6.0565435560966885e-5,FALSE,FALSE,FALSE,FALSE
451356,MEMORIAL MEDICAL CENTER,MORT_30_HF,TX,2024,Neither current nor planned,12,25,12.358628585956742,-0.3586285859567419,-0.19575230796304732,0.08012957666107158,5.9729005963477186e-5,FALSE,FALSE,FALSE,FALSE
390058,UPMC CARLISLE,MORT_30_HF,PA,2023,Planned TEFCA,11.5,240,10.97964303011887,0.5203569698811296,0.27816662688689847,0.04086519365429815,5.898654401867885e-5,FALSE,FALSE,FALSE,FALSE
500002,PROVIDENCE ST MARY MEDICAL CENTER,MORT_30_HF,WA,2023,Planned TEFCA,12.7,340,13.118441219123795,-0.41844121912379634,-0.22587360052466254,0.059409891582845625,5.766108422474241e-5,FALSE,FALSE,FALSE,FALSE
340050,SOUTHEASTERN REGIONAL MEDICAL CENTER,MORT_30_HF,NC,2023,Planned TEFCA,11.6,239,11.060349682726354,0.5396503172736453,0.2879379723040439,0.037237689218865784,5.737535382229428e-5,FALSE,FALSE,FALSE,FALSE
030093,BANNER DEL E. WEBB MEDICAL CENTER,MORT_30_HF,AZ,2024,Planned TEFCA,10.9,673,10.49950487330197,0.4004951266980315,0.21657476979764292,0.06278903201070916,5.622888558809756e-5,FALSE,FALSE,FALSE,FALSE
341325,ASHE MEMORIAL HOSPITAL,MORT_30_HF,NC,2024,Neither current nor planned,12,34,12.45739057959255,-0.45739057959255014,-0.245410115107349,0.047948342012843384,5.427288896994492e-5,FALSE,FALSE,FALSE,FALSE
210027,WESTERN MARYLAND REGIONAL MEDICAL CENTER,MORT_30_HF,MD,2024,Planned TEFCA,10.6,466,10.35499867793453,0.24500132206547048,0.1377245970605202,0.13274568321773197,5.1954152392719575e-5,FALSE,FALSE,FALSE,FALSE
270014,ST. PATRICK HOSPITAL,MORT_30_HF,MT,2023,Planned TEFCA,10.9,396,11.118650216754114,-0.21865021675411378,-0.1239300009879861,0.14694664196621507,4.734379181710861e-5,FALSE,FALSE,FALSE,FALSE
140029,COPLEY MEMORIAL HOSPITAL,MORT_30_HF,IL,2024,Planned TEFCA,9.8,402,10.147839709346911,-0.3478397093469109,-0.18872129720855554,0.06896799806660218,4.720985454536475e-5,FALSE,FALSE,FALSE,FALSE
340024,SAMPSON REGIONAL MEDICAL CENTER,MORT_30_HF,NC,2024,Planned TEFCA,12.5,86,12.121890943389824,0.3781090566101764,0.20384836114762772,0.057083252464381784,4.501446702837779e-5,FALSE,FALSE,FALSE,FALSE
510024,MON HEALTH MEDICAL CENTER,MORT_30_HF,WV,2024,Neither current nor planned,11.2,245,11.30300375932962,-0.10300375932961982,-0.06696772115657677,0.35167274943105686,4.353236447192288e-5,FALSE,TRUE,FALSE,FALSE
230002,ST JOE MERCY HOSPITAL SYSTEM LIVONIA,MORT_30_HF,MI,2024,Current TEFCA,11.6,656,11.202832463022952,0.3971675369770471,0.2131997547981165,0.04888868068750074,4.180700397189179e-5,FALSE,FALSE,FALSE,FALSE
450539,COVENANT HOSPITAL PLAINVIEW,MORT_30_HF,TX,2023,Planned TEFCA,11.3,27,11.57375216051975,-0.27375216051974854,-0.15004585276656737,0.08777272936442716,3.876364015833769e-5,FALSE,FALSE,FALSE,FALSE
110079,GRADY MEMORIAL HOSPITAL,MORT_30_HF,GA,2023,Neither current nor planned,11.4,170,11.173108224216874,0.22689177578312608,0.1259886559250129,0.11119931639726707,3.5537494650473666e-5,FALSE,FALSE,FALSE,FALSE
500129,TACOMA GENERAL ALLENMORE HOSPITAL,MORT_30_HF,WA,2023,Neither current nor planned,13.7,496,13.411718621155693,0.288281378844306,0.15637105459777587,0.06855291947215555,3.220317602955518e-5,FALSE,FALSE,FALSE,FALSE
500036,YAKIMA VALLEY MEMORIAL,MORT_30_HF,WA,2023,Neither current nor planned,13.2,549,13.461021501460605,-0.26102150146060554,-0.14255317416234128,0.08117526733082893,3.2126756548110126e-5,FALSE,FALSE,FALSE,FALSE
171385,COFFEY COUNTY HOSPITAL,MORT_30_HF,KS,2024,Current TEFCA,12.6,40,12.43689312637443,0.1631068736255694,0.09329084931965764,0.16229805734745759,3.017412913508859e-5,FALSE,FALSE,FALSE,FALSE
210019,"TIDALHEALTH PENINSULA REGIONAL, INC",MORT_30_HF,MD,2023,Planned TEFCA,9.9,514,10.089651894189647,-0.18965189418964687,-0.10640876646897193,0.1294673232604637,3.013424567418348e-5,FALSE,FALSE,FALSE,FALSE
361328,PROMEDICA DEFIANCE REGIONAL HOSPITAL,MORT_30_HF,OH,2023,Planned TEFCA,11.2,38,11.496403462601965,-0.296403462601965,-0.15999501394274934,0.059427126364122916,2.8941585442485695e-5,FALSE,FALSE,FALSE,FALSE
230193,MCLAREN LAPEER REGION,MORT_30_HF,MI,2023,Neither current nor planned,12.6,240,12.289204984331421,0.31079501566857837,0.16731205140630176,0.0543407600572557,2.878461332796572e-5,FALSE,FALSE,FALSE,FALSE
231326,UNIVERSITY OF MICHIGAN HEALTH- SPARROW CLINTON,MORT_30_HF,MI,2023,Neither current nor planned,12.1,50,12.41013249900203,-0.3101324990020297,-0.16688430899371426,0.053535252144161424,2.8189116576724972e-5,FALSE,FALSE,FALSE,FALSE
160153,MERCYONE SIOUXLAND MEDICAL CENTER,MORT_30_HF,IA,2024,Neither current nor planned,13.3,187,13.606781830786307,-0.30678183078630644,-0.1651117708089386,0.05388582938985956,2.7784506568300616e-5,FALSE,FALSE,FALSE,FALSE
230302,HENRY FORD HEALTH WEST BLOOMFIELD HOSPITAL,MORT_30_HF,MI,2023,Current TEFCA,11.4,511,11.071847787847288,0.3281522121527123,0.1759141649951474,0.0463416323036126,2.6908673772548727e-5,FALSE,FALSE,FALSE,FALSE
270049,INTERMOUNTAIN HEALTH ST VINCENT REGIONAL HOSPITAL,MORT_30_HF,MT,2023,Planned TEFCA,11,353,11.163052538618615,-0.16305253861861543,-0.09238275666281105,0.14631779627004368,2.6176752497182775e-5,FALSE,FALSE,FALSE,FALSE
180079,HARRISON MEMORIAL HOSPITAL,MORT_30_HF,KY,2023,Neither current nor planned,14.1,40,14.253312527348951,-0.1533125273489509,-0.08738248889199254,0.15641555704350263,2.533576657472473e-5,FALSE,FALSE,FALSE,FALSE
360035,MOUNT CARMEL EAST & WEST,MORT_30_HF,OH,2024,Current TEFCA,11.3,588,11.01523037586003,0.28476962413997126,0.15332980003204924,0.054696981863829305,2.434246417597736e-5,FALSE,FALSE,FALSE,FALSE
360234,MERCY HEALTH - WEST HOSPITAL,MORT_30_HF,OH,2024,Planned TEFCA,10.9,328,11.24197785984401,-0.34197785984400886,-0.18241926244750994,0.036835359520197695,2.2772765484421884e-5,FALSE,FALSE,FALSE,FALSE
340147,UNC HEALTH NASH,MORT_30_HF,NC,2023,Planned TEFCA,10.5,435,10.829008558218229,-0.32900855821822833,-0.1756379889208422,0.038340863858811476,2.2008472505540445e-5,FALSE,FALSE,FALSE,FALSE
200008,NORTHERN LIGHT MERCY HOSPITAL,MORT_30_HF,ME,2023,Current TEFCA,12.2,109,12.082509458182942,0.11749054181705647,0.06882781161805375,0.20145886646333466,2.1387181588266224e-5,FALSE,FALSE,FALSE,FALSE
361314,MAGRUDER HOSPITAL,MORT_30_HF,OH,2024,Neither current nor planned,13.2,42,12.960094091804716,0.2399059081952826,0.129916821687159,0.0654946233833975,2.1168002049583395e-5,FALSE,FALSE,FALSE,FALSE
360068,PROMEDICA TOLEDO HOSPITAL,MORT_30_HF,OH,2023,Planned TEFCA,10.1,762,10.338172774908,-0.23817277490800037,-0.12846204299341796,0.05796958133620664,1.8172324581681324e-5,FALSE,FALSE,FALSE,FALSE
050334,SALINAS VALLEY MEMORIAL HOSPITAL,MORT_30_HF,CA,2023,Planned TEFCA,10.4,607,10.165245825581934,0.2347541744180665,0.12654855288139416,0.05693382213630576,1.7300895778698963e-5,FALSE,FALSE,FALSE,FALSE
110128,MEMORIAL HEALTH MEADOWS HOSPITAL,MORT_30_HF,GA,2024,Neither current nor planned,11.4,135,11.555264565199838,-0.15526456519983717,-0.08610305919564187,0.10889387368988018,1.6212322446382474e-5,FALSE,FALSE,FALSE,FALSE
490069,BON SECOURS MEMORIAL REGIONAL MEDICAL CENTER,MORT_30_HF,VA,2024,Planned TEFCA,12.1,690,11.893625523475785,0.20637447652421434,0.11144733605121032,0.06027856752550764,1.4257145108809077e-5,FALSE,FALSE,FALSE,FALSE
360001,MERCY HEALTH-ANDERSON HOSPITAL,MORT_30_HF,OH,2024,Planned TEFCA,11.5,336,11.232669264461427,0.2673307355385736,0.14260280378736848,0.0368907263442165,1.393862085583753e-5,FALSE,FALSE,FALSE,FALSE
050641,EAST LOS ANGELES DOCTORS HOSPITAL,MORT_30_HF,CA,2023,Planned TEFCA,11.6,28,11.792827006451924,-0.19282700645192508,-0.1044313113899615,0.06567193792675835,1.3717428529979438e-5,FALSE,FALSE,FALSE,FALSE
230230,EDWARD W SPARROW HOSPITAL,MORT_30_HF,MI,2023,Neither current nor planned,11.4,396,11.61075147640669,-0.21075147640668968,-0.11355113797004944,0.055971172702195246,1.368015715915412e-5,FALSE,FALSE,FALSE,FALSE
230259,CHELSEA HOSPITAL,MORT_30_HF,MI,2024,Current TEFCA,11.3,286,11.52351679027411,-0.22351679027410915,-0.11974194157553666,0.04510406890272229,1.211936547927928e-5,FALSE,FALSE,FALSE,FALSE
360107,BELLEVUE HOSPITAL,MORT_30_HF,OH,2023,Current TEFCA,12.2,74,12.027632768014353,0.17236723198564655,0.09360767166430939,0.0707989893765,1.1947390746472589e-5,FALSE,FALSE,FALSE,FALSE
360172,MERCY REGIONAL MEDICAL CENTER,MORT_30_HF,OH,2024,Planned TEFCA,11.1,249,11.34842366045487,-0.24842366045486974,-0.13248314421898968,0.036401803781200906,1.186513824017706e-5,FALSE,FALSE,FALSE,FALSE
340183,NOVANT HEALTH HUNTERSVILLE MEDICAL CENTER,MORT_30_HF,NC,2024,Neither current nor planned,11.4,293,11.625398783329413,-0.2253987833294116,-0.12058213628396669,0.042440641769785105,1.1532132109849956e-5,FALSE,FALSE,FALSE,FALSE
150076,SAINT JOSEPH REGIONAL MEDICAL CENTER - PLYMOUTH,MORT_30_HF,IN,2024,Neither current nor planned,12.2,116,12.307494841251508,-0.10749484125150861,-0.06088674928072503,0.14582252803278756,1.1325557349029305e-5,FALSE,FALSE,FALSE,FALSE
490059,BON SECOURS ST MARYS HOSPITAL,MORT_30_HF,VA,2024,Planned TEFCA,12.1,640,11.922683429599441,0.1773165704005575,0.09573753463100301,0.05993542787051461,1.0457378447637576e-5,FALSE,FALSE,FALSE,FALSE
420023,ST FRANCIS-DOWNTOWN,MORT_30_HF,SC,2024,Planned TEFCA,12.1,567,11.996096483558329,0.10390351644167031,0.05825717791434406,0.12827448407877992,8.937111848896607e-6,FALSE,FALSE,FALSE,FALSE
340158,NOVANT HEALTH BRUNSWICK MEDICAL CENTER,MORT_30_HF,NC,2024,Neither current nor planned,11.8,294,11.624082638902198,0.17591736109780265,0.09411081145414386,0.04244969344998046,7.026267885784116e-6,FALSE,FALSE,FALSE,FALSE
200018,NORTHERN LIGHT  A R GOULD HOSPITAL,MORT_30_HF,ME,2023,Current TEFCA,12.2,68,12.264775663901938,-0.06477566390193848,-0.03797467632405867,0.2026446342572963,6.558597116293519e-6,FALSE,FALSE,FALSE,FALSE
150005,HENDRICKS REGIONAL HEALTH,MORT_30_HF,IN,2024,Planned TEFCA,11.5,229,11.582728589766324,-0.08272858976632348,-0.046687971865320435,0.13956464225798124,6.327120324416718e-6,FALSE,FALSE,FALSE,FALSE
490041,MARY IMMACULATE HOSPITAL,MORT_30_HF,VA,2024,Planned TEFCA,12.6,158,12.46305136034416,0.13694863965584006,0.07388672385700179,0.058538212094283455,6.0744287948809785e-6,FALSE,FALSE,FALSE,FALSE
390332,GEISINGER ST. LUKE'S  HOSPITAL,MORT_30_HF,PA,2023,Planned TEFCA,10.4,280,10.5464942837694,-0.14649428376939938,-0.07871343093071333,0.05078535509689092,5.9320790854938555e-6,FALSE,FALSE,FALSE,FALSE
340027,UNC LENOIR HEALTH CARE,MORT_30_HF,NC,2023,Planned TEFCA,11.2,258,11.030800181934067,0.16919981806593234,0.09027378188552282,0.03728201734595743,5.6475093803067355e-6,FALSE,FALSE,FALSE,FALSE
390067,UPMC PINNACLE HOSPITALS,MORT_30_HF,PA,2023,Planned TEFCA,10.6,956,10.445747028129643,0.1542529718703562,0.08248799674660375,0.041688079806269686,5.296892176657081e-6,FALSE,FALSE,FALSE,FALSE
220065,BAYSTATE NOBLE HOSPITAL,MORT_30_HF,MA,2024,Planned TEFCA,10.9,208,11.011421994113535,-0.11142199411353547,-0.0606212167206763,0.07421323154329038,5.271779039263715e-6,FALSE,FALSE,FALSE,FALSE
010087,USA HEALTH UNIVERSITY HOSPITAL,MORT_30_HF,AL,2023,Planned TEFCA,12.5,50,12.423369661431696,0.07663033856830463,0.04293139287713161,0.12689145099660676,4.793506410988542e-6,FALSE,FALSE,FALSE,FALSE
360270,MERCY HEALTH - DEFIANCE HOSPITAL,MORT_30_HF,OH,2024,Planned TEFCA,11.8,110,11.66401035820559,0.1359896417944095,0.07255450041034342,0.03727369353720278,3.6472400920337595e-6,FALSE,FALSE,FALSE,FALSE
500016,CONFLUENCE HEALTH HOSPITAL,MORT_30_HF,WA,2024,Planned TEFCA,13.3,486,13.207910823017853,0.09208917698214775,0.0499503968773561,0.0685562925664043,3.2863001153784627e-6,FALSE,FALSE,FALSE,FALSE
160083,MERCYONE DES MOINES MEDICAL CENTER,MORT_30_HF,IA,2024,Planned TEFCA,12.8,644,12.712838444887577,0.087161555112424155,0.047389332471602465,0.07294427037339972,3.1621712204545647e-6,FALSE,FALSE,FALSE,FALSE
100350,UCF LAKE NONA HOSPITAL,MORT_30_HF,FL,2024,Neither current nor planned,12.8,40,12.87572818203669,-0.07572818203668898,-0.04154623986804743,0.0895246023724236,3.0372250588607714e-6,FALSE,FALSE,FALSE,FALSE
370166,WAGONER COMMUNITY HOSPITAL,MORT_30_HF,OK,2024,Neither current nor planned,12,65,12.08541397030167,-0.08541397030166951,-0.04639341094485997,0.07111444554518787,2.948812583647257e-6,FALSE,FALSE,FALSE,FALSE
100253,JUPITER MEDICAL CENTER,MORT_30_HF,FL,2023,Planned TEFCA,11.3,512,11.224280579355375,0.07571942064462539,0.041252967745328765,0.07674695450727544,2.531571274459213e-6,FALSE,FALSE,FALSE,FALSE
390068,UPMC LITITZ,MORT_30_HF,PA,2023,Planned TEFCA,11.4,105,11.298979055771872,0.10102094422812868,0.05410906109224326,0.04478624069670631,2.4565310569009535e-6,FALSE,FALSE,FALSE,FALSE
380050,SKY LAKES MEDICAL CENTER,MORT_30_HF,OR,2023,Current TEFCA,12.6,212,12.51600722775696,0.08399277224303908,0.045357965638593005,0.06029052606804691,2.3621182530283894e-6,FALSE,FALSE,FALSE,FALSE
460019,UINTAH BASIN MEDICAL CENTER,MORT_30_HF,UT,2023,Neither current nor planned,12.9,46,12.832589872783057,0.06741012721694312,0.036873374357060694,0.08411533243979838,2.2346001480444534e-6,FALSE,FALSE,FALSE,FALSE
050352,BARTON MEMORIAL HOSPITAL,MORT_30_HF,CA,2023,Neither current nor planned,11.2,41,11.271824589702147,-0.07182458970214813,-0.03909421454052553,0.07500850200970807,2.2178759899073133e-6,FALSE,FALSE,FALSE,FALSE
231319,ASPIRUS KEWEENAW HOSPITAL AND CLINICS,MORT_30_HF,MI,2024,Neither current nor planned,13,30,12.923454148337338,0.0765458516626619,0.04144139895422059,0.0650441641744194,2.1380871542083973e-6,FALSE,FALSE,FALSE,FALSE
140008,LOYOLA GOTTLIEB MEMORIAL HOSPITAL,MORT_30_HF,IL,2024,Planned TEFCA,10.2,290,10.27399023690461,-0.0739902369046108,-0.04012179350833554,0.06802416477854263,2.1026098353304146e-6,FALSE,FALSE,FALSE,FALSE
380021,HILLSBORO MEDICAL CENTER,MORT_30_HF,OR,2023,Neither current nor planned,12.9,117,12.835324904482524,0.06467509551747636,0.03511186132037258,0.07021487261304292,1.6660729805308345e-6,FALSE,FALSE,FALSE,FALSE
460021,ST. GEORGE REGIONAL HOSPITAL,MORT_30_HF,UT,2023,Planned TEFCA,11,447,11.052929448448323,-0.05292944844832313,-0.028787121186957643,0.0735669680807711,1.1776208149549603e-6,FALSE,FALSE,FALSE,FALSE
210065,HOLY CROSS GERMANTOWN HOSPITAL,MORT_30_HF,MD,2024,Planned TEFCA,10.7,167,10.728516262027355,-0.02851626202735602,-0.01611082843020082,0.14145179360771357,7.652797523376526e-7,FALSE,FALSE,FALSE,FALSE
390101,UPMC MEMORIAL,MORT_30_HF,PA,2023,Planned TEFCA,11.1,204,11.042422144907441,0.057577855092558645,0.030784994653112095,0.04137516260786733,7.319969401388244e-7,FALSE,FALSE,FALSE,FALSE
490005,WINCHESTER MEDICAL CENTER,MORT_30_HF,VA,2024,Planned TEFCA,11.7,1076,11.744880313218246,-0.04488031321824744,-0.0242707251439138,0.06295208634322584,7.08197243064691e-7,FALSE,FALSE,FALSE,FALSE
171383,WILLIAM NEWTON HOSPITAL,MORT_30_HF,KS,2024,Neither current nor planned,12.7,63,12.724725258199204,-0.024725258199204583,-0.014037944748151556,0.14986128778778363,6.216522175090206e-7,FALSE,FALSE,FALSE,FALSE
231331,SPARROW IONIA HOSPITAL,MORT_30_HF,MI,2023,Neither current nor planned,12.5,36,12.537029683180394,-0.037029683180394166,-0.019941316289836596,0.055052425439557476,4.1458822407515763e-7,FALSE,FALSE,FALSE,FALSE
270017,ST JAMES HOSPITAL,MORT_30_HF,MT,2023,Planned TEFCA,11.6,108,11.620547662520071,-0.020547662520071883,-0.011623072008006736,0.1435576919830779,4.052388095621453e-7,FALSE,FALSE,FALSE,FALSE
370227,ST JOHN OWASSO,MORT_30_HF,OK,2023,Planned TEFCA,11.9,50,11.91662485948932,-0.016624859489319424,-0.009077017483343906,0.08072659587939268,1.2947894632599035e-7,FALSE,FALSE,FALSE,FALSE
460015,INTERMOUNTAIN HEALTH LOGAN REGIONAL HOSPITAL,MORT_30_HF,UT,2023,Planned TEFCA,11.5,147,11.482530397217642,0.017469602782357548,0.009471216013102695,0.06767000562712448,1.1651421191303915e-7,FALSE,FALSE,FALSE,FALSE
390012,JEFFERSON LANSDALE HOSPITAL,MORT_30_HF,PA,2023,Current TEFCA,10.8,374,10.784125113338803,0.015874886661197962,0.008527146233978032,0.05020712232802986,6.878357131669299e-8,FALSE,FALSE,FALSE,FALSE
140101,MORRIS HOSPITAL & HEALTHCARE CENTERS,MORT_30_HF,IL,2024,Planned TEFCA,10.4,241,10.411117756593448,-0.011117756593448061,-0.006100535067477628,0.0898489007058059,6.574701448163676e-8,FALSE,FALSE,FALSE,FALSE
420098,TIDELANDS WACCAMAW COMMUNITY HOSPITAL,MORT_30_HF,SC,2023,Planned TEFCA,12.4,383,12.405180658506392,-0.00518065850639099,-0.002934131613233743,0.1456698083456784,2.626902254144241e-8,FALSE,FALSE,FALSE,FALSE
090003,HOWARD UNIVERSITY HOSPITAL CORP,MORT_30_HF,DC,2023,Neither current nor planned,10.8,124,10.799999999999997,3.787874417100096e-15,NA,1,NA,NA,TRUE,TRUE,NA
320065,COVENANT HEALTH HOBBS HOSPITAL,MORT_30_HF,NM,2023,Planned TEFCA,14.9,49,14.9,-6.460787874966229e-16,NA,1,NA,NA,TRUE,TRUE,NA
350019,ALTRU HOSPITAL,MORT_30_HF,ND,2023,Planned TEFCA,11,377,11,-5.419953789380145e-16,NA,1,NA,NA,TRUE,TRUE,NA
