facility_id,facility_name,measure_id,mstate,year,tefca_status,score,denominator,fitted_value,residual,studentized_residual,hat_value,cooks_distance,cooks_flag,leverage_flag,hat_near_one_flag,studentized_residual_flag
020012,FAIRBANKS MEMORIAL HOSPITAL,MORT_30_PN,AK,2023,Neither current nor planned,22.8,138,16.98455831302941,5.815441686970592,3.0547689867119363,0.33943917751390695,0.08440329425190483,TRUE,TRUE,FALSE,TRUE
440065,TRISTAR NORTHCREST MEDICAL CENTER,MORT_30_PN,TN,2024,Neither current nor planned,15.5,195,19.79217621285504,-4.29217621285504,-2.248291363663332,0.3405942887566821,0.046296129524832516,TRUE,TRUE,FALSE,FALSE
410008,SOUTH COUNTY HOSPITAL INC,MORT_30_PN,RI,2023,Neither current nor planned,15.6,232,18.192386789167205,-2.5923867891672066,-1.5689301979951857,0.5082521841074256,0.045316005265780925,TRUE,TRUE,FALSE,FALSE
410013,WESTERLY HOSPITAL,MORT_30_PN,RI,2024,Planned TEFCA,19.5,223,16.907613210832793,2.5923867891672057,1.5689301979951844,0.5082521841074253,0.04531600526578085,TRUE,TRUE,FALSE,FALSE
530015,ST JOHNS MEDICAL CENTER,MORT_30_PN,WY,2024,Neither current nor planned,9.6,98,17.519918200363517,-7.919918200363516,-3.6611541789198143,0.14111286776364942,0.038494037287293906,TRUE,FALSE,FALSE,TRUE
010007,MIZELL MEMORIAL HOSPITAL,MORT_30_PN,AL,2023,Current TEFCA,25.4,98,18.395012635809458,7.004987364190541,3.1855306940391377,0.11740106119931457,0.023725620435223322,TRUE,FALSE,FALSE,TRUE
021311,PEACEHEALTH KETCHIKAN MEDICAL CENTER,MORT_30_PN,AK,2023,Current TEFCA,13.3,64,16.30324931719995,-3.003249317199949,-1.5756075539314642,0.3455859780081163,0.023350239497302732,TRUE,TRUE,FALSE,FALSE
250172,HIGHLAND HILLS MEDICAL CENTER,MORT_30_PN,MS,2023,Neither current nor planned,14.8,38,19.46384228617151,-4.663842286171509,-2.2270151164797722,0.2066357249403009,0.022908965803719216,TRUE,TRUE,FALSE,FALSE
020026,ALASKA NATIVE MEDICAL CENTER,MORT_30_PN,AK,2024,Planned TEFCA,13.7,171,16.512192369770624,-2.8121923697706257,-1.4731361386597015,0.34395385554830743,0.020275851565483994,TRUE,TRUE,FALSE,FALSE
180079,HARRISON MEMORIAL HOSPITAL,MORT_30_PN,KY,2023,Neither current nor planned,25.2,100,19.26033376368171,5.939666236318288,2.7178141135005864,0.13236777081605322,0.019901812550081412,TRUE,FALSE,FALSE,FALSE
440057,CLAIBORNE MEDICAL CENTER,MORT_30_PN,TN,2024,Planned TEFCA,21.5,60,18.723983738838857,2.7760162611611423,1.4509659544776503,0.3411133346191589,0.019425800169717518,TRUE,TRUE,FALSE,FALSE
300034,CATHOLIC MEDICAL CENTER,MORT_30_PN,NH,2024,Current TEFCA,12.3,366,15.826976518138427,-3.5269765181384254,-1.745197772472774,0.2636122304944031,0.019400601888737334,TRUE,TRUE,FALSE,FALSE
190090,WINN PARISH MEDICAL CENTER,MORT_30_PN,LA,2023,Current TEFCA,23.8,99,18.522372437906952,5.277627562093047,2.4163708586784427,0.1357453008294241,0.01623964115720104,TRUE,FALSE,FALSE,FALSE
301301,COTTAGE HOSPITAL,MORT_30_PN,NH,2023,Neither current nor planned,19.4,58,16.185277611758583,3.2147223882414173,1.5872050730811877,0.26105098382261754,0.01585042744144079,TRUE,TRUE,FALSE,FALSE
190218,SABINE MEDICAL CENTER,MORT_30_PN,LA,2023,Neither current nor planned,23.4,57,18.183562503619434,5.216437496380566,2.375217808568881,0.12645634842627124,0.014466953125521454,TRUE,FALSE,FALSE,FALSE
310005,HUNTERDON MEDICAL CENTER,MORT_30_PN,NJ,2024,Current TEFCA,10.7,429,14.846785776059164,-4.146785776059164,-1.9397817919241698,0.1750104838557744,0.014185611174091674,TRUE,FALSE,FALSE,FALSE
531307,COMMUNITY HOSPITAL,MORT_30_PN,WY,2024,Planned TEFCA,22.3,50,17.253998782995815,5.046001217004187,2.2991218010012813,0.1281391600915984,0.013770188231508726,TRUE,FALSE,FALSE,FALSE
050110,LOMPOC VALLEY MEDICAL CENTER,MORT_30_PN,CA,2023,Neither current nor planned,25.1,137,16.353191487119215,8.746808512880786,3.8504143530905406,0.050561922443784164,0.013767249104653436,TRUE,FALSE,FALSE,TRUE
281355,OGALLALA COMMUNITY HOSPITAL,MORT_30_PN,NE,2024,Planned TEFCA,21.9,48,16.758956569484155,5.141043430515845,2.3323404506293124,0.12034857117766522,0.013188029324077458,TRUE,FALSE,FALSE,FALSE
381315,ST. ALPHONSUS MEDICAL CENTER - BAKER CITY,MORT_30_PN,OR,2024,Current TEFCA,24.4,43,17.471935155657498,6.928064844342503,3.0616875537348736,0.0666643469182847,0.011784182225928017,TRUE,FALSE,FALSE,TRUE
250050,BAPTIST MEMORIAL HOSPITAL-OKTIBBEHA COUNTY,MORT_30_PN,MS,2024,Planned TEFCA,22.2,126,18.942643143899357,3.2573568561006434,1.5550703704468225,0.20978004342579148,0.01143553556737168,TRUE,TRUE,FALSE,FALSE
330103,OLEAN GENERAL HOSPITAL,MORT_30_PN,NY,2023,Planned TEFCA,23.2,413,15.630790547736154,7.569209452263846,3.3285252070506974,0.05462790971945971,0.011234861443163232,TRUE,FALSE,FALSE,TRUE
250099,GREENWOOD LEFLORE HOSPITAL,MORT_30_PN,MS,2023,Neither current nor planned,22.7,83,19.46050472171912,3.2394952782808812,1.5442728297973372,0.20750087741841344,0.011123327008525521,TRUE,TRUE,FALSE,FALSE
330185,JOHN T MATHER MEMORIAL HOSPITAL  OF PORT JEFFERSON,MORT_30_PN,NY,2023,Neither current nor planned,9.8,797,16.81578515779705,-7.015785157797047,-3.0872048252707738,0.05838282523343295,0.010397922411530577,TRUE,FALSE,FALSE,TRUE
060023,INTERMOUNTAIN HEALTH ST. MARY'S REGIONAL HOSPITAL,MORT_30_PN,CO,2023,Planned TEFCA,21.4,206,16.103840587086864,5.296159412913133,2.3609003518186045,0.08870420857599597,0.009611811361095965,TRUE,FALSE,FALSE,FALSE
220066,MERCY MEDICAL CTR,MORT_30_PN,MA,2024,Current TEFCA,21.2,256,15.716615151920728,5.483384848079272,2.4321886214590687,0.07901631047428402,0.008986032182646783,TRUE,FALSE,FALSE,FALSE
340127,GRANVILLE HEALTH SYSTEMS,MORT_30_PN,NC,2023,Neither current nor planned,25.5,106,17.610548104635956,7.889451895364044,3.4457668394184777,0.04033982392663071,0.008746823490814477,TRUE,FALSE,FALSE,TRUE
370006,INTEGRIS HEALTH PONCA CITY,MORT_30_PN,OK,2023,Neither current nor planned,22.1,138,16.024082898305902,6.075917101694099,2.6718310831278655,0.060987687472639066,0.008191829736856398,TRUE,FALSE,FALSE,FALSE
241359,AVERA MARSHALL REGIONAL MEDICAL CTR,MORT_30_PN,MN,2024,Neither current nor planned,14.5,45,16.800296916376016,-2.3002969163760176,-1.1338344130644347,0.26017293030271266,0.008069137433690208,TRUE,TRUE,FALSE,FALSE
190034,ABBEVILLE GENERAL HOSPITAL,MORT_30_PN,LA,2023,Neither current nor planned,14.7,61,18.74050367136976,-4.040503671369761,-1.8267693362730715,0.11750158999796763,0.007902136671239561,TRUE,FALSE,FALSE,FALSE
130013,SAINT ALPHONSUS MEDICAL CENTER - NAMPA,MORT_30_PN,ID,2024,Current TEFCA,13,120,16.583996006670993,-3.5839960066709944,-1.6355942425618935,0.1348425251137012,0.007423850664182527,TRUE,FALSE,FALSE,FALSE
340068,COLUMBUS REGIONAL HEALTHCARE SYSTEM,MORT_30_PN,NC,2024,Planned TEFCA,23.6,127,16.276406274283914,7.323593725716088,3.190434496609625,0.03820086010800396,0.007105759519799971,TRUE,FALSE,FALSE,TRUE
241348,AVERA TYLER HOSPITAL,MORT_30_PN,MN,2024,Neither current nor planned,19,27,16.914763608326076,2.0852363916739254,1.0286615998214483,0.2616620380625483,0.00669573965992247,TRUE,TRUE,FALSE,FALSE
050457,UCSF HEALTH ST. MARY'S HOSPITAL,MORT_30_PN,CA,2024,Planned TEFCA,9.5,122,15.829402732156339,-6.329402732156338,-2.762761870907946,0.04616349846137307,0.006521296453509428,TRUE,FALSE,FALSE,FALSE
370026,ST MARY'S REGIONAL MEDICAL CENTER,MORT_30_PN,OK,2023,Neither current nor planned,21.9,286,16.65092690391137,5.24907309608863,2.308673374461397,0.06427176762035158,0.00648849036987436,TRUE,FALSE,FALSE,FALSE
370078,OKLAHOMA STATE UNIVERSITY MEDICAL CENTER,MORT_30_PN,OK,2023,Neither current nor planned,21.7,112,16.24258832672816,5.457411673271839,2.395442232020011,0.05980505130588052,0.0064644728566717454,TRUE,FALSE,FALSE,FALSE
431337,AVERA HAND COUNTY MEMORIAL HOSPITAL AND CLINIC,MORT_30_PN,SD,2024,Neither current nor planned,21.3,30,17.077956257694588,4.222043742305413,1.8747305494296094,0.08480878018545622,0.005790555506147594,FALSE,FALSE,FALSE,FALSE
440102,LINCOLN MEDICAL CENTER,MORT_30_PN,TN,2023,Neither current nor planned,20.6,80,19.08384004830611,1.5161599516938888,0.790915048600923,0.34022990256507435,0.005764145184864381,FALSE,TRUE,FALSE,FALSE
330033,CHENANGO MEMORIAL HOSPITAL,MORT_30_PN,NY,2023,Current TEFCA,21.3,99,16.304220784321892,4.995779215678108,2.1931156789839368,0.061569650887907494,0.005597920426414964,FALSE,FALSE,FALSE,FALSE
270057,BOZEMAN HEALTH DEACONESS HOSPITAL,MORT_30_PN,MT,2023,Planned TEFCA,10.8,203,13.578440087759494,-2.7784400877594937,-1.2834916233916378,0.1571482669798967,0.005478566602334802,FALSE,FALSE,FALSE,FALSE
030088,BANNER BAYWOOD MEDICAL CENTER,MORT_30_PN,AZ,2024,Planned TEFCA,21.2,839,16.126514831994147,5.073485168005852,2.2239376000869964,0.0585688571321064,0.005457076767031736,FALSE,FALSE,FALSE,FALSE
171377,SMITH COUNTY MEMORIAL HOSPITAL,MORT_30_PN,KS,2023,Neither current nor planned,23.1,54,18.393571132056994,4.706428867943007,2.0706339688766753,0.06652587958577469,0.005425336809616051,FALSE,FALSE,FALSE,FALSE
150012,SAINT JOSEPH REGIONAL MEDICAL CENTER,MORT_30_PN,IN,2024,Current TEFCA,20.1,375,17.10151957715302,2.9984804228469817,1.3687958211091233,0.13656183679366846,0.00528356372223186,FALSE,FALSE,FALSE,FALSE
131328,BONNER GENERAL HOSPITAL,MORT_30_PN,ID,2023,Neither current nor planned,20.6,34,17.5559586284771,3.0440413715228996,1.3868238925964471,0.1330338411617621,0.005261584944139241,FALSE,FALSE,FALSE,FALSE
340190,NOVANT HEALTH MINT HILL MEDICAL CENTER,MORT_30_PN,NC,2024,Neither current nor planned,10.8,117,17.008677832474582,-6.208677832474583,-2.698656753866775,0.038661379645447906,0.0051734524682115765,FALSE,FALSE,FALSE,FALSE
670078,BAPTIST NEIGHBORHOOD HOSPITAL THOUSAND OAKS,MORT_30_PN,TX,2024,Neither current nor planned,12,84,17.539052205620784,-5.539052205620786,-2.4149810629961697,0.04691887226535965,0.005084126955443896,FALSE,FALSE,FALSE,FALSE
451395,HILL REGIONAL HOSPITAL,MORT_30_PN,TX,2024,Neither current nor planned,22.9,66,17.63936686631027,5.26063313368973,2.296974748947359,0.05063633062048627,0.004988048735036512,FALSE,FALSE,FALSE,FALSE
280134,KEARNEY REGIONAL MEDICAL CENTER,MORT_30_PN,NE,2023,Neither current nor planned,13.9,170,17.025356630704717,-3.125356630704718,-1.4149412420715277,0.12193729507362168,0.004956125580778564,FALSE,FALSE,FALSE,FALSE
500030,ST JOSEPH HOSPITAL,MORT_30_PN,WA,2023,Current TEFCA,12.3,540,16.85113891386713,-4.551138913867127,-1.999007349633542,0.06390913629631363,0.004846461460974929,FALSE,FALSE,FALSE,FALSE
061321,MT SAN RAFAEL HOSPITAL,MORT_30_PN,CO,2023,Neither current nor planned,14.4,29,17.829203712293115,-3.429203712293114,-1.5361549629096272,0.10259230905491634,0.0048059521860488825,FALSE,FALSE,FALSE,FALSE
310045,ENGLEWOOD HOSPITAL AND MEDICAL CENTER,MORT_30_PN,NJ,2024,Planned TEFCA,15.9,699,13.514703479761378,2.3852965202386227,1.1150767846727971,0.1775585497634339,0.004791527699114948,FALSE,FALSE,FALSE,FALSE
171347,SHERIDAN COUNTY HOSPITAL,MORT_30_PN,KS,2024,Neither current nor planned,14.4,32,18.628667497812778,-4.228667497812779,-1.864260364515443,0.07165681807382461,0.004769854544824772,FALSE,FALSE,FALSE,FALSE
291313,BANNER CHURCHILL COMMUNITY HOSPITAL,MORT_30_PN,NV,2024,Planned TEFCA,20.2,146,18.47126790580871,1.7287320941912896,0.8554919755527658,0.26672604238718844,0.004756044762067868,FALSE,TRUE,FALSE,FALSE
110006,ST MARY'S HOSPITAL,MORT_30_PN,GA,2024,Current TEFCA,20.1,181,16.464805349141805,3.635194650858197,1.618172237447487,0.09076873988968191,0.004654795172910029,FALSE,FALSE,FALSE,FALSE
270017,ST JAMES HOSPITAL,MORT_30_PN,MT,2023,Planned TEFCA,16.5,163,13.799343406842404,2.700656593157597,1.2381686055067604,0.14448435248055652,0.00461914159095654,FALSE,FALSE,FALSE,FALSE
340028,CAPE FEAR VALLEY MEDICAL CENTER,MORT_30_PN,NC,2024,Current TEFCA,21.6,625,16.398138279514974,5.201861720485028,2.2672287492600196,0.04743642716900361,0.004538363563751395,FALSE,FALSE,FALSE,FALSE
040039,ARKANSAS METHODIST MEDICAL CENTER,MORT_30_PN,AR,2023,Neither current nor planned,15.6,145,18.2201454523293,-2.6201454523293033,-1.2036677974326893,0.14803326695060226,0.00449182157311114,FALSE,FALSE,FALSE,FALSE
260022,NORTHEAST REGIONAL MEDICAL CENTER,MORT_30_PN,MO,2024,Neither current nor planned,17.8,126,16.121883710857357,1.678116289142644,0.8281974440829561,0.2628017454498953,0.004368792318629114,FALSE,TRUE,FALSE,FALSE
330096,JONES MEMORIAL HOSPITAL,MORT_30_PN,NY,2024,Neither current nor planned,12.9,111,17.24991634156967,-4.349916341569668,-1.9078753790318321,0.06178939393393612,0.00426120780097679,FALSE,FALSE,FALSE,FALSE
031317,LA PAZ REGIONAL HOSPITAL,MORT_30_PN,AZ,2023,Neither current nor planned,19.9,50,16.56437437038726,3.3356256296127382,1.4891491580054688,0.09667480627240767,0.004228996386449279,FALSE,FALSE,FALSE,FALSE
030103,MAYO CLINIC HOSPITAL,MORT_30_PN,AZ,2023,Planned TEFCA,11.6,1004,15.303749676566586,-3.7037496765665865,-1.63967545497987,0.08063318722331266,0.004198334905591502,FALSE,FALSE,FALSE,FALSE
181301,MARCUM AND WALLACE MEMORIAL HOSPITAL,MORT_30_PN,KY,2023,Current TEFCA,15.9,74,18.474319101983696,-2.5743191019836953,-1.1796060103365422,0.1437658073566062,0.004169201424601826,FALSE,FALSE,FALSE,FALSE
361328,PROMEDICA DEFIANCE REGIONAL HOSPITAL,MORT_30_PN,OH,2023,Planned TEFCA,20.8,71,15.95376076276538,4.846239237234621,2.111231115484253,0.0476605031975032,0.003959518483341325,FALSE,FALSE,FALSE,FALSE
490092,BON SECOURS SOUTHAMPTON MEMORIAL HOSPITAL,MORT_30_PN,VA,2024,Planned TEFCA,22,88,17.75427562632828,4.245724373671722,1.8599585512809913,0.05984469458413566,0.003915504177029264,FALSE,FALSE,FALSE,FALSE
380052,SAINT ALPHONSUS MEDICAL CENTER ONTARIO,MORT_30_PN,OR,2024,Current TEFCA,13.4,57,17.40877746053241,-4.008777460532409,-1.7610395893763175,0.06563134191728551,0.0038757548607990496,FALSE,FALSE,FALSE,FALSE
200050,NORTHERN LIGHT MAINE COAST HOSPITAL,MORT_30_PN,ME,2023,Current TEFCA,18.8,90,16.101921438853328,2.698078561146674,1.2239324945298888,0.12619090489772436,0.0038597729687225345,FALSE,FALSE,FALSE,FALSE
190054,IBERIA MEDICAL CENTER,MORT_30_PN,LA,2023,Neither current nor planned,15.8,176,18.5493390436734,-2.749339043673397,-1.2438307361697198,0.12139542936870144,0.003813551918805848,FALSE,FALSE,FALSE,FALSE
140210,HARRISBURG MEDICAL CENTER,MORT_30_PN,IL,2024,Neither current nor planned,20.3,67,16.135547853198066,4.164452146801935,1.8242459704364755,0.059946945934196354,0.003774294029802045,FALSE,FALSE,FALSE,FALSE
370015,HILLCREST HOSPITAL PRYOR,MORT_30_PN,OK,2024,Neither current nor planned,12.3,81,16.479322611993787,-4.1793226119937845,-1.8303864502182985,0.05952658575072533,0.0037712677353664956,FALSE,FALSE,FALSE,FALSE
140063,RUSH OAK PARK HOSPITAL,MORT_30_PN,IL,2024,Planned TEFCA,11,216,15.331074337728648,-4.331074337728649,-1.893319326572792,0.055633871762749046,0.003754113533187902,FALSE,FALSE,FALSE,FALSE
330180,"SAMARITAN HOSPITAL OF TROY, NEW YORK",MORT_30_PN,NY,2024,Current TEFCA,12.1,385,16.289463419489778,-4.18946341948978,-1.8341152030850425,0.058773395924081054,0.0037356557420465844,FALSE,FALSE,FALSE,FALSE
150097,MAJOR HOSPITAL,MORT_30_PN,IN,2023,Planned TEFCA,14.9,148,17.410776328309545,-2.510776328309544,-1.1458266193416693,0.13690102408362975,0.003716714399580683,FALSE,FALSE,FALSE,FALSE
100017,HALIFAX HEALTH MEDICAL CENTER,MORT_30_PN,FL,2024,Planned TEFCA,18.6,423,14.72170786975665,3.878292130243353,1.704342499020832,0.06663447383906203,0.0036909158474898326,FALSE,FALSE,FALSE,FALSE
201309,NORTHERN LIGHT MAYO HOSPITAL,MORT_30_PN,ME,2023,Planned TEFCA,18.3,43,15.788609632116245,2.511390367883756,1.1455430488417642,0.1360522189470975,0.003688219297301823,FALSE,FALSE,FALSE,FALSE
420104,MOUNT PLEASANT HOSPITAL,MORT_30_PN,SC,2024,Planned TEFCA,13.5,198,16.10256754199665,-2.6025675419966476,-1.1819237876384554,0.12829212046777574,0.0036687633885163556,FALSE,FALSE,FALSE,FALSE
060028,SAINT JOSEPH HOSPITAL,MORT_30_PN,CO,2023,Planned TEFCA,13,94,16.27965094526425,-3.2796509452642506,-1.4564030409465598,0.08717992579780623,0.003610430785032878,FALSE,FALSE,FALSE,FALSE
330184,MONTEFIORE NEW ROCHELLE HOSPITAL,MORT_30_PN,NY,2023,Neither current nor planned,21.1,208,16.945070584111033,4.154929415888969,1.8178888513488607,0.057722970013005664,0.00360061267310421,FALSE,FALSE,FALSE,FALSE
490120,CHESAPEAKE GENERAL HOSPITAL,MORT_30_PN,VA,2023,Planned TEFCA,13,600,17.034556630920367,-4.034556630920366,-1.767185710402936,0.06011179111433255,0.003553501823557436,FALSE,FALSE,FALSE,FALSE
051320,BANNER LASSEN MEDICAL CENTER,MORT_30_PN,CA,2024,Planned TEFCA,20.5,99,15.8762136742423,4.623786325757701,2.0124495481357654,0.046561467910997544,0.0035131316305784454,FALSE,FALSE,FALSE,FALSE
131305,STEELE MEMORIAL MEDICAL CENTER,MORT_30_PN,ID,2023,Neither current nor planned,15.1,32,17.56954349890488,-2.4695434989048812,-1.1245380678865589,0.13317615120411264,0.0034678137343526513,FALSE,FALSE,FALSE,FALSE
070008,JOHNSON MEMORIAL HOSPITAL,MORT_30_PN,CT,2024,Current TEFCA,18,88,15.282479579094845,2.7175204209051547,1.224209063851847,0.11395195408996643,0.003438828445087582,FALSE,FALSE,FALSE,FALSE
370001,HILLCREST MEDICAL CENTER,MORT_30_PN,OK,2024,Neither current nor planned,19.9,465,16.0877200050254,3.812279994974599,1.6727419446360117,0.06391417849571773,0.003400894048421059,FALSE,FALSE,FALSE,FALSE
520066,MERCY HEALTH SYSTEM CORP,MORT_30_PN,WI,2024,Current TEFCA,13.6,134,15.90524399191617,-2.3052439919161696,-1.0567243161581137,0.14484600369154318,0.003376830804872623,FALSE,FALSE,FALSE,FALSE
430015,AVERA ST MARY'S HOSPITAL,MORT_30_PN,SD,2024,Neither current nor planned,20,111,16.784782769781124,3.215217230218876,1.4254384471511254,0.08430803635531309,0.00333463615728821,FALSE,FALSE,FALSE,FALSE
050394,COMMUNITY MEMORIAL HOSPITAL - VENTURA,MORT_30_PN,CA,2023,Neither current nor planned,20,290,15.887972668296598,4.112027331703401,1.7960821862782472,0.05466412960927706,0.003318178867891422,FALSE,FALSE,FALSE,FALSE
350019,ALTRU HOSPITAL,MORT_30_PN,ND,2023,Planned TEFCA,15.4,520,14.270495732204424,1.1295042677955769,0.5913089505925593,0.34521280886928624,0.003295489624538204,FALSE,TRUE,FALSE,FALSE
100296,DOCTORS HOSPITAL,MORT_30_PN,FL,2023,Planned TEFCA,10.3,168,14.020639858066968,-3.720639858066968,-1.632776606642059,0.06440895026186479,0.0032678869013635227,FALSE,FALSE,FALSE,FALSE
290001,RENOWN REGIONAL MEDICAL CENTER,MORT_30_PN,NV,2023,Neither current nor planned,16.4,537,17.85988011215356,-1.459880112153564,-0.7189538106771017,0.2598625148984448,0.003243477327834191,FALSE,TRUE,FALSE,FALSE
171385,COFFEY COUNTY HOSPITAL,MORT_30_PN,KS,2024,Current TEFCA,15.2,72,18.50905958289071,-3.30905958289071,-1.4608911132929274,0.07641588437509367,0.003147005869466455,FALSE,FALSE,FALSE,FALSE
030134,BANNER GOLDFIELD MEDICAL CENTER,MORT_30_PN,AZ,2024,Planned TEFCA,12.8,102,16.598708354719538,-3.798708354719538,-1.6627430075379164,0.059409757911257355,0.0031087542623211193,FALSE,FALSE,FALSE,FALSE
450346,BAPTIST BEAUMONT HOSPITAL,MORT_30_PN,TX,2024,Neither current nor planned,21.2,438,17.215277804259852,3.984722195740147,1.7400613831055067,0.05453774897611036,0.003107867995946892,FALSE,FALSE,FALSE,FALSE
521357,MERCY WALWORTH HOSPITAL & MEDICAL CENTER,MORT_30_PN,WI,2024,Current TEFCA,18.3,61,16.081588684027988,2.2184113159720114,1.0164237509425704,0.14413500794733033,0.0031067101775235063,FALSE,FALSE,FALSE,FALSE
240001,NORTH MEMORIAL HEALTH HOSPITAL,MORT_30_PN,MN,2023,Planned TEFCA,16.1,291,14.71385685059647,1.386143149403532,0.6865296311348181,0.26828311298448654,0.0030887374356865873,FALSE,TRUE,FALSE,FALSE
110121,GRADY GENERAL HOSPITAL,MORT_30_PN,GA,2024,Current TEFCA,20.4,30,17.485960993995178,2.9140390060048196,1.2976520710539563,0.09293793608254933,0.003077282610025569,FALSE,FALSE,FALSE,FALSE
220060,BETH ISRAEL DEACONESS HOSPITAL PLYMOUTH,MORT_30_PN,MA,2023,Neither current nor planned,12.2,861,15.39032248322432,-3.1903224832243207,-1.4106787112561814,0.07953553610866039,0.003065306978374132,FALSE,FALSE,FALSE,FALSE
230022,INSIGHT HOSPITAL AND MEDICAL CENTER COLDWATER,MORT_30_PN,MI,2023,Planned TEFCA,19.7,152,15.669432684323704,4.030567315676295,1.7572256731786564,0.051363637389965355,0.002974720994352111,FALSE,FALSE,FALSE,FALSE
171344,WILSON MEDICAL CENTER,MORT_30_PN,KS,2024,Neither current nor planned,22.3,35,18.780314337420787,3.5196856625792132,1.5448423186416473,0.06516940205185696,0.002963761838714277,FALSE,FALSE,FALSE,FALSE
010148,EVERGREEN MEDICAL CENTER,MORT_30_PN,AL,2024,Neither current nor planned,21.3,77,18.72279386333524,2.57720613666476,1.1580535437916208,0.10968293029830682,0.0029485303552559765,FALSE,FALSE,FALSE,FALSE
070022,YALE-NEW HAVEN HOSPITAL,MORT_30_PN,CT,2024,Planned TEFCA,11.5,1425,14.054230402834852,-2.554230402834852,-1.1480699733256916,0.11024655253552135,0.002914764315482123,FALSE,FALSE,FALSE,FALSE
150005,HENDRICKS REGIONAL HEALTH,MORT_30_PN,IN,2024,Planned TEFCA,14.6,285,16.809647783508296,-2.209647783508296,-1.0082171135746332,0.13702913558745308,0.0028822019149551156,FALSE,FALSE,FALSE,FALSE
200008,NORTHERN LIGHT MERCY HOSPITAL,MORT_30_PN,ME,2023,Current TEFCA,13.7,128,16.022995237212104,-2.322995237212105,-1.0535700872613423,0.1264280630720484,0.0028681404870271017,FALSE,FALSE,FALSE,FALSE
420098,TIDELANDS WACCAMAW COMMUNITY HOSPITAL,MORT_30_PN,SC,2023,Planned TEFCA,18.5,455,16.370417688017994,2.1295823119820043,0.9750135013953799,0.14300964240220002,0.0028330872962260786,FALSE,FALSE,FALSE,FALSE
271345,CENTRAL MONTANA MEDICAL CENTER,MORT_30_PN,MT,2024,Neither current nor planned,13.6,48,15.569722543108629,-1.9697225431086294,-0.9107234149178751,0.1598560704254717,0.0028189638154023093,FALSE,FALSE,FALSE,FALSE
390258,ST MARY MEDICAL CENTER,MORT_30_PN,PA,2024,Planned TEFCA,19,824,15.244830538860091,3.755169461139909,1.6388978951601114,0.054035751221392966,0.0027317973091044246,FALSE,FALSE,FALSE,FALSE
220035,NORTH SHORE MEDICAL CENTER -,MORT_30_PN,MA,2023,Planned TEFCA,10.7,953,13.909813446776337,-3.2098134467763364,-1.4123874596756019,0.07049955033419436,0.002697145452273041,FALSE,FALSE,FALSE,FALSE
141326,HAMILTON MEMORIAL HOSPITAL,MORT_30_PN,IL,2024,Neither current nor planned,19.7,68,16.303955350659944,3.396044649340055,1.4889685049266121,0.06342777787870524,0.002675477967785555,FALSE,FALSE,FALSE,FALSE
451347,COLEMAN COUNTY MEDICAL CENTER COMPANY,MORT_30_PN,TX,2023,Neither current nor planned,21.4,62,17.442981225125003,3.957018774874996,1.7211733645776546,0.04717108223557619,0.0026099960412947,FALSE,FALSE,FALSE,FALSE
070005,WATERBURY HOSPITAL,MORT_30_PN,CT,2023,Planned TEFCA,12.8,323,15.092027504818999,-2.2920275048189986,-1.0354838124712762,0.11965411612583159,0.002602065724489989,FALSE,FALSE,FALSE,FALSE
040019,FORREST CITY MEDICAL CENTER,MORT_30_PN,AR,2024,Neither current nor planned,20.3,69,18.378948027105096,1.921051972894904,0.8860500775750649,0.1558012052208027,0.0025883156101348523,FALSE,FALSE,FALSE,FALSE
201300,NORTHERN LIGHT BLUE HILL MEMORIAL HOSPITAL,MORT_30_PN,ME,2023,Current TEFCA,14.2,28,16.363560428693802,-2.163560428693801,-0.9829804612914905,0.1297011201016733,0.0025715950545753897,FALSE,FALSE,FALSE,FALSE
171331,KIOWA DISTRICT HOSPITAL,MORT_30_PN,KS,2024,Neither current nor planned,15.5,37,18.596134861186133,-3.096134861186132,-1.36290283784945,0.07145291319085556,0.0025486456651913282,FALSE,FALSE,FALSE,FALSE
310060,ST LUKE'S WARREN HOSPITAL,MORT_30_PN,NJ,2023,Planned TEFCA,15.1,229,13.428914777238305,1.6710852227616955,0.7851179906409234,0.18664023263368174,0.0025275207934213353,FALSE,TRUE,FALSE,FALSE
171383,WILLIAM NEWTON HOSPITAL,MORT_30_PN,KS,2024,Neither current nor planned,21.7,129,18.488007704494724,3.211992295505275,1.4102143985925621,0.06637645948349702,0.0025204444563258176,FALSE,FALSE,FALSE,FALSE
381316,PEACE HARBOR MEDICAL CENTER,MORT_30_PN,OR,2023,Current TEFCA,13.7,39,17.20424085174021,-3.50424085174021,-1.5308946088638382,0.05646415387286106,0.0024986277423958347,FALSE,FALSE,FALSE,FALSE
110128,MEMORIAL HEALTH MEADOWS HOSPITAL,MORT_30_PN,GA,2024,Neither current nor planned,14.6,130,17.220727544059493,-2.6207275440594944,-1.1657998314121005,0.09152485924107329,0.002443511376225662,FALSE,FALSE,FALSE,FALSE
070010,BRIDGEPORT HOSPITAL,MORT_30_PN,CT,2024,Planned TEFCA,11.8,864,14.166350667745109,-2.366350667745108,-1.062061999212518,0.10792585006590599,0.0024363485475209306,FALSE,FALSE,FALSE,FALSE
161351,AVERA HOLY FAMILY HOSPITAL,MORT_30_PN,IA,2024,Neither current nor planned,22.1,72,17.46385986263248,4.636140137367524,2.0034436500012367,0.03288344851109301,0.002424322985364036,FALSE,FALSE,FALSE,FALSE
030006,TUCSON MEDICAL CENTER,MORT_30_PN,AZ,2023,Planned TEFCA,18.4,575,15.303195100845182,3.0968048991548174,1.360919098448083,0.06834959803286825,0.002422787639158687,FALSE,FALSE,FALSE,FALSE
281344,CHERRY COUNTY HOSPITAL,MORT_30_PN,NE,2023,Neither current nor planned,15.2,28,17.429509086700495,-2.2295090867004963,-1.0062879904703594,0.11808012258238876,0.0024209993424366663,FALSE,FALSE,FALSE,FALSE
010045,FAYETTE MEDICAL CENTER,MORT_30_PN,AL,2023,Planned TEFCA,15.9,68,18.16981206636234,-2.269812066362339,-1.0224340286567664,0.11449868701019754,0.0024135679682201973,FALSE,FALSE,FALSE,FALSE
030111,BANNER-UNIVERSITY MEDICAL CENTER SOUTH CAMPUS,MORT_30_PN,AZ,2024,Planned TEFCA,13.2,130,16.544354722268032,-3.344354722268034,-1.4621434688838326,0.05821789885078089,0.002355255235626433,FALSE,FALSE,FALSE,FALSE
130007,SAINT ALPHONSUS REGIONAL MEDICAL CENTER,MORT_30_PN,ID,2024,Current TEFCA,14.5,189,16.482205697220298,-1.9822056972202964,-0.9037396463478258,0.13599199160961753,0.0022963225118977,FALSE,FALSE,FALSE,FALSE
230099,PROMEDICA MONROE REGIONAL HOSPITAL,MORT_30_PN,MI,2023,Planned TEFCA,19.1,207,15.600227668469646,3.4997723315303544,1.5253183759353248,0.05200332790234938,0.002273812989357807,FALSE,FALSE,FALSE,FALSE
260141,UNIVERSITY OF MISSOURI HEALTH CARE,MORT_30_PN,MO,2024,Current TEFCA,14.6,382,15.810000082234316,-1.2100000822343162,-0.5970070185279093,0.2628253648320153,0.0022717207956475813,FALSE,TRUE,FALSE,FALSE
331313,SCHUYLER HOSPITAL,MORT_30_PN,NY,2023,Current TEFCA,19.5,41,16.501759540935627,2.9982404590643723,1.3173275420126072,0.06814772919812696,0.002263329682431501,FALSE,FALSE,FALSE,FALSE
181330,RUSSELL COUNTY HOSPITAL,MORT_30_PN,KY,2023,Neither current nor planned,17.4,59,19.378566623860973,-1.9785666238609727,-0.9010828674930181,0.13408500356407166,0.0022458910699450388,FALSE,FALSE,FALSE,FALSE
131327,GRITMAN MEDICAL CENTER,MORT_30_PN,ID,2024,Current TEFCA,18.7,60,16.739317629357554,1.9606823706424443,0.893406696234992,0.13501410821023374,0.0022255288937744135,FALSE,FALSE,FALSE,FALSE
050091,COMMUNITY HOSPITAL OF HUNTINGTON PARK,MORT_30_PN,CA,2023,Neither current nor planned,12.8,71,16.328753358826727,-3.528753358826726,-1.536508068733764,0.05016753196884345,0.002221411257206057,FALSE,FALSE,FALSE,FALSE
340171,NOVANT HEALTH MATTHEWS MEDICAL CENTER,MORT_30_PN,NC,2024,Neither current nor planned,12.7,329,16.777003353418444,-4.077003353418445,-1.7653793478671196,0.03827657233447949,0.002206848048095566,FALSE,FALSE,FALSE,FALSE
050122,DAMERON HOSPITAL,MORT_30_PN,CA,2024,Current TEFCA,19.7,125,16.42823253949119,3.2717674605088067,1.4293255749699474,0.056945899553875655,0.002198931724220991,FALSE,FALSE,FALSE,FALSE
111335,LIBERTY REGIONAL MEDICAL CENTER,MORT_30_PN,GA,2023,Neither current nor planned,15,27,17.4550702513789,-2.4550702513789004,-1.0923766821051488,0.09223194425906134,0.0021642980332004617,FALSE,FALSE,FALSE,FALSE
460044,INTERMOUNTAIN HEALTH ALTA VIEW HOSPITAL,MORT_30_PN,UT,2023,Planned TEFCA,11.7,89,15.353893409818292,-3.6538934098182936,-1.5876480307599643,0.04589106511919894,0.0021592434219662284,FALSE,FALSE,FALSE,FALSE
240014,NORTHFIELD HOSPITAL,MORT_30_PN,MN,2023,Planned TEFCA,14.7,46,15.871082624701438,-1.171082624701439,-0.5775315868144186,0.2621557089314815,0.0021186664867699086,FALSE,TRUE,FALSE,FALSE
390237,REGIONAL HOSPITAL OF SCRANTON,MORT_30_PN,PA,2024,Neither current nor planned,19.5,530,16.378843960907002,3.1211560390929995,1.364806807745815,0.05900674451126544,0.0020826545576075107,FALSE,FALSE,FALSE,FALSE
361330,HOCKING VALLEY COMMUNITY HOSPITAL,MORT_30_PN,OH,2023,Neither current nor planned,14,44,17.518741855798236,-3.5187418557982375,-1.529750273182919,0.047220977887945575,0.002066250933169862,FALSE,FALSE,FALSE,FALSE
330175,GUTHRIE CORTLAND REGIONAL MEDICAL CENTER,MORT_30_PN,NY,2023,Planned TEFCA,12.3,253,15.615150978928096,-3.315150978928094,-1.4448960364133792,0.05245182058886803,0.0020597866206132328,FALSE,FALSE,FALSE,FALSE
231319,ASPIRUS KEWEENAW HOSPITAL AND CLINICS,MORT_30_PN,MI,2024,Neither current nor planned,20.8,50,17.540460477099113,3.2595395229008868,1.4203935646717445,0.05221470543935298,0.001981267191611393,FALSE,FALSE,FALSE,FALSE
030065,BANNER DESERT MEDICAL CENTER,MORT_30_PN,AZ,2024,Planned TEFCA,19.3,593,16.204274848173288,3.095725151826712,1.3523694528384116,0.05722846126041742,0.001979618843293413,FALSE,FALSE,FALSE,FALSE
190151,RICHARDSON MEDICAL CENTER,MORT_30_PN,LA,2023,Neither current nor planned,16.9,54,18.939544240738876,-2.0395442407388757,-0.9192322619550586,0.11581301778395088,0.0019769380067275358,FALSE,FALSE,FALSE,FALSE
220019,UMASS MEMORIAL HEALTH - HARRINGTON HOSPITAL,MORT_30_PN,MA,2024,Current TEFCA,17.5,258,14.845552417054357,2.654447582945644,1.16917870620639,0.07336274500078965,0.0019313545717010625,FALSE,FALSE,FALSE,FALSE
370112,SEQUOYAH COUNTY-CITY OF SALLISAW HOSPITAL AUTHORIT,MORT_30_PN,OK,2024,Current TEFCA,14.3,67,17.03063665417356,-2.730636654173559,-1.2001002992302698,0.06916784273765526,0.0019096199816468003,FALSE,FALSE,FALSE,FALSE
230156,TRINITY HEALTH ANN ARBOR HOSPITAL,MORT_30_PN,MI,2024,Current TEFCA,12.7,749,16.126722700525548,-3.4267227005255476,-1.4884636781363783,0.045785924252146545,0.001894331218589061,FALSE,FALSE,FALSE,FALSE
140115,THOREK MEMORIAL HOSPITAL,MORT_30_PN,IL,2023,Neither current nor planned,13.4,38,16.144780038517904,-2.744780038517905,-1.2055201796855908,0.0679169369473038,0.0018894769422153727,FALSE,FALSE,FALSE,FALSE
110095,TIFT REGIONAL MEDICAL CENTER,MORT_30_PN,GA,2023,Neither current nor planned,19.3,237,16.968314691530466,2.3316853084695333,1.0355725706420928,0.08908207026673942,0.001872532302361991,FALSE,FALSE,FALSE,FALSE
250042,NORTHWEST MISSISSISSIPPI REGIONAL MEDICAL CENTER,MORT_30_PN,MS,2023,Neither current nor planned,18.1,45,19.42595536882288,-1.3259553688228791,-0.6305952125446693,0.2065014045874976,0.001849891013476676,FALSE,TRUE,FALSE,FALSE
171338,GREAT PLAINS OF SABETHA,MORT_30_PN,KS,2023,Neither current nor planned,15.7,45,18.434426062793488,-2.73442606279349,-1.2000747451911498,0.06654289496967379,0.0018319051112193985,FALSE,FALSE,FALSE,FALSE
220049,UMASS MEMORIAL HEALTHCARE-MARLBOROUGH HOSPITAL,MORT_30_PN,MA,2024,Current TEFCA,12.3,235,14.866475840818829,-2.5664758408188275,-1.1305601540464087,0.07371827516655267,0.0018156033684729983,FALSE,FALSE,FALSE,FALSE
030061,BANNER BOSWELL MEDICAL CENTER,MORT_30_PN,AZ,2024,Planned TEFCA,19,890,16.113291599360217,2.886708400639784,1.2618897615403226,0.05885480352631428,0.0017763646887104332,FALSE,FALSE,FALSE,FALSE
340050,SOUTHEASTERN REGIONAL MEDICAL CENTER,MORT_30_PN,NC,2023,Planned TEFCA,19.8,265,15.947463918590643,3.852536081409357,1.66432889398556,0.034398505858096735,0.001756688650479663,FALSE,FALSE,FALSE,FALSE
330277,CORNING HOSPITAL,MORT_30_PN,NY,2023,Planned TEFCA,18.7,221,15.645452831996504,3.054547168003494,1.331077345138434,0.052637270651494913,0.0017555454964416858,FALSE,FALSE,FALSE,FALSE
050468,MEMORIAL HOSPITAL OF GARDENA,MORT_30_PN,CA,2024,Planned TEFCA,12.8,174,15.875298679455293,-3.0752986794552926,-1.3396531209593507,0.0519387512281174,0.0017532787179303775,FALSE,FALSE,FALSE,FALSE
500050,PEACEHEALTH SOUTHWEST MEDICAL CENTER,MORT_30_PN,WA,2023,Current TEFCA,14.2,327,16.963540321752284,-2.763540321752283,-1.2101062837135967,0.062262148303810085,0.0017348041987748693,FALSE,FALSE,FALSE,FALSE
060009,LUTHERAN MEDICAL CENTER,MORT_30_PN,CO,2023,Planned TEFCA,18.3,209,16.100600794727182,2.1993992052728175,0.9765467485347094,0.08876026773138179,0.0016588956970753819,FALSE,FALSE,FALSE,FALSE
220010,MERRIMACK HEALTH LAWRENCE HOSPITAL,MORT_30_PN,MA,2023,Planned TEFCA,16.6,424,14.216745725669178,2.3832542743308247,1.0512806737511893,0.07651753519954309,0.0016349409492061651,FALSE,FALSE,FALSE,FALSE
131322,FRANKLIN COUNTY MEDICAL CENTER,MORT_30_PN,ID,2023,Neither current nor planned,19,46,17.31649571872745,1.683504281272552,0.7668020203232849,0.134642067847254,0.0016348402085437912,FALSE,FALSE,FALSE,FALSE
490053,JOHNSTON MEMORIAL HOSPITAL,MORT_30_PN,VA,2023,Planned TEFCA,19.9,363,17.147163712739005,2.7528362872609926,1.2029242414506929,0.05839668106709217,0.0016012923087957954,FALSE,FALSE,FALSE,FALSE
200039,MAINE GENERAL MEDICAL CENTER,MORT_30_PN,ME,2023,Planned TEFCA,13.9,298,15.480263926164938,-1.5802639261649363,-0.7242004916187988,0.14527314173175343,0.001593116458147279,FALSE,FALSE,FALSE,FALSE
040088,SOUTH ARKANSAS REGIONAL HOSPITAL LLC,MORT_30_PN,AR,2024,Neither current nor planned,19.9,186,18.328466865305163,1.5715331346948338,0.7206003157996659,0.14623179238069792,0.0015895221183827395,FALSE,FALSE,FALSE,FALSE
100002,BETHESDA HOSPITAL EAST,MORT_30_PN,FL,2023,Planned TEFCA,16.9,824,14.408169875932568,2.49183012406743,1.0948827935233343,0.06911155741196275,0.0015887293242617124,FALSE,FALSE,FALSE,FALSE
070016,SAINT MARY'S HOSPITAL,MORT_30_PN,CT,2024,Current TEFCA,16.9,279,15.023917274678697,1.8760827253213017,0.8421488728907679,0.10884790838781619,0.0015476688469699491,FALSE,FALSE,FALSE,FALSE
380004,PROVIDENCE ST VINCENT MEDICAL CENTER,MORT_30_PN,OR,2023,Planned TEFCA,13.4,281,16.28290508816952,-2.88290508816952,-1.2553383460653207,0.05153727999420708,0.0015275635878212845,FALSE,FALSE,FALSE,FALSE
370166,WAGONER COMMUNITY HOSPITAL,MORT_30_PN,OK,2024,Neither current nor planned,14.6,29,17.281627883683594,-2.681627883683593,-1.1716780641985935,0.05830970572301812,0.0015169781719555514,FALSE,FALSE,FALSE,FALSE
200033,NORTHERN LIGHT EASTERN MAINE MEDICAL CENTER,MORT_30_PN,ME,2023,Current TEFCA,14.2,272,15.854088744097766,-1.654088744097767,-0.7509241086152674,0.1289539889348121,0.0014918592313026737,FALSE,FALSE,FALSE,FALSE
431338,AVERA GREGORY HOSPITAL,MORT_30_PN,SD,2024,Neither current nor planned,14.8,51,16.959052158666548,-2.1590521586665474,-0.9558997605271857,0.08360656756325721,0.0014888823150643606,FALSE,FALSE,FALSE,FALSE
030002,BANNER - UNIVERSITY MEDICAL CENTER PHOENIX,MORT_30_PN,AZ,2024,Planned TEFCA,13.7,243,16.404185548542703,-2.704185548542704,-1.1803958674783586,0.05645898039114155,0.0014877915235386573,FALSE,FALSE,FALSE,FALSE
340003,NORTHERN REGIONAL HOSPITAL,MORT_30_PN,NC,2023,Neither current nor planned,14.2,277,17.395300027653693,-3.1953000276536936,-1.3841535538756162,0.04105692507938304,0.001462452257298257,FALSE,FALSE,FALSE,FALSE
050283,STANFORD HEALTH CARE TRI-VALLEY,MORT_30_PN,CA,2023,Planned TEFCA,11.8,356,14.681444508897032,-2.8814445088970313,-1.252750737109152,0.04859057894592524,0.0014298660156369385,FALSE,FALSE,FALSE,FALSE
340016,HARRIS REGIONAL HOSPITAL,MORT_30_PN,NC,2023,Neither current nor planned,14.3,179,17.493141216532848,-3.193141216532849,-1.3825790309276025,0.04017708535574456,0.0014265601759620402,FALSE,FALSE,FALSE,FALSE
010087,USA HEALTH UNIVERSITY HOSPITAL,MORT_30_PN,AL,2023,Planned TEFCA,16.4,47,18.127126280156286,-1.7271262801562892,-0.777675616550392,0.11448124953246419,0.0013971552526796814,FALSE,FALSE,FALSE,FALSE
501309,PROVIDENCE ST JOSEPH HOSPITAL,MORT_30_PN,WA,2023,Planned TEFCA,14.7,25,17.060852645234327,-2.360852645234326,-1.0360258041263692,0.06696532780717294,0.0013754659406930959,FALSE,FALSE,FALSE,FALSE
370016,INTEGRIS HEALTH ENID HOSPITAL,MORT_30_PN,OK,2023,Planned TEFCA,18,159,15.450174983403159,2.5498250165968415,1.1136935400291528,0.057857029827550185,0.0013595679287770426,FALSE,FALSE,FALSE,FALSE
190114,CLAIBORNE MEMORIAL MEDICAL CENTER,MORT_30_PN,LA,2024,Neither current nor planned,17.2,138,18.76796317607142,-1.567963176071421,-0.7120129238348997,0.12950067440405597,0.0013479212349177324,FALSE,FALSE,FALSE,FALSE
110032,STEPHENS COUNTY HOSPITAL,MORT_30_PN,GA,2023,Neither current nor planned,18.5,75,16.607723246050952,1.8922767539490464,0.8426067114480046,0.09438069976784529,0.0013219615012256551,FALSE,FALSE,FALSE,FALSE
431340,AVERA QUEEN OF PEACE,MORT_30_PN,SD,2024,Neither current nor planned,18.9,77,16.866735012818904,2.033264987181095,0.9001308482933623,0.0836133712522185,0.0013205773873782207,FALSE,FALSE,FALSE,FALSE
201313,NORTHERN LIGHT SEBASTICOOK VALLEY HOSPITAL,MORT_30_PN,ME,2023,Current TEFCA,17.8,50,16.233633694412617,1.5663663055873815,0.7103208857752356,0.12713285363385213,0.0013134266078707534,FALSE,FALSE,FALSE,FALSE
050334,SALINAS VALLEY MEMORIAL HOSPITAL,MORT_30_PN,CA,2023,Planned TEFCA,11.9,439,14.634483995026248,-2.734483995026248,-1.1891942484512037,0.04938621946028713,0.0013110099480297913,FALSE,FALSE,FALSE,FALSE
390173,INDIANA REGIONAL MEDICAL CENTER,MORT_30_PN,PA,2023,Neither current nor planned,19.3,126,16.536638020413168,2.7633619795868336,1.2011382586304236,0.04836572686219699,0.0013083705810192795,FALSE,FALSE,FALSE,FALSE
220030,BAYSTATE WING HOSPITAL,MORT_30_PN,MA,2024,Planned TEFCA,17.3,296,15.079809159265587,2.220190840734415,0.9764204517005094,0.07121051761684224,0.0013054126696054825,FALSE,FALSE,FALSE,FALSE
161357,PALO ALTO COUNTY HOSPITAL,MORT_30_PN,IA,2024,Neither current nor planned,21.2,48,17.680169826409212,3.519830173590785,1.5169263235966985,0.030509847149980215,0.001290191844373947,FALSE,FALSE,FALSE,FALSE
351319,PEMBINA COUNTY MEMORIAL HOSPITAL,MORT_30_PN,ND,2023,Neither current nor planned,14.9,32,15.60915033685686,-0.7091503368568594,-0.37040074456646266,0.3424552722751546,0.0012778725146813023,FALSE,TRUE,FALSE,FALSE
220077,BAYSTATE MEDICAL CENTER,MORT_30_PN,MA,2024,Planned TEFCA,17,893,14.832372029142535,2.167627970857465,0.9536262952828486,0.07190982002607753,0.0012584471597102847,FALSE,FALSE,FALSE,FALSE
370227,ST JOHN OWASSO,MORT_30_PN,OK,2023,Planned TEFCA,14.1,59,16.41618842680388,-2.3161884268038824,-1.0147718384906306,0.06399288187032062,0.0012571259328710402,FALSE,FALSE,FALSE,FALSE
491308,RAPPAHANNOCK GENERAL HOSPITAL,MORT_30_PN,VA,2024,Planned TEFCA,15.5,58,17.847693913137647,-2.347693913137648,-1.0277307581377846,0.06241110725375876,0.0012553868438582743,FALSE,FALSE,FALSE,FALSE
050780,FOOTHILL REGIONAL MEDICAL CENTER,MORT_30_PN,CA,2023,Planned TEFCA,12.5,148,15.00357782237482,-2.503577822374821,-1.092043369639481,0.055430847492169075,0.001249291653462166,FALSE,FALSE,FALSE,FALSE
460001,INTERMOUNTAIN HEALTH UTAH VALLEY HOSPITAL,MORT_30_PN,UT,2023,Planned TEFCA,17.7,321,15.06644029527655,2.6335597047234494,1.1458947988151038,0.050534204070326424,0.0012472995448637462,FALSE,FALSE,FALSE,FALSE
390329,JEFFERSON EINSTEIN MONTGOMERY HOSPITAL,MORT_30_PN,PA,2023,Planned TEFCA,13.1,312,15.916744360473997,-2.8167443604739972,-1.222036246570534,0.04468742524731856,0.0012463696237091603,FALSE,FALSE,FALSE,FALSE
171359,GREELEY COUNTY HEALTH SERVICES,MORT_30_PN,KS,2024,Neither current nor planned,16.4,37,18.642409509817906,-2.242409509817906,-0.9839699829094135,0.06698685601292625,0.0012413709246527442,FALSE,FALSE,FALSE,FALSE
450119,SOUTH TEXAS HEALTH SYSTEM,MORT_30_PN,TX,2023,Neither current nor planned,14.6,276,17.154642130259962,-2.5546421302599613,-1.1129162875511862,0.05297533051787488,0.0012367128569550766,FALSE,FALSE,FALSE,FALSE
220163,UMASS MEMORIAL MEDICAL CENTER/UNIVERSITY CAMPUS,MORT_30_PN,MA,2024,Current TEFCA,12.4,1077,14.5253451994108,-2.1253451994107997,-0.9356415812071349,0.07318866718236229,0.0012347464014133243,FALSE,FALSE,FALSE,FALSE
390125,WAYNE MEMORIAL HOSPITAL,MORT_30_PN,PA,2024,Neither current nor planned,19.4,251,16.8435079690987,2.5564920309012993,1.1135744477534533,0.05272161082292036,0.001231912731024061,FALSE,FALSE,FALSE,FALSE
101313,MARINERS HOSPITAL,MORT_30_PN,FL,2023,Planned TEFCA,12.2,45,14.315823061108954,-2.115823061108955,-0.9312319732959776,0.07276863820326712,0.0012155822801559848,FALSE,FALSE,FALSE,FALSE
110035,WELLSTAR KENNESTONE REGIONAL MEDICAL CENTER,MORT_30_PN,GA,2023,Neither current nor planned,14.9,994,16.600779198924112,-1.700779198924113,-0.761610678318102,0.10472256174232862,0.0012124909166037075,FALSE,FALSE,FALSE,FALSE
430014,AVERA ST LUKES,MORT_30_PN,SD,2024,Neither current nor planned,14.8,164,16.697315550991902,-1.8973155509919002,-0.8408574526168286,0.08576396112132288,0.0011850179667313094,FALSE,FALSE,FALSE,FALSE
040071,JEFFERSON REGIONAL MEDICAL CENTER,MORT_30_PN,AR,2023,Neither current nor planned,16.8,209,18.138221055909522,-1.338221055909523,-0.6145339207389882,0.14898240448395206,0.001181874229195741,FALSE,FALSE,FALSE,FALSE
060011,DENVER HEALTH & HOSPITAL AUTHORITY,MORT_30_PN,CO,2023,Planned TEFCA,14.6,46,16.43979171572553,-1.8397917157255292,-0.816506719889413,0.0883855531214111,0.0011549251771292776,FALSE,FALSE,FALSE,FALSE
161380,HANSEN FAMILY HOSPITAL,MORT_30_PN,IA,2024,Neither current nor planned,14.3,57,17.641661322712512,-3.3416613227125116,-1.4396544145767016,0.030238772319198953,0.0011519059757766309,FALSE,FALSE,FALSE,FALSE
330188,MOUNT ST. MARY'S HOSPITAL & HEALTH CENTER,MORT_30_PN,NY,2024,Neither current nor planned,19.5,111,17.249916341569666,2.250083658430336,0.984599860757012,0.06178939393393612,0.0011401663916769341,FALSE,FALSE,FALSE,FALSE
070031,GRIFFIN HOSPITAL,MORT_30_PN,CT,2023,Current TEFCA,17.2,153,15.738285321317775,1.4617146786822235,0.6626342194989425,0.12662940357856708,0.0011379424266505559,FALSE,FALSE,FALSE,FALSE
290049,RENOWN SOUTH MEADOWS MEDICAL CENTER,MORT_30_PN,NV,2023,Neither current nor planned,17.2,210,18.070268338468452,-0.8702683384684539,-0.4276666424757859,0.2571132418246023,0.0011319916467599088,FALSE,TRUE,FALSE,FALSE
370091,"SAINT FRANCIS HOSPITAL, INC",MORT_30_PN,OK,2023,Neither current nor planned,14.3,852,16.360045817625625,-2.060045817625624,-0.9060613540296848,0.07157094517756128,0.0011304483150474775,FALSE,FALSE,FALSE,FALSE
430016,AVERA MCKENNAN HOSPITAL & UNIVERSITY HEALTH CENTER,MORT_30_PN,SD,2024,Neither current nor planned,14.7,498,16.448420427986413,-1.7484204279864148,-0.7782907847075363,0.09394359828819523,0.001122292636530422,FALSE,FALSE,FALSE,FALSE
210019,"TIDALHEALTH PENINSULA REGIONAL, INC",MORT_30_PN,MD,2023,Planned TEFCA,17.7,681,16.267664549080198,1.4323354509198023,0.6500527670354036,0.12863357682563606,0.0011150640931020753,FALSE,FALSE,FALSE,FALSE
100135,TALLAHASSEE MEMORIAL HEALTHCARE,MORT_30_PN,FL,2024,Neither current nor planned,17.2,437,15.256578162098679,1.9434218379013213,0.857417753172265,0.0774403348889209,0.0011024784227708728,FALSE,FALSE,FALSE,FALSE
010092,DCH REGIONAL MEDICAL CENTER,MORT_30_PN,AL,2023,Planned TEFCA,16.2,588,17.686418636124852,-1.4864186361248526,-0.6711818009592798,0.11969809185251012,0.0010948733106060967,FALSE,FALSE,FALSE,FALSE
380061,PROVIDENCE PORTLAND MEDICAL CENTER,MORT_30_PN,OR,2023,Planned TEFCA,13.9,193,16.367084636644027,-2.4670846366440253,-1.0730145121198826,0.05001426507050013,0.0010821450228372818,FALSE,FALSE,FALSE,FALSE
231327,UNIVERSITY OF MICHIGAN HEALTH - SPARROW EATON,MORT_30_PN,MI,2023,Neither current nor planned,14.1,74,16.71635137055671,-2.6163513705567087,-1.1350245438689515,0.044907653956735114,0.0010811337373676595,FALSE,FALSE,FALSE,FALSE
030122,BANNER GATEWAY MEDICAL CENTER,MORT_30_PN,AZ,2024,Planned TEFCA,14,385,16.301067192099048,-2.3010671920990493,-1.004050147898522,0.056374637573011366,0.0010754761862084754,FALSE,FALSE,FALSE,FALSE
161323,MITCHELL COUNTY REGIONAL HEALTH,MORT_30_PN,IA,2024,Neither current nor planned,20.9,39,17.726698015479982,3.1733019845200165,1.3674375219861326,0.031028151260906644,0.00106761343918766,FALSE,FALSE,FALSE,FALSE
161313,GENESIS MEDICAL CENTER-DEWITT,MORT_30_PN,IA,2024,Current TEFCA,14.9,34,17.5223690889881,-2.622369088988098,-1.1366640717234961,0.043268840457082576,0.0010428952725459108,FALSE,FALSE,FALSE,FALSE
160040,"SARTORI MEMORIAL HOSPITAL, INC",MORT_30_PN,IA,2024,Neither current nor planned,14.8,25,17.826343985745968,-3.0263439857459686,-1.3051427234656388,0.03284047878267588,0.0010315908517126227,FALSE,FALSE,FALSE,FALSE
140135,DECATUR MEMORIAL HOSPITAL,MORT_30_PN,IL,2023,Neither current nor planned,17.6,460,15.539726138845147,2.0602738611548537,0.9034614164861263,0.06602059040925311,0.0010306527119241734,FALSE,FALSE,FALSE,FALSE
390035,ST LUKE'S HOSPITAL - UPPER BUCKS CAMPUS,MORT_30_PN,PA,2023,Planned TEFCA,12.6,228,15.071435742425596,-2.471435742425597,-1.073549062375054,0.04760765028049523,0.0010284927679042521,FALSE,FALSE,FALSE,FALSE
060030,BANNER NORTH CO MEDICAL CENTER - LOVELAND CAMPUS,MORT_30_PN,CO,2024,Planned TEFCA,15.5,80,17.223775114531904,-1.723775114531905,-0.7653528962166778,0.08931140482893359,0.0010265638897378985,FALSE,FALSE,FALSE,FALSE
460062,INTERMOUNTAIN HEALTH SPANISH FORK HOSPITAL,MORT_30_PN,UT,2023,Planned TEFCA,13,47,15.49696708060235,-2.4969670806023503,-1.0840591280873377,0.04655007206164259,0.0010242544411208853,FALSE,FALSE,FALSE,FALSE
500077,PROVIDENCE HOLY FAMILY HOSPITAL,MORT_30_PN,WA,2023,Planned TEFCA,18.8,261,16.535236537990777,2.2647634620092254,0.9876334568314378,0.055327687783855155,0.0010201957085872852,FALSE,FALSE,FALSE,FALSE
171354,"COMMUNITY HOSPITAL, ONAGA AND ST MARYS CAMPUS",MORT_30_PN,KS,2023,Current TEFCA,20.2,50,18.301196142804038,1.8988038571959625,0.8367500512853681,0.07532852823478453,0.0010190662536994702,FALSE,FALSE,FALSE,FALSE
341323,CHARLES A CANNON JR MEMORIAL HOSPITAL,MORT_30_PN,NC,2023,Neither current nor planned,14.6,30,17.149527156907688,-2.54952715690769,-1.1057071169125796,0.044450638119632256,0.001015193143846105,FALSE,FALSE,FALSE,FALSE
360234,MERCY HEALTH - WEST HOSPITAL,MORT_30_PN,OH,2024,Planned TEFCA,13.1,436,16.008361436285025,-2.908361436285026,-1.2550922026160922,0.03433566653817862,9.991886684425585e-4,FALSE,FALSE,FALSE,FALSE
521320,TOMAH MEMORIAL HOSPITAL,MORT_30_PN,WI,2024,Neither current nor planned,17.7,46,16.426179665449403,1.2738203345505958,0.5813998056121112,0.13858760474425805,9.722459781025348e-4,FALSE,FALSE,FALSE,FALSE
500041,PEACEHEALTH ST JOHN MEDICAL CENTER,MORT_30_PN,WA,2023,Current TEFCA,15,202,17.071478806849875,-2.0714788068498744,-0.9063467576916114,0.061827308886904506,9.670154290028025e-4,FALSE,FALSE,FALSE,FALSE
050782,CASA COLINA HOSPITAL,MORT_30_PN,CA,2024,Neither current nor planned,14.5,25,16.60131880527314,-2.101318805273143,-0.918404288856472,0.05975007173676436,9.573998443039992e-4,FALSE,FALSE,FALSE,FALSE
330162,NORTHERN WESTCHESTER HOSPITAL,MORT_30_PN,NY,2024,Planned TEFCA,14.5,303,16.60817889758679,-2.10817889758679,-0.9210653693072045,0.05905347726635565,9.51016738423837e-4,FALSE,FALSE,FALSE,FALSE
500072,OLYMPIC MEDICAL CENTER,MORT_30_PN,WA,2023,Neither current nor planned,19.2,316,17.20628113280358,1.9937188671964206,0.8737776028523933,0.0650406958052628,9.488230916432248e-4,FALSE,FALSE,FALSE,FALSE
501312,PROSSER MEMORIAL HOSPITAL,MORT_30_PN,WA,2023,Neither current nor planned,19.9,70,17.99071398278891,1.9092860172110862,0.8387616217525629,0.06956470279504785,9.39758381998459e-4,FALSE,FALSE,FALSE,FALSE
531302,MEMORIAL HOSPITAL OF CONVERSE COUNTY,MORT_30_PN,WY,2024,Neither current nor planned,19.2,57,17.9385316515396,1.2614683484603997,0.5745717372118242,0.13502661502111482,9.213491779379914e-4,FALSE,FALSE,FALSE,FALSE
340060,UNC ROCKINGHAM,MORT_30_PN,NC,2023,Planned TEFCA,13.7,56,16.295771667661576,-2.5957716676615785,-1.1227837804061456,0.039309384798189025,9.20703452175632e-4,FALSE,FALSE,FALSE,FALSE
330160,STATEN ISLAND UNIVERSITY HOSPITAL,MORT_30_PN,NY,2024,Neither current nor planned,14.9,926,16.8208365391198,-1.9208365391198001,-0.8424541106966889,0.06650003954497175,9.032994750980187e-4,FALSE,FALSE,FALSE,FALSE
431306,PLATTE HEALTH CENTER,MORT_30_PN,SD,2024,Neither current nor planned,15.3,47,16.977354713550678,-1.6773547135506786,-0.7424372174023024,0.08370284012350246,8.998600789841193e-4,FALSE,FALSE,FALSE,FALSE
360035,MOUNT CARMEL EAST & WEST,MORT_30_PN,OH,2024,Current TEFCA,18.6,522,16.321389122895894,2.278610877104109,0.9902619046962107,0.04880141428490811,8.984377548676231e-4,FALSE,FALSE,FALSE,FALSE
010149,BAPTIST MEDICAL CENTER EAST,MORT_30_PN,AL,2024,Current TEFCA,16.3,253,17.649017637336176,-1.3490176373361764,-0.6087766247855887,0.11877151786765108,8.929520862413705e-4,FALSE,FALSE,FALSE,FALSE
360156,MEMORIAL HOSPITAL,MORT_30_PN,OH,2023,Planned TEFCA,18.2,94,15.890880087993038,2.309119912006962,1.0024730442553618,0.04677157505144388,8.805188224710036e-4,FALSE,FALSE,FALSE,FALSE
230069,TRINITY HEALTH LIVINGSTON HOSPITAL,MORT_30_PN,MI,2024,Current TEFCA,13.9,211,16.410607559178445,-2.5106075591784447,-1.08617316440452,0.039845337508170396,8.739979797994028e-4,FALSE,FALSE,FALSE,FALSE
050496,JOHN MUIR MEDICAL CENTER - CONCORD CAMPUS,MORT_30_PN,CA,2024,Planned TEFCA,12.7,350,14.677646730316992,-1.9776467303169925,-0.8649009793726293,0.061099309587991577,8.696651405047989e-4,FALSE,FALSE,FALSE,FALSE
100314,WEST KENDALL BAPTIST HOSPITAL,MORT_30_PN,FL,2023,Planned TEFCA,12,251,13.930673515470875,-1.9306735154708756,-0.8454291618765467,0.06353181924918697,8.663244346006843e-4,FALSE,FALSE,FALSE,FALSE
070007,LAWRENCE & MEMORIAL HOSPITAL,MORT_30_PN,CT,2024,Planned TEFCA,15.7,495,14.29116755664791,1.4088324433520898,0.6314988427504352,0.10676830930688616,8.520997805950175e-4,FALSE,FALSE,FALSE,FALSE
060001,BANNER NORTH COLORADO MEDICAL CENTER,MORT_30_PN,CO,2024,Planned TEFCA,18.6,170,17.05486862141757,1.5451313785824319,0.686417116621268,0.0905056961220961,8.380393587378986e-4,FALSE,FALSE,FALSE,FALSE
231320,MERCY HEALTH LAKESHORE CAMPUS,MORT_30_PN,MI,2024,Current TEFCA,14.5,36,16.806860073700477,-2.306860073700478,-1.0003222480209437,0.04454814310831653,8.331287826791461e-4,FALSE,FALSE,FALSE,FALSE
261332,CARROLL COUNTY MEMORIAL HOSPITAL,MORT_30_PN,MO,2024,Planned TEFCA,15.1,39,15.842502280023911,-0.742502280023911,-0.365224665075768,0.25857901537805444,8.31987416995493e-4,FALSE,TRUE,FALSE,FALSE
340114,REX HOSPITAL,MORT_30_PN,NC,2023,Planned TEFCA,13.2,647,15.747444871821322,-2.5474448718213236,-1.1004345254167769,0.03686663514881614,8.274235526710174e-4,FALSE,FALSE,FALSE,FALSE
110027,"TY COBB REGIONAL MEDICAL CENTER, LLC",MORT_30_PN,GA,2024,Current TEFCA,14.8,141,16.395314241960147,-1.5953142419601454,-0.706370026161114,0.08442405601662384,8.222948990170071e-4,FALSE,FALSE,FALSE,FALSE
501326,PROVIDENCE MOUNT CARMEL HOSPITAL,MORT_30_PN,WA,2023,Planned TEFCA,18.8,67,16.839949107729865,1.9600508922701358,0.8561597830511383,0.05882872057768354,8.185484913624544e-4,FALSE,FALSE,FALSE,FALSE
110079,GRADY MEMORIAL HOSPITAL,MORT_30_PN,GA,2023,Neither current nor planned,14.9,106,16.404749311216353,-1.5047493112163537,-0.6691042531446894,0.09224568764187294,8.131962788440648e-4,FALSE,FALSE,FALSE,FALSE
370228,"BAILEY MEDICAL CENTER, LLC",MORT_30_PN,OK,2024,Neither current nor planned,14.7,47,16.601290648231974,-1.9012906482319727,-0.8315023404119802,0.06118031209504368,8.050113065458831e-4,FALSE,FALSE,FALSE,FALSE
531306,WASHAKIE MEDICAL CENTER,MORT_30_PN,WY,2024,Planned TEFCA,18.5,44,17.282643906648154,1.2173560933518461,0.5523805238910274,0.12847839877717682,8.042049030611027e-4,FALSE,FALSE,FALSE,FALSE
380005,ASANTE ASHLAND COMMUNITY HOSPITAL,MORT_30_PN,OR,2023,Neither current nor planned,15.4,53,17.370581393118876,-1.970581393118877,-0.8598578094725539,0.05684320860884117,7.960808781786609e-4,FALSE,FALSE,FALSE,FALSE
520071,FORT MEMORIAL HOSPITAL,MORT_30_PN,WI,2023,Neither current nor planned,15.6,63,16.763725764694456,-1.1637257646944565,-0.5301083329743004,0.13528423600109452,7.860666751942715e-4,FALSE,FALSE,FALSE,FALSE
371303,ROGER MILLS MEMORIAL HOSPITAL,MORT_30_PN,OK,2024,Planned TEFCA,14.8,47,16.63126299972306,-1.8312629997230576,-0.8019313329930916,0.06372672850486916,7.821237241644487e-4,FALSE,FALSE,FALSE,FALSE
030016,BANNER CASA GRANDE MEDICAL CENTER,MORT_30_PN,AZ,2024,Planned TEFCA,14.4,295,16.36073298251737,-1.96073298251737,-0.8553076814339408,0.056298430399316673,7.796891415417784e-4,FALSE,FALSE,FALSE,FALSE
460006,LDS HOSPITAL,MORT_30_PN,UT,2023,Planned TEFCA,17.5,107,15.3126192427859,2.1873807572141004,0.9491852962130818,0.04606782791320349,7.770861408891177e-4,FALSE,FALSE,FALSE,FALSE
371330,MANGUM REGIONAL MEDICAL CENTER,MORT_30_PN,OK,2024,Neither current nor planned,15.4,42,17.244908531312046,-1.8449085313120464,-0.8072478488575043,0.062183408992196036,7.720510664720158e-4,FALSE,FALSE,FALSE,FALSE
340017,PARDEE HOSPITAL HENDERSON COUNTY,MORT_30_PN,NC,2023,Planned TEFCA,13.4,270,15.943275352998302,-2.5432753529983025,-1.0972285757313234,0.034410640529944636,7.658650027336794e-4,FALSE,FALSE,FALSE,FALSE
500003,SKAGIT VALLEY HOSPITAL,MORT_30_PN,WA,2023,Neither current nor planned,19,239,17.14340974084397,1.8565902591560295,0.811810688149178,0.06090349494267851,7.63680228411458e-4,FALSE,FALSE,FALSE,FALSE
050204,PALMDALE REGIONAL MEDICAL CENTER,MORT_30_PN,CA,2024,Neither current nor planned,18.4,182,16.32821452546459,2.071785474535411,0.9005764554253747,0.04950230427185476,7.54519540179109e-4,FALSE,FALSE,FALSE,FALSE
270014,ST. PATRICK HOSPITAL,MORT_30_PN,MT,2023,Planned TEFCA,14.8,230,13.722185542956042,1.0778144570439585,0.49371633799284553,0.1449212305365114,7.386954435083519e-4,FALSE,FALSE,FALSE,FALSE
151332,DECATUR COUNTY MEMORIAL HOSPITAL,MORT_30_PN,IN,2023,Current TEFCA,19.1,124,18.054696624360428,1.045303375639572,0.4805820086370875,0.15118488076139577,7.355708313593838e-4,FALSE,FALSE,FALSE,FALSE
340061,UNC HOSPITALS,MORT_30_PN,NC,2023,Planned TEFCA,13.4,368,15.873885983588155,-2.473885983588154,-1.0674797492707877,0.034857841760365035,7.347421019550982e-4,FALSE,FALSE,FALSE,FALSE
381306,WALLOWA MEMORIAL HOSPITAL,MORT_30_PN,OR,2023,Neither current nor planned,19.1,40,17.26191349763636,1.8380865023636423,0.8031711271400467,0.05964297807353549,7.310773239089238e-4,FALSE,FALSE,FALSE,FALSE
281329,AVERA ST ANTHONY'S HOSPITAL,MORT_30_PN,NE,2024,Neither current nor planned,18.4,90,17.20653812051181,1.19346187948819,0.539722411220115,0.12262484795121557,7.279181847994673e-4,FALSE,FALSE,FALSE,FALSE
051316,FAIRCHILD MEDICAL CENTER,MORT_30_PN,CA,2023,Neither current nor planned,18.4,112,16.398339935428584,2.0016600645714147,0.8704990795874806,0.05047506227849898,7.196186450207662e-4,FALSE,FALSE,FALSE,FALSE
500054,PROV SACRED HRT MED CTR & CHILDS HOSP.,MORT_30_PN,WA,2023,Planned TEFCA,18.3,409,16.434580199437796,1.8654198005622058,0.8136120715413595,0.05613858394546027,7.034865480202926e-4,FALSE,FALSE,FALSE,FALSE
390068,UPMC LITITZ,MORT_30_PN,PA,2023,Planned TEFCA,17.6,81,15.475064427299289,2.124935572700713,0.9211163462478525,0.04414162063493776,6.998586740196662e-4,FALSE,FALSE,FALSE,FALSE
160079,MERCY MEDICAL CENTER - CEDAR RAPIDS,MORT_30_PN,IA,2023,Neither current nor planned,14.9,508,16.987377510691807,-2.087377510691809,-0.905434099596151,0.04545232318590767,6.973013103654672e-4,FALSE,FALSE,FALSE,FALSE
070036,JOHN DEMPSEY HOSPITAL OF THE UNIVERSITY OF CONNECT,MORT_30_PN,CT,2024,Planned TEFCA,13.1,344,14.372714508819081,-1.272714508819081,-0.5704660919754005,0.1068234638430549,6.958436690112361e-4,FALSE,FALSE,FALSE,FALSE
070002,ST FRANCIS HOSPITAL & MEDICAL CENTER,MORT_30_PN,CT,2024,Current TEFCA,16.2,397,14.944878157068949,1.2551218429310498,0.5631286848954814,0.10857427964321954,6.905355723247483e-4,FALSE,FALSE,FALSE,FALSE
360012,MOUNT CARMEL ST ANN'S,MORT_30_PN,OH,2024,Current TEFCA,18.5,276,16.464188955524406,2.035811044475595,0.8837077754262322,0.04690217879988303,6.865159658807892e-4,FALSE,FALSE,FALSE,FALSE
450229,HENDRICK MEDICAL CENTER,MORT_30_PN,TX,2024,Neither current nor planned,19,790,17.208563891026937,1.7914361089730624,0.7824644922017215,0.058922114374959235,6.849951228590261e-4,FALSE,FALSE,FALSE,FALSE
231332,BRONSON LAKEVIEW HOSPITAL,MORT_30_PN,MI,2023,Current TEFCA,14.4,47,16.58299279768734,-2.182992797687337,-0.9448071612560854,0.04107927897834166,6.829983531926193e-4,FALSE,FALSE,FALSE,FALSE
160153,MERCYONE SIOUXLAND MEDICAL CENTER,MORT_30_PN,IA,2024,Neither current nor planned,14.9,283,17.28259373016071,-2.3825937301607074,-1.0278726822501425,0.03459448254013604,6.759972357139242e-4,FALSE,FALSE,FALSE,FALSE
380050,SKY LAKES MEDICAL CENTER,MORT_30_PN,OR,2023,Current TEFCA,18.6,252,16.786134038582126,1.8138659614178743,0.791378138469582,0.05679715232940276,6.738828164856738e-4,FALSE,FALSE,FALSE,FALSE
150072,MEMORIAL HOSPITAL,MORT_30_PN,IN,2023,Neither current nor planned,19.2,83,18.128820124511247,1.0711798754887512,0.48813615035943186,0.13600380921965416,6.706715311880349e-4,FALSE,FALSE,FALSE,FALSE
231322,CHARLEVOIX AREA HOSPITAL,MORT_30_PN,MI,2023,Neither current nor planned,19.4,39,17.432015466913946,1.9679845330860515,0.8549910659035656,0.048601829560881576,6.671584654475753e-4,FALSE,FALSE,FALSE,FALSE
431319,HANS P PETERSON MEMORIAL HOSPITAL - CAH,MORT_30_PN,SD,2023,Planned TEFCA,14.3,36,15.540673134033835,-1.2406731340338348,-0.5558804289037965,0.10612965454920621,6.55933923741607e-4,FALSE,FALSE,FALSE,FALSE
210016,ADVENTIST HEALTHCARE WHITE OAK MEDICAL CENTER,MORT_30_PN,MD,2023,Neither current nor planned,16.6,521,17.659983916203373,-1.0599839162033728,-0.48279629105693433,0.13516006713859166,6.51378059617143e-4,FALSE,FALSE,FALSE,FALSE
210004,HOLY CROSS HOSPITAL,MORT_30_PN,MD,2024,Planned TEFCA,15.6,458,16.646129533605883,-1.0461295336058827,-0.477097768976863,0.13738492427678514,6.482366206277294e-4,FALSE,FALSE,FALSE,FALSE
490041,MARY IMMACULATE HOSPITAL,MORT_30_PN,VA,2024,Planned TEFCA,19.4,146,17.640829809650977,1.7591701903490224,0.7679228934395985,0.057859632474014676,6.471691484536717e-4,FALSE,FALSE,FALSE,FALSE
450241,FAITH COMMUNITY HOSPITAL,MORT_30_PN,TX,2024,Planned TEFCA,19,37,17.306062588043865,1.6939374119561337,0.7409753094488983,0.06180830032159735,6.464217983586374e-4,FALSE,FALSE,FALSE,FALSE
270049,INTERMOUNTAIN HEALTH ST VINCENT REGIONAL HOSPITAL,MORT_30_PN,MT,2023,Planned TEFCA,14.6,394,13.601568708954415,0.9984312910455836,0.4578305559865536,0.14675439575955532,6.446693332908063e-4,FALSE,FALSE,FALSE,FALSE
140082,LOUIS A WEISS MEMORIAL HOSPITAL,MORT_30_PN,IL,2023,Neither current nor planned,14.9,178,16.542619868759328,-1.6426198687593272,-0.7197247432132579,0.0649773920344907,6.433537563608505e-4,FALSE,FALSE,FALSE,FALSE
370008,NORMAN REGIONAL,MORT_30_PN,OK,2024,Planned TEFCA,14.7,328,16.321354853431668,-1.6213548534316677,-0.710930654815883,0.06637391358976726,6.421925557324121e-4,FALSE,FALSE,FALSE,FALSE
360259,BAY PARK COMMUNITY HOSPITAL,MORT_30_PN,OH,2023,Planned TEFCA,17.8,122,15.83245609479425,1.967543905205751,0.853760230617603,0.04628736938886511,6.320245391979643e-4,FALSE,FALSE,FALSE,FALSE
390057,ST LUKE'S HOSPITAL - GRAND VIEW CAMPUS,MORT_30_PN,PA,2023,Neither current nor planned,14.7,394,16.578349307123624,-1.8783493071236232,-0.8166441177314026,0.05009402531179864,6.283983779657186e-4,FALSE,FALSE,FALSE,FALSE
160069,MERCYONE DUBUQUE MEDICAL CENTER,MORT_30_PN,IA,2024,Neither current nor planned,15,176,17.389024241338642,-2.3890242413386433,-1.0292710091374084,0.032006939784278196,6.254583912530647e-4,FALSE,FALSE,FALSE,FALSE
460061,INTERMOUNTAIN HEALTH LAYTON HOSPITAL,MORT_30_PN,UT,2023,Planned TEFCA,13.5,57,15.453740892449296,-1.9537408924492972,-0.8476989635464544,0.046142863105111336,6.210541234024796e-4,FALSE,FALSE,FALSE,FALSE
510024,MON HEALTH MEDICAL CENTER,MORT_30_PN,WV,2024,Neither current nor planned,17.2,170,16.570196246833522,0.6298037531664763,0.3108207909673924,0.2635352154469063,6.183050885083852e-4,FALSE,TRUE,FALSE,FALSE
390332,GEISINGER ST. LUKE'S  HOSPITAL,MORT_30_PN,PA,2023,Planned TEFCA,13.2,193,15.108780182544546,-1.9087801825445465,-0.8289172319807713,0.047865360258412794,6.171547567739136e-4,FALSE,FALSE,FALSE,FALSE
140133,HOLY CROSS HOSPITAL,MORT_30_PN,IL,2024,Neither current nor planned,17.8,72,16.119419906542973,1.680580093457026,0.7343309987994391,0.05977536891958148,6.126819582948879e-4,FALSE,FALSE,FALSE,FALSE
371336,NEWMAN MEMORIAL HOSPITAL,MORT_30_PN,OK,2023,Neither current nor planned,15.4,29,17.11750722107786,-1.7175072210778628,-0.7495579719994495,0.05745799224446889,6.12073820614574e-4,FALSE,FALSE,FALSE,FALSE
511311,HAMPSHIRE MEMORIAL HOSPITAL,MORT_30_PN,WV,2024,Planned TEFCA,14.8,39,15.442337451696222,-0.6423374516962206,-0.31532925395856437,0.25567651797831026,6.108738525313165e-4,FALSE,TRUE,FALSE,FALSE
220065,BAYSTATE NOBLE HOSPITAL,MORT_30_PN,MA,2024,Planned TEFCA,13.7,175,15.197580576514786,-1.4975805765147874,-0.6589427272504106,0.07295154569040493,6.107559017722047e-4,FALSE,FALSE,FALSE,FALSE
450656,NACOGDOCHES MEDICAL CENTER,MORT_30_PN,TX,2024,Neither current nor planned,15.5,290,17.307675215796472,-1.8076752157964726,-0.7867613107595794,0.052210005652069014,6.092954758173094e-4,FALSE,FALSE,FALSE,FALSE
340158,NOVANT HEALTH BRUNSWICK MEDICAL CENTER,MORT_30_PN,NC,2024,Neither current nor planned,18.9,343,16.767665263315507,2.13233473668449,0.921546137126117,0.03836957917628841,6.052559361117817e-4,FALSE,FALSE,FALSE,FALSE
231326,UNIVERSITY OF MICHIGAN HEALTH- SPARROW CLINTON,MORT_30_PN,MI,2023,Neither current nor planned,14.8,65,16.745409802167828,-1.9454098021678259,-0.8436631578016063,0.045201850119670775,6.020227704444937e-4,FALSE,FALSE,FALSE,FALSE
080006,"TIDALHEALTH NANTICOKE, INC.",MORT_30_PN,DE,2024,Planned TEFCA,15.2,357,14.70433813547154,0.49566186452846006,0.25729063804958724,0.33432596530733233,5.946693163654751e-4,FALSE,TRUE,FALSE,FALSE
161329,JACKSON COUNTY REGIONAL HEALTH CENTER,MORT_30_PN,IA,2024,Current TEFCA,19.5,34,17.522369088988096,1.9776309110119026,0.8567862676740597,0.043268840457082576,5.931213374288161e-4,FALSE,FALSE,FALSE,FALSE
420027,ANMED HEALTH,MORT_30_PN,SC,2024,Current TEFCA,17.1,836,16.133176898006486,0.9668231019935154,0.4425567902079737,0.14376526229772285,5.880577229685057e-4,FALSE,FALSE,FALSE,FALSE
171333,CLARA BARTON HOSPITAL,MORT_30_PN,KS,2024,Planned TEFCA,19.5,56,17.961101199929843,1.5388988000701582,0.6750522194076934,0.06722041325762222,5.869767221247672e-4,FALSE,FALSE,FALSE,FALSE
050254,MARSHALL MEDICAL CENTER,MORT_30_PN,CA,2024,Planned TEFCA,16.7,349,14.850015167795888,1.8499848322041108,0.8035727966527904,0.04838029260049757,5.865912983864214e-4,FALSE,FALSE,FALSE,FALSE
390174,THOMAS JEFFERSON UNIVERSITY HOSPITAL,MORT_30_PN,PA,2023,Current TEFCA,13.8,307,15.655318956238126,-1.855318956238125,-0.8056918028585894,0.04790694002235297,5.836257456029729e-4,FALSE,FALSE,FALSE,FALSE
460007,CEDAR CITY HOSPITAL,MORT_30_PN,UT,2023,Planned TEFCA,17.3,70,15.407704650304531,1.892295349695469,0.8209053207274903,0.04590732108212497,5.793437322508314e-4,FALSE,FALSE,FALSE,FALSE
450678,WHITE ROCK MEDICAL CENTER,MORT_30_PN,TX,2023,Planned TEFCA,18.5,120,16.752840581515198,1.747159418484803,0.7606616368304552,0.05287180751235269,5.772040132073278e-4,FALSE,FALSE,FALSE,FALSE
160080,MERCYONE CLINTON MEDICAL CENTER,MORT_30_PN,IA,2024,Neither current nor planned,19.5,272,17.291477412744566,2.208522587255435,0.9525258106109199,0.03433671837116557,5.761939393168307e-4,FALSE,FALSE,FALSE,FALSE
230259,CHELSEA HOSPITAL,MORT_30_PN,MI,2024,Current TEFCA,14.4,187,16.43766532033837,-2.037665320338367,-0.881179147293868,0.03968479586077312,5.732180986339901e-4,FALSE,FALSE,FALSE,FALSE
380021,HILLSBORO MEDICAL CENTER,MORT_30_PN,OR,2023,Neither current nor planned,18.5,119,16.89215708307642,1.6078429169235822,0.7029413535490329,0.060900085416593426,5.72715818161416e-4,FALSE,FALSE,FALSE,FALSE
460021,ST. GEORGE REGIONAL HOSPITAL,MORT_30_PN,UT,2023,Planned TEFCA,16.6,625,14.91713227656394,1.6828677234360614,0.7338933671714282,0.05609025924950908,5.719843135902172e-4,FALSE,FALSE,FALSE,FALSE
030093,BANNER DEL E. WEBB MEDICAL CENTER,MORT_30_PN,AZ,2024,Planned TEFCA,17.7,1045,16.077315119607203,1.6226848803927973,0.7089894413931885,0.059718124364452826,5.705793542940607e-4,FALSE,FALSE,FALSE,FALSE
291308,HUMBOLDT GENERAL HOSPITAL,MORT_30_PN,NV,2023,Neither current nor planned,19.7,48,19.09858364356927,0.6014163564307273,0.29707751603064053,0.2648665401509437,5.687256733525966e-4,FALSE,TRUE,FALSE,FALSE
500129,TACOMA GENERAL ALLENMORE HOSPITAL,MORT_30_PN,WA,2023,Neither current nor planned,15.4,574,16.947076978467365,-1.5470769784673661,-0.6774220869408849,0.06385910040489702,5.595280315278553e-4,FALSE,FALSE,FALSE,FALSE
340015,NOVANT HEALTH ROWAN MEDICAL CENTER,MORT_30_PN,NC,2024,Neither current nor planned,18.9,251,16.837640949052552,2.0623590509474474,0.8910332208204625,0.03787721807050587,5.583458296350445e-4,FALSE,FALSE,FALSE,FALSE
050093,SAINT AGNES MEDICAL CENTER,MORT_30_PN,CA,2024,Current TEFCA,17.5,938,15.976610096808516,1.5233899031914844,0.6674626948161039,0.06503773273042646,5.539327152716641e-4,FALSE,FALSE,FALSE,FALSE
230017,BRONSON METHODIST HOSPITAL,MORT_30_PN,MI,2023,Current TEFCA,18,465,16.069422154480765,1.9305778455192355,0.8359573662781018,0.04231184045848456,5.516275673499175e-4,FALSE,FALSE,FALSE,FALSE
161334,HUMBOLDT COUNTY MEMORIAL HOSPITAL,MORT_30_PN,IA,2024,Neither current nor planned,15.3,64,17.615705528545455,-2.315705528545452,-0.9966631327706079,0.030136738305178976,5.511877281668255e-4,FALSE,FALSE,FALSE,FALSE
360163,CHRIST HOSPITAL,MORT_30_PN,OH,2023,Planned TEFCA,13.7,506,15.685423613460104,-1.9854236134601055,-0.8585450637244392,0.03965586622355438,5.43773045232672e-4,FALSE,FALSE,FALSE,FALSE
460010,INTERMOUNTAIN MEDICAL CENTER,MORT_30_PN,UT,2023,Planned TEFCA,16.8,325,15.0636652538073,1.7363347461927003,0.7550454019161391,0.05061786224813997,5.431830934808925e-4,FALSE,FALSE,FALSE,FALSE
390183,ST LUKE'S MINERS MEMORIAL HOSPITAL,MORT_30_PN,PA,2023,Planned TEFCA,13.4,148,15.168268934318442,-1.7682689343184423,-0.7681107367752973,0.04855363963076701,5.380311887815704e-4,FALSE,FALSE,FALSE,FALSE
380051,SALEM HOSPITAL,MORT_30_PN,OR,2023,Neither current nor planned,18,501,16.570043486547387,1.429956513452612,0.6280817020345696,0.06974787547835236,5.287287767889735e-4,FALSE,FALSE,FALSE,FALSE
041330,PIGGOTT COMMUNITY HOSPITAL,MORT_30_PN,AR,2023,Neither current nor planned,19,129,18.120892749641886,0.8791072503581131,0.4041802739806581,0.15131662116289932,5.208787143947911e-4,FALSE,FALSE,FALSE,FALSE
171362,CITIZENS MEDICAL CENTER,MORT_30_PN,KS,2024,Current TEFCA,19,73,17.636649852003025,1.3633501479969745,0.6003880413476099,0.07463668870162415,5.19756913165639e-4,FALSE,FALSE,FALSE,FALSE
340024,SAMPSON REGIONAL MEDICAL CENTER,MORT_30_PN,NC,2024,Planned TEFCA,18.8,168,17.083032282093672,1.7169677179063285,0.746191195130149,0.04953914979968083,5.186351982444583e-4,FALSE,FALSE,FALSE,FALSE
190176,EAST JEFFERSON GENERAL HOSPITAL,MORT_30_PN,LA,2023,Current TEFCA,19.4,317,18.433317453099995,0.9666825469000028,0.4389172621903463,0.1297644444738825,5.136975155656039e-4,FALSE,FALSE,FALSE,FALSE
490097,BON SECOURS SOUTHERN VIRGINIA MEDICAL CENTER,MORT_30_PN,VA,2024,Planned TEFCA,16.4,50,17.880952125362498,-1.4809521253625002,-0.6483313736457423,0.063527926181794,5.097000781735773e-4,FALSE,FALSE,FALSE,FALSE
360236,MERCY HEALTH - CLERMONT HOSPITAL,MORT_30_PN,OH,2024,Planned TEFCA,14,276,16.110820877403793,-2.110820877403792,-0.9097980303452005,0.03321903605222779,5.080322146203486e-4,FALSE,FALSE,FALSE,FALSE
450539,COVENANT HOSPITAL PLAINVIEW,MORT_30_PN,TX,2023,Planned TEFCA,14.6,55,16.183793604122513,-1.5837936041225151,-0.6906062845771276,0.05596987348717109,5.054025536192967e-4,FALSE,FALSE,FALSE,FALSE
231331,SPARROW IONIA HOSPITAL,MORT_30_PN,MI,2023,Neither current nor planned,15,59,16.767112079190024,-1.7671120791900232,-0.766367415673337,0.04547468745250205,5.000122674588386e-4,FALSE,FALSE,FALSE,FALSE
360068,PROMEDICA TOLEDO HOSPITAL,MORT_30_PN,OH,2023,Planned TEFCA,13.8,718,15.435282754634954,-1.6352827546349538,-0.7114766488846372,0.0517206176591306,4.934401056701031e-4,FALSE,FALSE,FALSE,FALSE
390113,MEADVILLE MEDICAL CENTER,MORT_30_PN,PA,2023,Neither current nor planned,14.9,179,16.62968933724328,-1.7296893372432824,-0.7505857166689739,0.04665340622148225,4.926920795340343e-4,FALSE,FALSE,FALSE,FALSE
161348,CLARKE COUNTY HOSPITAL,MORT_30_PN,IA,2023,Neither current nor planned,15,44,16.791680563724245,-1.7916805637242466,-0.7762475142511244,0.04354271192500426,4.901885049461452e-4,FALSE,FALSE,FALSE,FALSE
370039,HILLCREST HOSPITAL CLAREMORE,MORT_30_PN,OK,2024,Neither current nor planned,17.9,118,16.395015115231967,1.5049848847680316,0.6573496822072633,0.059222009757731016,4.8621770162140713e-4,FALSE,FALSE,FALSE,FALSE
500051,OVERLAKE HOSPITAL MEDICAL CENTER,MORT_30_PN,WA,2024,Planned TEFCA,18.1,338,16.641426360721407,1.458573639278595,0.6381691601641292,0.062476717528518966,4.851415217440056e-4,FALSE,FALSE,FALSE,FALSE
161362,CHEROKEE REGIONAL MEDICAL CENTER,MORT_30_PN,IA,2024,Neither current nor planned,19.7,90,17.53931010750012,2.1606898924998776,0.9298780473842753,0.030213440008846217,4.811609561129082e-4,FALSE,FALSE,FALSE,FALSE
490045,NOVANT PRINCE WILLIAM MEDICAL CENTER,MORT_30_PN,VA,2023,Current TEFCA,19.1,223,17.735164011611744,1.3648359883882584,0.599341938653762,0.06938045823373805,4.78752885278407e-4,FALSE,FALSE,FALSE,FALSE
030089,BANNER THUNDERBIRD MEDICAL CENTER,MORT_30_PN,AZ,2024,Planned TEFCA,14.7,545,16.22318927466398,-1.5231892746639824,-0.6645189062319412,0.05699058894857997,4.7701988385105644e-4,FALSE,FALSE,FALSE,FALSE
200018,NORTHERN LIGHT  A R GOULD HOSPITAL,MORT_30_PN,ME,2023,Current TEFCA,17,111,16.054926898449214,0.9450731015507867,0.4282406818176223,0.12625975929163508,4.739022071868282e-4,FALSE,FALSE,FALSE,FALSE
460015,INTERMOUNTAIN HEALTH LOGAN REGIONAL HOSPITAL,MORT_30_PN,UT,2023,Planned TEFCA,17,115,15.296462211604219,1.7035377883957814,0.7390435800479046,0.04618176430778631,4.7260734436595464e-4,FALSE,FALSE,FALSE,FALSE
210065,HOLY CROSS GERMANTOWN HOSPITAL,MORT_30_PN,MD,2024,Planned TEFCA,17.7,216,16.81454729864253,0.8854527013574705,0.4042068240748789,0.13913377512138275,4.7222569057505656e-4,FALSE,FALSE,FALSE,FALSE
310086,JEFFERSON STRATFORD HOSPITAL,MORT_30_PN,NJ,2023,Current TEFCA,14.6,634,13.85127431215853,0.7487256878414701,0.34918703949401125,0.1752733231305174,4.6344569004395236e-4,FALSE,FALSE,FALSE,FALSE
131320,CLEARWATER VALLEY HOSPITAL & CLINICS,MORT_30_PN,ID,2023,Neither current nor planned,18.2,48,17.306958886496375,0.8930411135036245,0.4066149762546017,0.13465385658775225,4.600866406568013e-4,FALSE,FALSE,FALSE,FALSE
451361,SABINE COUNTY HOSPITAL,MORT_30_PN,TX,2023,Neither current nor planned,19.2,36,17.564795517456783,1.6352044825432168,0.7102340380614551,0.048493559589182125,4.594755248846282e-4,FALSE,FALSE,FALSE,FALSE
360016,THE JEWISH HOSPITAL-MERCY HEALTH,MORT_30_PN,OH,2024,Planned TEFCA,14.1,299,16.092884768610798,-1.992884768610798,-0.8589527063706207,0.03334141051769841,4.546317488788375e-4,FALSE,FALSE,FALSE,FALSE
180013,THE MEDICAL CENTER (BOWLING GREEN),MORT_30_PN,KY,2024,Neither current nor planned,18,437,18.796807046258852,-0.796807046258852,-0.3677502062229088,0.15784627423350847,4.533311517222299e-4,FALSE,FALSE,FALSE,FALSE
351323,CAVALIER COUNTY MEMORIAL HOSPITAL ASSOCIATION,MORT_30_PN,ND,2023,Neither current nor planned,15.7,42,16.12035393093872,-0.42035393093871926,-0.21959878326132404,0.34280338553065604,4.4992729291897833e-4,FALSE,TRUE,FALSE,FALSE
330141,LONG ISLAND COMMUNITY HOSPITAL,MORT_30_PN,NY,2023,Current TEFCA,14.4,868,15.817723234559294,-1.417723234559294,-0.6199325500058663,0.0614149695023915,4.495391837862181e-4,FALSE,FALSE,FALSE,FALSE
531305,PLATTE COUNTY HOSPITAL,MORT_30_PN,WY,2024,Planned TEFCA,16.3,60,17.213143852259318,-0.9131438522593164,-0.41413163782100215,0.12779223158380323,4.493664012414304e-4,FALSE,FALSE,FALSE,FALSE
230193,MCLAREN LAPEER REGION,MORT_30_PN,MI,2023,Neither current nor planned,18.8,183,17.131876670223168,1.6681233297768334,0.723472074669956,0.04567192930924605,4.476802328378362e-4,FALSE,FALSE,FALSE,FALSE
100168,BOCA RATON REGIONAL HOSPITAL,MORT_30_PN,FL,2023,Planned TEFCA,15.6,1277,14.310000043005124,1.2899999569948761,0.56727919927221,0.0720642375583264,4.468080690275661e-4,FALSE,FALSE,FALSE,FALSE
340041,CALDWELL MEMORIAL HOSPITAL,MORT_30_PN,NC,2023,Planned TEFCA,18,150,16.074987608557596,1.925012391442403,0.8303074573749308,0.03483893279027023,4.446209855253114e-4,FALSE,FALSE,FALSE,FALSE
500036,YAKIMA VALLEY MEMORIAL,MORT_30_PN,WA,2023,Neither current nor planned,18.8,524,17.5396382478731,1.2603617521269024,0.5548318104727639,0.0740460593435632,4.4012015560127525e-4,FALSE,FALSE,FALSE,FALSE
450465,MATAGORDA REGIONAL MEDICAL CENTER,MORT_30_PN,TX,2024,Neither current nor planned,15.9,95,17.511476686551994,-1.6114766865519938,-0.699340900935181,0.046920502557449895,4.303383989053162e-4,FALSE,FALSE,FALSE,FALSE
030115,BANNER ESTRELLA MEDICAL CENTER,MORT_30_PN,AZ,2024,Planned TEFCA,17.8,318,16.34390981627128,1.4560901837287195,0.6349869972424728,0.05628516511703824,4.2987934013606486e-4,FALSE,FALSE,FALSE,FALSE
390231,JEFFERSON ABINGTON HOSPITAL,MORT_30_PN,PA,2023,Current TEFCA,13.9,786,15.444657690575601,-1.5446576905756004,-0.6713053215381128,0.04971439211912447,4.2140140261925403e-4,FALSE,FALSE,FALSE,FALSE
171345,PAWNEE VALLEY COMMUNITY HOSPITAL,MORT_30_PN,KS,2023,Planned TEFCA,16.7,26,17.968908402972843,-1.2689084029728432,-0.5575084452716758,0.07043115375293188,4.2103662338404763e-4,FALSE,FALSE,FALSE,FALSE
220016,BAYSTATE FRANKLIN MEDICAL CENTER,MORT_30_PN,MA,2024,Planned TEFCA,13.9,216,15.150413066796958,-1.2504130667969577,-0.5498702114871764,0.07209369003466023,4.200042169112383e-4,FALSE,FALSE,FALSE,FALSE
220015,"COOLEY DICKINSON HOSPITAL INC,THE",MORT_30_PN,MA,2023,Planned TEFCA,15.4,361,14.127337865511327,1.2726621344886728,0.5589531043519417,0.06974794753444692,4.1880711285940866e-4,FALSE,FALSE,FALSE,FALSE
100107,HCA FLORIDA LEHIGH HOSPITAL,MORT_30_PN,FL,2024,Current TEFCA,16,83,14.821586506099768,1.178413493900231,0.5201053580731284,0.07890136431568191,4.143098835483672e-4,FALSE,FALSE,FALSE,FALSE
330267,HUDSON VALLEY HOSPITAL CENTER,MORT_30_PN,NY,2023,Planned TEFCA,14,483,15.470253642047592,-1.4702536420475922,-0.6399827596567316,0.052789069974031676,4.080306451644936e-4,FALSE,FALSE,FALSE,FALSE
360064,ST ELIZABETH YOUNGSTOWN HOSPITAL,MORT_30_PN,OH,2024,Planned TEFCA,17.9,381,16.03857726012071,1.8614227398792869,0.8024580141930451,0.03390111326961007,4.0375551929448187e-4,FALSE,FALSE,FALSE,FALSE
420087,ROPER HOSPITAL,MORT_30_PN,SC,2024,Planned TEFCA,15.1,369,15.963070026278237,-0.8630700262782375,-0.39130817404816237,0.12731267048081293,3.994882409813213e-4,FALSE,FALSE,FALSE,FALSE
230230,EDWARD W SPARROW HOSPITAL,MORT_30_PN,MI,2023,Neither current nor planned,17.8,477,16.29878594866172,1.50121405133828,0.6523961205294821,0.04967232918862869,3.976588588339987e-4,FALSE,FALSE,FALSE,FALSE
491307,"PAGE MEMORIAL HOSPITAL, INC",MORT_30_PN,VA,2024,Planned TEFCA,16.4,62,17.70729695529034,-1.3072969552903388,-0.5719786020449948,0.0625993922746489,3.905942089531718e-4,FALSE,FALSE,FALSE,FALSE
381313,ST CHARLES MEDICAL CENTER PRINEVILLE,MORT_30_PN,OR,2023,Neither current nor planned,18.7,37,17.32565790372778,1.3743420962722193,0.5993544154913055,0.05641101012189511,3.8392420219034764e-4,FALSE,FALSE,FALSE,FALSE
281358,GORDON MEMORIAL HOSPITAL DISTRICT,MORT_30_PN,NE,2024,Current TEFCA,16.6,32,17.454087250335444,-0.8540872503354421,-0.3868252781097223,0.12546623123184003,3.839156428879742e-4,FALSE,FALSE,FALSE,FALSE
160064,MERCYONE NORTH IOWA MEDICAL CENTER,MORT_30_PN,IA,2024,Neither current nor planned,15.5,404,17.20282780760041,-1.7028278076004095,-0.7352972467173599,0.03724988131697923,3.7384953447455337e-4,FALSE,FALSE,FALSE,FALSE
040069,GREAT RIVER MEDICAL CENTER,MORT_30_PN,AR,2024,Current TEFCA,17,67,17.703779615870857,-0.7037796158708562,-0.32597868192180546,0.1638890665914624,3.7252308388075107e-4,FALSE,FALSE,FALSE,FALSE
360174,UPPER VALLEY MEDICAL CENTER,MORT_30_PN,OH,2024,Planned TEFCA,14.3,223,16.033148983799247,-1.733148983799247,-0.747888298763714,0.03592582255428425,3.724905491182411e-4,FALSE,FALSE,FALSE,FALSE
170016,UNIVERSITY OF KANSAS HEALTH SYSTEM - ST FRANCIS CAMPUS,MORT_30_PN,KS,2024,Neither current nor planned,18.6,349,17.521121964786225,1.0788780352137757,0.47734530099179456,0.08348312040761956,3.7112489345230733e-4,FALSE,FALSE,FALSE,FALSE
161310,ADAIR COUNTY MEMORIAL HOSPITAL,MORT_30_PN,IA,2023,Planned TEFCA,17.7,26,16.195674508424585,1.5043254915754138,0.6524458445219783,0.045874257891584856,3.658466648809286e-4,FALSE,FALSE,FALSE,FALSE
490019,UVA HEALTH CULPEPER MEDICAL CENTER,MORT_30_PN,VA,2023,Current TEFCA,16.5,278,17.685765340570814,-1.1857653405708144,-0.5207053324871069,0.06951943305437512,3.6219859056881357e-4,FALSE,FALSE,FALSE,FALSE
161311,HAWARDEN REGIONAL HEALTHCARE,MORT_30_PN,IA,2024,Neither current nor planned,15.8,52,17.66223371761622,-1.8622337176162211,-0.8013415082571601,0.03036579704177023,3.5933113454615997e-4,FALSE,FALSE,FALSE,FALSE
450869,DOCTORS HOSPTAL AT RENAISSANCE,MORT_30_PN,TX,2023,Neither current nor planned,15.8,157,17.23478432624773,-1.434784326247731,-0.6230321024742188,0.04822365833691268,3.5157763113292717e-4,FALSE,FALSE,FALSE,FALSE
451379,CORYELL MEMORIAL HOSPITAL,MORT_30_PN,TX,2024,Neither current nor planned,18.9,55,17.508494509461055,1.3915054905389432,0.6050985148500929,0.05096222395973003,3.514866758194112e-4,FALSE,FALSE,FALSE,FALSE
050180,JOHN MUIR MEDICAL CENTER - WALNUT CREEK CAMPUS,MORT_30_PN,CA,2024,Planned TEFCA,13.3,756,14.505079544021198,-1.205079544021198,-0.5279703610931349,0.0652144972633159,3.477036804799301e-4,FALSE,FALSE,FALSE,FALSE
050352,BARTON MEMORIAL HOSPITAL,MORT_30_PN,CA,2023,Neither current nor planned,14.2,84,15.421758046370918,-1.2217580463709192,-0.5345528592809038,0.06266674338655008,3.415679671435356e-4,FALSE,FALSE,FALSE,FALSE
230002,ST JOE MERCY HOSPITAL SYSTEM LIVONIA,MORT_30_PN,MI,2024,Current TEFCA,17.7,533,16.202959241431948,1.4970407585680523,0.6484524378242872,0.04342729976699522,3.4123357510573466e-4,FALSE,FALSE,FALSE,FALSE
341327,J ARTHUR DOSHER MEMORIAL HOSPITAL,MORT_30_PN,NC,2023,Neither current nor planned,19.1,53,17.640417088368572,1.45958291163143,0.632685211668805,0.04484498158946697,3.3595515680792795e-4,FALSE,FALSE,FALSE,FALSE
531304,HOT SPRINGS COUNTY MEMORIAL HOSPITAL,MORT_30_PN,WY,2023,Neither current nor planned,18.4,44,17.660689865347397,0.7393101346526029,0.33787019443052396,0.14112794678793503,3.354803169388628e-4,FALSE,FALSE,FALSE,FALSE
461307,INTERMOUNTAIN HEALTH HEBER VALLEY HOSPITAL,MORT_30_PN,UT,2023,Planned TEFCA,14.2,30,15.597568624746254,-1.3975686247462542,-0.6068522563780583,0.0481954483053925,3.33360699860688e-4,FALSE,FALSE,FALSE,FALSE
490059,BON SECOURS ST MARYS HOSPITAL,MORT_30_PN,VA,2024,Planned TEFCA,16.1,524,17.35447910795502,-1.254479107955017,-0.5476220149755431,0.05836909003681574,3.323579116395852e-4,FALSE,FALSE,FALSE,FALSE
381309,LAKE DISTRICT HOSPITAL,MORT_30_PN,OR,2023,Neither current nor planned,16.7,33,17.923434146493996,-1.2234341464939975,-0.5347792479596973,0.060888388480722665,3.3152699679734726e-4,FALSE,FALSE,FALSE,FALSE
450147,DE TAR HOSPITAL NAVARRO,MORT_30_PN,TX,2023,Neither current nor planned,15.8,212,17.167483512853217,-1.3674835128532141,-0.5941749997731443,0.049457913184670965,3.28393785072161e-4,FALSE,FALSE,FALSE,FALSE
330235,AUBURN  COMMUNITY  HOSPITAL,MORT_30_PN,NY,2024,Neither current nor planned,15.9,322,17.182991798748578,-1.2829917987485777,-0.558966706638448,0.054631719937862686,3.228109264977563e-4,FALSE,FALSE,FALSE,FALSE
111329,ST MARYS GOOD SAMARITAN HOSPITAL,MORT_30_PN,GA,2024,Current TEFCA,15.5,94,16.48617156678294,-0.9861715667829399,-0.4367468921826366,0.08530088606478962,3.180970374706823e-4,FALSE,FALSE,FALSE,FALSE
030064,BANNER - UNIVERSITY MEDICAL CENTER TUCSON CAMPUS,MORT_30_PN,AZ,2024,Planned TEFCA,15.1,308,16.351069586185343,-1.2510695861853431,-0.5455299009020459,0.05628747465794357,3.1736052354065433e-4,FALSE,FALSE,FALSE,FALSE
230297,KARMANOS CANCER CENTER,MORT_30_PN,MI,2023,Neither current nor planned,16.1,38,17.484110747601047,-1.3841107476010468,-0.6004061086261175,0.046297287238208765,3.128447243033391e-4,FALSE,FALSE,FALSE,FALSE
450604,HILL COUNTRY MEMORIAL HOSPITAL,MORT_30_PN,TX,2024,Neither current nor planned,16.2,109,17.526946597120038,-1.3269465971200385,-0.5767100673520842,0.049981118641248275,3.128282991851894e-4,FALSE,FALSE,FALSE,FALSE
010126,TROY REGIONAL MEDICAL CENTER,MORT_30_PN,AL,2023,Neither current nor planned,17.8,50,18.655427753655125,-0.8554277536551244,-0.38326766629277326,0.10636116988474376,3.126679461939757e-4,FALSE,FALSE,FALSE,FALSE
490144,UVA HEALTH HAYMARKET MEDICAL CENTER,MORT_30_PN,VA,2023,Current TEFCA,18.8,260,17.70076525597478,1.0992347440252201,0.48267367326255894,0.0694523543454186,3.1091972997593375e-4,FALSE,FALSE,FALSE,FALSE
361318,FOSTORIA COMMUNITY HOSPITAL,MORT_30_PN,OH,2023,Planned TEFCA,14.7,51,16.027899155795463,-1.327899155795463,-0.5768865623904921,0.04919838608690625,3.078639736190106e-4,FALSE,FALSE,FALSE,FALSE
340051,WATAUGA MEDICAL CENTER,MORT_30_PN,NC,2023,Neither current nor planned,15.2,174,16.755623305223438,-1.5556233052234376,-0.6713894618040144,0.03641560880848122,3.044910900885527e-4,FALSE,FALSE,FALSE,FALSE
371319,"COAL COUNTY GENERAL HOSPITAL, INC.",MORT_30_PN,OK,2023,Neither current nor planned,15.9,30,17.109910502566212,-1.20991050256621,-0.5278639348785067,0.057324864426871874,3.029584501898985e-4,FALSE,FALSE,FALSE,FALSE
461301,INTERMOUNTAIN HEALTH FILLMORE COMMUNITY HOSPITAL,MORT_30_PN,UT,2023,Planned TEFCA,14.3,27,15.621177991873516,-1.3211779918735156,-0.5738214476487549,0.04872298702157076,3.015089490355892e-4,FALSE,FALSE,FALSE,FALSE
220071,MASSACHUSETTS GENERAL HOSPITAL,MORT_30_PN,MA,2023,Planned TEFCA,12.8,1187,13.860611934335486,-1.0606119343354847,-0.4661716626808276,0.07130232251008958,2.9834971111540896e-4,FALSE,FALSE,FALSE,FALSE
390330,ST LUKE'S HOSPITAL - MONROE CAMPUS,MORT_30_PN,PA,2023,Planned TEFCA,13.7,285,15.0214333483393,-1.3214333483393015,-0.5735555519353649,0.04747317972210889,2.931177147013242e-4,FALSE,FALSE,FALSE,FALSE
330140,ST JOSEPH'S HOSPITAL HEALTH CENTER,MORT_30_PN,NY,2024,Planned TEFCA,16.9,621,15.703511970539635,1.196488029460364,0.5217442108931256,0.056382226582727284,2.908200593723902e-4,FALSE,FALSE,FALSE,FALSE
251337,TIPPAH COUNTY HOSPITAL,MORT_30_PN,MS,2024,Planned TEFCA,18.5,54,19.007054479387136,-0.5070544793871379,-0.2418952830467812,0.2118893498100324,2.813854441424698e-4,FALSE,TRUE,FALSE,FALSE
161368,FLOYD VALLEY HEALTHCARE,MORT_30_PN,IA,2024,Neither current nor planned,19.1,54,17.52832416049624,1.5716758395037622,0.6771713641624754,0.033137747493028696,2.8091658044829775e-4,FALSE,FALSE,FALSE,FALSE
271347,HOLY ROSARY HOSPITAL,MORT_30_PN,MT,2023,Planned TEFCA,13.3,79,13.961646333572814,-0.6616463335728133,-0.3031331851391046,0.14543933811972284,2.79708433534043e-4,FALSE,FALSE,FALSE,FALSE
010097,ELMORE COMMUNITY HOSPITAL,MORT_30_PN,AL,2023,Neither current nor planned,17.9,40,18.70543014774143,-0.8054301477414328,-0.36099530604241203,0.10702394115179847,2.793281577590016e-4,FALSE,FALSE,FALSE,FALSE
271317,LIVINGSTON HEALTHCARE,MORT_30_PN,MT,2023,Neither current nor planned,16,57,15.367093376806197,0.6329066231938024,0.29133385330252337,0.1534548976313697,2.751803868899806e-4,FALSE,FALSE,FALSE,FALSE
180102,MERCY HEALTH - LOURDES HOSPITAL,MORT_30_PN,KY,2024,Planned TEFCA,17.1,388,17.788329002649398,-0.6883290026493967,-0.3132385413822784,0.13382725504999837,2.7113483887666e-4,FALSE,FALSE,FALSE,FALSE
110038,ARCHBOLD MEMORIAL HOSPITAL,MORT_30_PN,GA,2024,Current TEFCA,17.9,254,17.007291734969805,0.8927082650301953,0.39590189640456497,0.08788178341568402,2.700681435935714e-4,FALSE,FALSE,FALSE,FALSE
161328,REGIONAL HEALTH SERVICES OF HOWARD COUNTY,MORT_30_PN,IA,2024,Neither current nor planned,16.2,32,17.771027151232012,-1.5710271512320109,-0.6763941775955485,0.031716159308279,2.6785530302224516e-4,FALSE,FALSE,FALSE,FALSE
390079,ROBERT PACKER HOSPITAL,MORT_30_PN,PA,2023,Planned TEFCA,16.5,433,15.099438775774278,1.4005612242257228,0.6052662103568587,0.039101940620298745,2.6650509798990726e-4,FALSE,FALSE,FALSE,FALSE
080003,ST FRANCIS HOSPITAL,MORT_30_PN,DE,2024,Planned TEFCA,14.7,85,15.025914365472559,-0.32591436547255975,-0.1699132181781993,0.34012304937925275,2.6617961866078413e-4,FALSE,TRUE,FALSE,FALSE
360066,MERCY HEALTH ST RITAS MEDICAL CENTER,MORT_30_PN,OH,2024,Planned TEFCA,17.4,600,15.936814959136365,1.4631850408636335,0.6312361323776623,0.03571567844609008,2.638182547882425e-4,FALSE,FALSE,FALSE,FALSE
161336,HEGG MEMORIAL HEALTH CENTER,MORT_30_PN,IA,2024,Neither current nor planned,19.1,40,17.59557211819177,1.5044278818082282,0.6484075973582903,0.033830104587176564,2.63145974194818e-4,FALSE,FALSE,FALSE,FALSE
051304,JOHN C FREMONT HEALTHCARE DISTRICT,MORT_30_PN,CA,2023,Neither current nor planned,15.2,35,16.361800860175745,-1.1618008601757448,-0.50604652543632,0.05427483723510091,2.627784056880887e-4,FALSE,FALSE,FALSE,FALSE
390203,DOYLESTOWN HOSPITAL,MORT_30_PN,PA,2023,Neither current nor planned,15.3,618,16.47748170443664,-1.1774817044366408,-0.5122277877413641,0.05186694822140612,2.5663631085637826e-4,FALSE,FALSE,FALSE,FALSE
490005,WINCHESTER MEDICAL CENTER,MORT_30_PN,VA,2024,Planned TEFCA,18.2,830,17.12596365670039,1.0740363432996118,0.46941022925452647,0.06073479893264149,2.547749546197334e-4,FALSE,FALSE,FALSE,FALSE
010029,THE EAST ALABAMA HEALTHCARE AUTHORITY,MORT_30_PN,AL,2024,Neither current nor planned,17.7,267,18.444160945773618,-0.7441609457736175,-0.33450182739627016,0.11221059396432241,2.5293290845542215e-4,FALSE,FALSE,FALSE,FALSE
340070,ALAMANCE REGIONAL MEDICAL CENTER,MORT_30_PN,NC,2023,Planned TEFCA,17.4,258,15.953462640649219,1.4465373593507795,0.6236184779869894,0.03438407357188445,2.475514310069667e-4,FALSE,FALSE,FALSE,FALSE
180027,MURRAY-CALLOWAY COUNTY HOSPITAL,MORT_30_PN,KY,2023,Planned TEFCA,18.4,230,17.74138651217121,0.6586134878287869,0.299313521398883,0.1315099117180813,2.426317549201318e-4,FALSE,FALSE,FALSE,FALSE
281350,JOHNSON COUNTY HOSPITAL,MORT_30_PN,NE,2023,Planned TEFCA,16,31,16.69280753509696,-0.6928075350969611,-0.31296288105957154,0.12097308255947206,2.410833673759661e-4,FALSE,FALSE,FALSE,FALSE
460023,AMERICAN FORK HOSPITAL,MORT_30_PN,UT,2023,Planned TEFCA,14.1,110,15.306423039675686,-1.206423039675686,-0.5232365477704918,0.04610854646526293,2.3661398310384873e-4,FALSE,FALSE,FALSE,FALSE
490069,BON SECOURS MEMORIAL REGIONAL MEDICAL CENTER,MORT_30_PN,VA,2024,Planned TEFCA,16.3,514,17.358796808681195,-1.0587968086811952,-0.4621490718774745,0.05830269265153508,2.3645518831944389e-4,FALSE,FALSE,FALSE,FALSE
390067,UPMC PINNACLE HOSPITALS,MORT_30_PN,PA,2023,Planned TEFCA,16.3,675,14.999952095889824,1.3000479041101758,0.5620799523219334,0.0400462456208549,2.3563377437314735e-4,FALSE,FALSE,FALSE,FALSE
230005,PROMEDICA CHARLES AND VIRGINIA HICKMAN HOSPITAL,MORT_30_PN,MI,2023,Planned TEFCA,16.7,220,15.58657912941385,1.113420870586148,0.48442936122164987,0.05218401231355271,2.3102861170135175e-4,FALSE,FALSE,FALSE,FALSE
361314,MAGRUDER HOSPITAL,MORT_30_PN,OH,2024,Neither current nor planned,16.7,37,17.767964194929352,-1.0679641949293532,-0.4656228817822538,0.05616201875239177,2.306847262261615e-4,FALSE,FALSE,FALSE,FALSE
340014,NOVANT HEALTH FORSYTH MEDICAL CENTER,MORT_30_PN,NC,2024,Neither current nor planned,15.3,1086,16.509405225891975,-1.2094052258919754,-0.5240266901889397,0.044274112905491464,2.2744924307143227e-4,FALSE,FALSE,FALSE,FALSE
371321,HOLDENVILLE GENERAL HOSPITAL,MORT_30_PN,OK,2023,Planned TEFCA,14.8,36,15.736748041511191,-0.9367480415111907,-0.41133614891850556,0.06960267126585783,2.2635611457697994e-4,FALSE,FALSE,FALSE,FALSE
100019,HOLMES REGIONAL MEDICAL CENTER,MORT_30_PN,FL,2024,Neither current nor planned,14.3,653,15.16657709255846,-0.86657709255846,-0.38254281898327597,0.07943681287591027,2.2583261223437298e-4,FALSE,FALSE,FALSE,FALSE
330055,NEW YORK-PRESBYTERIAN/QUEENS,MORT_30_PN,NY,2023,Planned TEFCA,14.3,732,15.37708855496549,-1.0770885549654894,-0.46908409318921357,0.05407532428165724,2.249295375516874e-4,FALSE,FALSE,FALSE,FALSE
140008,LOYOLA GOTTLIEB MEMORIAL HOSPITAL,MORT_30_PN,IL,2024,Planned TEFCA,16.4,206,15.341696313653207,1.0583036863467914,0.4612691328261581,0.05558806483549976,2.2394268679400145e-4,FALSE,FALSE,FALSE,FALSE
450194,UT HEALTH EAST TEXAS JACKSONVILLE HOSPITAL,MORT_30_PN,TX,2024,Neither current nor planned,16.5,51,17.650867011770973,-1.1508670117709723,-0.4995382347044358,0.04766376855330608,2.2331386642520954e-4,FALSE,FALSE,FALSE,FALSE
360270,MERCY HEALTH - DEFIANCE HOSPITAL,MORT_30_PN,OH,2024,Planned TEFCA,14.9,125,16.288313135245975,-1.3883131352459734,-0.5982832972928294,0.03368054940575609,2.2303356946408356e-4,FALSE,FALSE,FALSE,FALSE
531309,NORTH BIG HORN HOSPITAL DISTRICT,MORT_30_PN,WY,2023,Planned TEFCA,17.8,34,17.1762980381349,0.6237019618651015,0.28382830868051345,0.13385170086242953,2.2266463531259067e-4,FALSE,FALSE,FALSE,FALSE
161346,SIOUX CENTER HEALTH,MORT_30_PN,IA,2024,Neither current nor planned,18.9,62,17.497367192987255,1.402632807012742,0.6042345448881229,0.03296561345886063,2.224963842346378e-4,FALSE,FALSE,FALSE,FALSE
171376,GIRARD MEDICAL CENTER,MORT_30_PN,KS,2023,Neither current nor planned,19.5,45,18.55987870174743,0.9401212982525713,0.4123125616000126,0.06732167785670344,2.1944040403579478e-4,FALSE,FALSE,FALSE,FALSE
160032,MERCYONE NEWTON MEDICAL CENTER,MORT_30_PN,IA,2024,Neither current nor planned,16.2,56,17.645627474654045,-1.4456274746540463,-0.6218984537898362,0.03026008569829741,2.157396863072286e-4,FALSE,FALSE,FALSE,FALSE
461310,BLUE MOUNTAIN HOSPITAL,MORT_30_PN,UT,2024,Planned TEFCA,17.5,35,16.596465834932534,0.9035341650674673,0.39706106350590986,0.07107118683164214,2.1571259497552304e-4,FALSE,FALSE,FALSE,FALSE
110025,SOUTHEAST GEORGIA HEALTH SYSTEM- BRUNSWICK CAMPUS,MORT_30_PN,GA,2024,Current TEFCA,15.3,523,16.101583069724697,-0.8015830697246947,-0.3553152161337813,0.08703624062454163,2.1525228202996235e-4,FALSE,FALSE,FALSE,FALSE
330261,PHELPS HOSPITAL,MORT_30_PN,NY,2024,Planned TEFCA,17.6,317,16.59805735679611,1.0019426432038894,0.4375052803406022,0.05908026558649936,2.14921889974395e-4,FALSE,FALSE,FALSE,FALSE
190164,BYRD REGIONAL HOSPITAL,MORT_30_PN,LA,2023,Neither current nor planned,17.9,134,18.564158979257936,-0.6641589792579388,-0.2994487906992198,0.1176206625790201,2.1378375665160912e-4,FALSE,FALSE,FALSE,FALSE
161303,GRUNDY COUNTY MEMORIAL HOSPITAL,MORT_30_PN,IA,2023,Planned TEFCA,17.3,35,16.129065871376113,1.170934128623889,0.5073123644551517,0.04413302394047473,2.1246693085795058e-4,FALSE,FALSE,FALSE,FALSE
361306,MERCY ALLEN HOSPITAL,MORT_30_PN,OH,2024,Planned TEFCA,15.4,31,16.600756243587163,-1.2007562435871613,-0.5196249741991239,0.041873884884955206,2.1099164184056954e-4,FALSE,FALSE,FALSE,FALSE
450028,VALLEY BAPTIST MEDICAL CENTER- BROWNSVILLE,MORT_30_PN,TX,2023,Neither current nor planned,16,166,17.09684092704052,-1.09684092704052,-0.47642612663693545,0.04905246020813354,2.0935947238170832e-4,FALSE,FALSE,FALSE,FALSE
450518,THE MEDICAL CENTER OF SOUTHEAST TEXAS,MORT_30_PN,TX,2023,Planned TEFCA,15.6,100,16.621968224665984,-1.021968224665984,-0.4453404547213814,0.05522327905737819,2.072985449287333e-4,FALSE,FALSE,FALSE,FALSE
461304,CENTRAL VALLEY MEDICAL CENTER - CAH,MORT_30_PN,UT,2023,Neither current nor planned,15.1,44,16.100188326385283,-1.0001883263852827,-0.4363172234859867,0.057260908222177456,2.0677422801653714e-4,FALSE,FALSE,FALSE,FALSE
230217,OAKLAWN HOSPITAL,MORT_30_PN,MI,2024,Neither current nor planned,18.6,71,17.50815932562282,1.0918406743771818,0.4741180098529996,0.048509679462862776,2.0492542241518782e-4,FALSE,FALSE,FALSE,FALSE
340147,UNC HEALTH NASH,MORT_30_PN,NC,2023,Planned TEFCA,14.6,335,15.894939001789636,-1.2949390017896356,-0.5583087070810168,0.034673092108719224,2.0017047379265713e-4,FALSE,FALSE,FALSE,FALSE
140172,FRANCISCAN HEALTH OLYMPIA & CHICAGO HEIGHTS,MORT_30_PN,IL,2024,Neither current nor planned,15.8,284,16.72750427050228,-0.9275042705022801,-0.4057832984748223,0.06274733400837297,1.9713847397033026e-4,FALSE,FALSE,FALSE,FALSE
100008,BAPTIST HOSPITAL OF MIAMI,MORT_30_PN,FL,2023,Planned TEFCA,12.8,678,13.708004761936122,-0.9080047619361217,-0.39766817966493107,0.06471748787920797,1.9569057999072894e-4,FALSE,FALSE,FALSE,FALSE
360276,HMHP ST ELIZABETH BOARDMAN HEALTH CENTER,MORT_30_PN,OH,2024,Planned TEFCA,17.3,417,16.018345626889463,1.2816543731105379,0.5524375334948947,0.034182337764636556,1.9311275839455693e-4,FALSE,FALSE,FALSE,FALSE
150002,METHODIST HOSPITALS INC,MORT_30_PN,IN,2024,Planned TEFCA,16.1,296,16.675709107846945,-0.5757091078469434,-0.26184712805196286,0.13293643760349394,1.8802084941809736e-4,FALSE,FALSE,FALSE,FALSE
141320,PARIS COMMUNITY HOSPITAL,MORT_30_PN,IL,2023,Neither current nor planned,16,28,16.9108021000732,-0.9108021000732006,-0.3981351086555423,0.06115127808738394,1.8463753409433161e-4,FALSE,FALSE,FALSE,FALSE
430012,AVERA SACRED HEART HOSPITAL,MORT_30_PN,SD,2024,Neither current nor planned,16,130,16.749376903528486,-0.749376903528484,-0.3317647375765999,0.08480850284877467,1.8242052269972284e-4,FALSE,FALSE,FALSE,FALSE
140018,MT SINAI HOSPITAL MEDICAL CENTER,MORT_30_PN,IL,2024,Neither current nor planned,15.3,49,16.205656825719192,-0.90565682571919,-0.3958501537112954,0.06098431926880921,1.819941655757267e-4,FALSE,FALSE,FALSE,FALSE
310011,CAPE REGIONAL MEDICAL CENTER INC,MORT_30_PN,NJ,2024,Neither current nor planned,14.5,427,14.957453441736995,-0.4574534417369947,-0.21390975768989218,0.17973215255494457,1.793353243005363e-4,FALSE,TRUE,FALSE,FALSE
100154,SOUTH MIAMI HOSPITAL,MORT_30_PN,FL,2023,Planned TEFCA,13,327,13.871402276111654,-0.8714022761116534,-0.381361099652981,0.06338045568494459,1.7600457244233838e-4,FALSE,FALSE,FALSE,FALSE
340053,NOVANT HEALTH PRESBYTERIAN MEDICAL CENTER,MORT_30_PN,NC,2024,Neither current nor planned,15.7,243,16.84489929162198,-1.1448992916219825,-0.4944056508067816,0.03785317717860633,1.7195383091791187e-4,FALSE,FALSE,FALSE,FALSE
050159,VENTURA COUNTY MEDICAL CENTER,MORT_30_PN,CA,2024,Neither current nor planned,17.4,127,16.408843525783542,0.9911564742164569,0.43055593825016053,0.04927665006552461,1.7182048651325464e-4,FALSE,FALSE,FALSE,FALSE
460057,PARK CITY HOSPITAL,MORT_30_PN,UT,2023,Planned TEFCA,16.5,51,15.478664525718218,1.0213354742817826,0.4429898289944838,0.046355659255063963,1.705785303892844e-4,FALSE,FALSE,FALSE,FALSE
370034,MCALESTER REGIONAL HEALTH CENTER,MORT_30_PN,OK,2023,Neither current nor planned,17.8,159,16.907935152675616,0.8920648473243827,0.38938110796875286,0.05844346736352394,1.6830370214403995e-4,FALSE,FALSE,FALSE,FALSE
140239,JAVON BEA HOSPITAL,MORT_30_PN,IL,2024,Current TEFCA,14.9,142,15.732159153405217,-0.8321591534052161,-0.36466921423265897,0.06587763737295753,1.6772620142114e-4,FALSE,FALSE,FALSE,FALSE
490009,UNIVERSITY OF VIRGINIA MEDICAL CENTER,MORT_30_PN,VA,2023,Current TEFCA,16.8,414,17.596525941439552,-0.7965259414395501,-0.34989259974291836,0.0703670338504259,1.6573098324797455e-4,FALSE,FALSE,FALSE,FALSE
050090,SONOMA VALLEY HOSPITAL,MORT_30_PN,CA,2024,Current TEFCA,16.6,73,15.679436963903365,0.9205630360966358,0.40097342250736334,0.054446439354009474,1.65562480523772e-4,FALSE,FALSE,FALSE,FALSE
390204,NAZARETH HOSPITAL,MORT_30_PN,PA,2024,Planned TEFCA,16.4,244,15.392085887571303,1.0079141124286952,0.4371279631030333,0.046187351465761695,1.654632695282328e-4,FALSE,FALSE,FALSE,FALSE
361310,MERCY HEALTH - WILLARD HOSPITAL,MORT_30_PN,OH,2024,Planned TEFCA,17.6,49,16.49816420972205,1.1018357902779545,0.47587423054836725,0.03814549993233768,1.6058905564302493e-4,FALSE,FALSE,FALSE,FALSE
500002,PROVIDENCE ST MARY MEDICAL CENTER,MORT_30_PN,WA,2023,Planned TEFCA,17.4,298,16.5055293324207,0.8944706675792974,0.3898153559507027,0.05546538440978449,1.5957914047225676e-4,FALSE,FALSE,FALSE,FALSE
060071,DELTA COUNTY MEMORIAL HOSPITAL,MORT_30_PN,CO,2024,Planned TEFCA,18,78,17.35490101182011,0.6450989881798878,0.2873292269006572,0.09584251220743958,1.565238021310478e-4,FALSE,FALSE,FALSE,FALSE
140089,MC DONOUGH DISTRICT HOSPITAL,MORT_30_PN,IL,2023,Neither current nor planned,17.3,120,16.45924617341502,0.8407538265849782,0.36713291205694487,0.05923399483195363,1.5177601368363447e-4,FALSE,FALSE,FALSE,FALSE
230059,MERCY HEALTH SAINT MARY'S,MORT_30_PN,MI,2024,Current TEFCA,15.4,178,16.44871816682246,-1.048718166822458,-0.45327701995673647,0.039639526594393175,1.5164745729810241e-4,FALSE,FALSE,FALSE,FALSE
390101,UPMC MEMORIAL,MORT_30_PN,PA,2023,Planned TEFCA,14.3,156,15.328199722778777,-1.0281997227787754,-0.44461661685806014,0.04055122656056105,1.4940771400195224e-4,FALSE,FALSE,FALSE,FALSE
230053,HENRY FORD HEALTH HOSPITAL,MORT_30_PN,MI,2023,Current TEFCA,17.3,204,16.254046997430095,1.0459530025699042,0.45191692129824135,0.03894044415412579,1.4797293406616186e-4,FALSE,FALSE,FALSE,FALSE
390012,JEFFERSON LANSDALE HOSPITAL,MORT_30_PN,PA,2023,Current TEFCA,16.6,287,15.670414341475283,0.9295856585247184,0.4035185929530046,0.047941741402212634,1.466301336863583e-4,FALSE,FALSE,FALSE,FALSE
030147,BANNER OCOTILLO MEDICAL CENTER,MORT_30_PN,AZ,2024,Planned TEFCA,15.6,202,16.445594451711635,-0.8455944517116348,-0.36876668552081077,0.056781415234577505,1.4640752826695913e-4,FALSE,FALSE,FALSE,FALSE
180044,PIKEVILLE MEDICAL CENTER,MORT_30_PN,KY,2023,Planned TEFCA,17.1,418,17.60751960794572,-0.5075196079457183,-0.23075167693825643,0.1323497889372482,1.452771114737477e-4,FALSE,FALSE,FALSE,FALSE
490021,CENTRA HEALTH -  LYNCHBURG GEN HOSPITAL,MORT_30_PN,VA,2023,Planned TEFCA,17.8,718,16.99432501556434,0.8056749844356618,0.3521463076371927,0.061021040220945295,1.4412698070606663e-4,FALSE,FALSE,FALSE,FALSE
341325,ASHE MEMORIAL HOSPITAL,MORT_30_PN,NC,2024,Neither current nor planned,18.1,82,17.088328735497292,1.0116712645027102,0.43733884852034177,0.0399893344381974,1.4247167625727975e-4,FALSE,FALSE,FALSE,FALSE
521330,CROSSING RIVERS HEALTH MEDICAL CENTER,MORT_30_PN,WI,2023,Neither current nor planned,15.8,76,16.27500200800608,-0.4750020080060791,-0.21721985375986008,0.1423382933221506,1.4006778168044602e-4,FALSE,FALSE,FALSE,FALSE
341314,WASHINGTON COUNTY HOSP INC,MORT_30_PN,NC,2023,Neither current nor planned,18.5,46,17.625883733334568,0.8741162666654321,0.37974261992993374,0.04948843654172441,1.342718503622404e-4,FALSE,FALSE,FALSE,FALSE
161372,BOONE COUNTY HOSPITAL,MORT_30_PN,IA,2024,Current TEFCA,16.5,46,17.454633466824156,-0.9546334668241555,-0.41313378415359314,0.04212324419980427,1.3422502655466135e-4,FALSE,FALSE,FALSE,FALSE
141319,HAMMOND HENRY HOSPITAL,MORT_30_PN,IL,2024,Planned TEFCA,16.9,70,16.155704837015392,0.744295162984605,0.325991013823246,0.06492149100784204,1.3195941220756996e-4,FALSE,FALSE,FALSE,FALSE
031318,BANNER PAYSON MEDICAL CENTER,MORT_30_PN,AZ,2024,Planned TEFCA,17.4,92,16.62183005737839,0.778169942621611,0.33993762790959625,0.060003141713934914,1.3192519200076617e-4,FALSE,FALSE,FALSE,FALSE
061303,EAST MORGAN COUNTY HOSPITAL,MORT_30_PN,CO,2024,Planned TEFCA,17.9,61,17.284535497739526,0.6154645022604738,0.2731797765936129,0.08955463742128526,1.312937242658848e-4,FALSE,FALSE,FALSE,FALSE
360086,SPRINGFIELD REGIONAL MEDICAL CENTER,MORT_30_PN,OH,2024,Planned TEFCA,15,338,16.065411827586733,-1.0654118275867333,-0.45905067162492796,0.033589004667318643,1.309682674466088e-4,FALSE,FALSE,FALSE,FALSE
381312,COQUILLE VALLEY HOSPITAL,MORT_30_PN,OR,2023,Neither current nor planned,18.9,28,18.131978746844794,0.768021253155203,0.3352950330555305,0.058834847720691766,1.2569183835982718e-4,FALSE,FALSE,FALSE,FALSE
131326,CASSIA REGIONAL HOSPITAL,MORT_30_PN,ID,2023,Planned TEFCA,16.3,105,15.845523934145366,0.45447606585463535,0.20731008957732172,0.13801019465949707,1.2307974511628723e-4,FALSE,FALSE,FALSE,FALSE
460058,INTERMOUNTAIN HEALTH RIVERTON HOSPITAL,MORT_30_PN,UT,2023,Planned TEFCA,14.5,89,15.353893409818294,-0.8538934098182939,-0.3702549103160728,0.04589106511919894,1.17922636504675e-4,FALSE,FALSE,FALSE,FALSE
341311,CHATHAM HOSPITAL INC,MORT_30_PN,NC,2023,Planned TEFCA,15.5,37,16.38863870761289,-0.8886387076128929,-0.38466039344029146,0.04259422371416129,1.1772446320382894e-4,FALSE,FALSE,FALSE,FALSE
380038,PROVIDENCE WILLAMETTE FALLS MEDICAL CENTER,MORT_30_PN,OR,2023,Planned TEFCA,17.3,116,16.48116464733369,0.818835352666313,0.35563768513272553,0.049040825106974675,1.1665002532030038e-4,FALSE,FALSE,FALSE,FALSE
261322,EXCELSIOR SPRINGS HOSPITAL,MORT_30_PN,MO,2023,Neither current nor planned,16.6,30,16.32561392688442,0.27438607311558366,0.13528016749145014,0.26216689674300925,1.1631704345132143e-4,FALSE,TRUE,FALSE,FALSE
220001,UMASS MEMORIAL HEALTHALLIANCE HOSPITALS,MORT_30_PN,MA,2024,Current TEFCA,14.1,389,14.753540029185405,-0.6535400291854051,-0.2873716916401401,0.07230032098316516,1.1511381420444807e-4,FALSE,FALSE,FALSE,FALSE
390156,MERCY CATHOLIC MEDICAL CENTER- MERCY FITZGERALD,MORT_30_PN,PA,2023,Neither current nor planned,17.6,87,16.7913593090022,0.8086406909978,0.3511512260127988,0.04872812977330519,1.1296379182951326e-4,FALSE,FALSE,FALSE,FALSE
220101,NEWTON-WELLESLEY HOSPITAL,MORT_30_PN,MA,2023,Planned TEFCA,13.3,763,13.959639560480037,-0.659639560480036,-0.2896833878826003,0.06992449809513104,1.1284023440133585e-4,FALSE,FALSE,FALSE,FALSE
420004,MUSC MEDICAL CENTER,MORT_30_PN,SC,2023,Planned TEFCA,16.1,400,15.65542052105712,0.44457947894288113,0.20217491554935463,0.13271134578847216,1.1187606775819807e-4,FALSE,FALSE,FALSE,FALSE
340141,NOVANT HEALTH NEW HANOVER REGIONAL MEDICAL CENTER,MORT_30_PN,NC,2024,Neither current nor planned,17.4,919,16.54682023788418,0.8531797621158194,0.36938995743304004,0.04302028903205308,1.0969999269669743e-4,FALSE,FALSE,FALSE,FALSE
450690,THE UNIVERSITY OF TEXAS HEALTH SCIENCE CENTER AT TYLER,MORT_30_PN,TX,2024,Neither current nor planned,18.4,67,17.58972250403105,0.8102774959689485,0.35156266967234046,0.04710704477092856,1.0927550626399027e-4,FALSE,FALSE,FALSE,FALSE
500058,KADLEC REGIONAL MEDICAL CENTER,MORT_30_PN,WA,2023,Planned TEFCA,15.6,685,16.31902042368707,-0.7190204236870728,-0.3138054839677071,0.05827429025039354,1.0898537851858634e-4,FALSE,FALSE,FALSE,FALSE
281352,"COMMUNITY MEDICAL CENTER, INC",MORT_30_PN,NE,2023,Neither current nor planned,17.7,67,17.234000437601406,0.4659995623985921,0.21013917530792242,0.11797917313035448,1.0565166135308376e-4,FALSE,FALSE,FALSE,FALSE
140054,MACNEAL  HOSPITAL,MORT_30_PN,IL,2024,Planned TEFCA,14.6,221,15.325946385466914,-0.7259463854669138,-0.31638978960001657,0.05565988013853843,1.0552421363975571e-4,FALSE,FALSE,FALSE,FALSE
150076,SAINT JOSEPH REGIONAL MEDICAL CENTER - PLYMOUTH,MORT_30_PN,IN,2024,Neither current nor planned,17.9,105,17.49638848698295,0.40361151301704873,0.1845952124015044,0.14256648815219902,1.0134475612649407e-4,FALSE,FALSE,FALSE,FALSE
170013,HAYS MEDICAL CENTER,MORT_30_PN,KS,2023,Planned TEFCA,16.8,340,17.392828081328332,-0.5928280813283324,-0.2611597615537542,0.07575927582707677,9.99955775468555e-5,FALSE,FALSE,FALSE,FALSE
051324,NORTHERN INYO HOSPITAL,MORT_30_PN,CA,2024,Neither current nor planned,15.9,47,16.63158961797845,-0.7315896179784492,-0.3182186873594313,0.051911556345716495,9.916514613930972e-5,FALSE,FALSE,FALSE,FALSE
210032,UNION HOSPITAL OF CECIL COUNTY,MORT_30_PN,MD,2023,Planned TEFCA,16,338,16.424637481633113,-0.4246374816331134,-0.19263777611855062,0.1284942310893057,9.786725190688938e-5,FALSE,FALSE,FALSE,FALSE
300023,EXETER HOSPITAL INC,MORT_30_PN,NH,2023,Neither current nor planned,16.2,300,15.942487892741465,0.25751210725853496,0.1263515210469155,0.25503673393682535,9.776557795701869e-5,FALSE,TRUE,FALSE,FALSE
501323,JEFFERSON HEALTHCARE,MORT_30_PN,WA,2023,Neither current nor planned,16.7,98,17.296903078869406,-0.596903078869408,-0.2619523283872835,0.06867015811423574,9.049535595054228e-5,FALSE,FALSE,FALSE,FALSE
360089,MERCY HEALTH - TIFFIN HOSPITAL,MORT_30_PN,OH,2024,Planned TEFCA,17.1,175,16.212915852754307,0.8870841472456947,0.3820995773596534,0.03311334231973007,8.942092656067116e-5,FALSE,FALSE,FALSE,FALSE
340010,UNC HEALTH CARE WAYNE,MORT_30_PN,NC,2023,Planned TEFCA,15,392,15.859728745710502,-0.8597287457105013,-0.370676822761617,0.03500611311017283,8.914054980712485e-5,FALSE,FALSE,FALSE,FALSE
380037,PROVIDENCE NEWBERG MEDICAL CENTER,MORT_30_PN,OR,2023,Planned TEFCA,17.3,72,16.588034620772092,0.7119653792279084,0.30925030430857725,0.04926745439046776,8.86377651845334e-5,FALSE,FALSE,FALSE,FALSE
521358,DOOR COUNTY MEDICAL CENTER,MORT_30_PN,WI,2024,Planned TEFCA,16.9,59,16.525831597806263,0.3741684021937338,0.1709158790726237,0.14043260290932538,8.536895007487538e-5,FALSE,FALSE,FALSE,FALSE
050641,EAST LOS ANGELES DOCTORS HOSPITAL,MORT_30_PN,CA,2023,Planned TEFCA,16.7,33,16.08372459809986,0.6162754019001383,0.26940021200266273,0.06136399979720903,8.486459794819136e-5,FALSE,FALSE,FALSE,FALSE
340183,NOVANT HEALTH HUNTERSVILLE MEDICAL CENTER,MORT_30_PN,NC,2024,Neither current nor planned,16,295,16.80144672559666,-0.8014467255966599,-0.34609328644170195,0.03807293218721509,8.478889920937167e-5,FALSE,FALSE,FALSE,FALSE
380102,SACRED HEART MEDICAL CENTER - RIVERBEND,MORT_30_PN,OR,2023,Current TEFCA,16.1,353,16.710609761621324,-0.6106097616213211,-0.2665387948142614,0.05865489090567722,7.917564706436025e-5,FALSE,FALSE,FALSE,FALSE
210060,ADVENTIST HEALTHCARE FORT WASHINGTON MEDICAL CTR,MORT_30_PN,MD,2023,Neither current nor planned,18.3,154,17.933094160771546,0.36690583922845393,0.16711674397606477,0.1354723560267209,7.828162032419539e-5,FALSE,FALSE,FALSE,FALSE
390049,ST LUKES HOSPITAL,MORT_30_PN,PA,2023,Planned TEFCA,14.2,571,14.865718944246668,-0.665718944246668,-0.28905798300664354,0.04859896115482601,7.633772621586088e-5,FALSE,FALSE,FALSE,FALSE
190050,BEAUREGARD MEMORIAL HOSPITAL,MORT_30_PN,LA,2023,Neither current nor planned,18.4,101,18.799238494262216,-0.3992384942622181,-0.17970059638762484,0.1147240676909392,7.485480534815585e-5,FALSE,FALSE,FALSE,FALSE
230029,TRINITY HEALTH OAKLAND HOSPITAL,MORT_30_PN,MI,2024,Current TEFCA,15.5,540,16.200035486731718,-0.7000354867317187,-0.30315049284373635,0.04350742032843655,7.476492131982815e-5,FALSE,FALSE,FALSE,FALSE
390058,UPMC CARLISLE,MORT_30_PN,PA,2023,Planned TEFCA,16,207,15.264815338980048,0.7351846610199527,0.3177333631018178,0.0396442372199524,7.45360360103656e-5,FALSE,FALSE,FALSE,FALSE
080001,CHRISTIANA HOSPITAL,MORT_30_PN,DE,2023,Planned TEFCA,14,1865,14.169747499055909,-0.16974749905590894,-0.08875022637438675,0.3439118385024881,7.385623028547384e-5,FALSE,TRUE,FALSE,FALSE
141347,CARLINVILLE AREA HOSPITAL,MORT_30_PN,IL,2023,Neither current nor planned,16,70,16.580025444346408,-0.5800254443464088,-0.2532229725450691,0.05892359533013636,7.181103811272354e-5,FALSE,FALSE,FALSE,FALSE
210027,WESTERN MARYLAND REGIONAL MEDICAL CENTER,MORT_30_PN,MD,2024,Planned TEFCA,16.1,615,16.454628112322663,-0.35462811232265984,-0.1611389889602912,0.13133338003919445,7.02219395558112e-5,FALSE,FALSE,FALSE,FALSE
230303,MUNSON HEALTHCARE MANISTEE HOSPITAL,MORT_30_PN,MI,2023,Neither current nor planned,16.9,29,17.544677873586863,-0.6446778735868663,-0.2797752506172938,0.04761035092997464,6.998665288600523e-5,FALSE,FALSE,FALSE,FALSE
160083,MERCYONE DES MOINES MEDICAL CENTER,MORT_30_PN,IA,2024,Planned TEFCA,17.1,508,16.437604264406858,0.6623957355931456,0.28708843471959694,0.0451074026174175,6.96356233961674e-5,FALSE,FALSE,FALSE,FALSE
450235,MEMORIAL HOSPITAL,MORT_30_PN,TX,2024,Current TEFCA,17,55,17.570601244184576,-0.5706012441845766,-0.24910565744690427,0.05890454019610153,6.947114990621155e-5,FALSE,FALSE,FALSE,FALSE
100316,PALM BAY HOSPITAL,MORT_30_PN,FL,2023,Neither current nor planned,15.7,263,15.206241535211168,0.4937584647888314,0.2173024277026679,0.07397195093950804,6.746919728301217e-5,FALSE,FALSE,FALSE,FALSE
390228,ST CLAIR HOSPITAL,MORT_30_PN,PA,2023,Planned TEFCA,15.2,420,15.850135723425524,-0.6501357234255252,-0.28177003501839587,0.04507992971608145,6.703704973804905e-5,FALSE,FALSE,FALSE,FALSE
451356,MEMORIAL MEDICAL CENTER,MORT_30_PN,TX,2024,Neither current nor planned,16.9,59,17.492763017387716,-0.5927630173877185,-0.2576744781262499,0.05079916332276633,6.355653028720737e-5,FALSE,FALSE,FALSE,FALSE
461302,MOAB REGIONAL HOSPITAL,MORT_30_PN,UT,2023,Neither current nor planned,17.4,28,16.89906154876413,0.5009384512358668,0.21958278782037213,0.06653703239971401,6.147458747697913e-5,FALSE,FALSE,FALSE,FALSE
161316,GUNDERSEN PALMER LUTHERAN HOSPITAL AND CLINICS,MORT_30_PN,IA,2023,Neither current nor planned,17.4,25,16.792904423804526,0.6070955761954725,0.2633779017491702,0.046992224153855414,6.117935500146282e-5,FALSE,FALSE,FALSE,FALSE
501331,PULLMAN REGIONAL HOSPITAL,MORT_30_PN,WA,2023,Planned TEFCA,16.5,32,17.005535810720364,-0.505535810720363,-0.22135512817485234,0.06448617034711154,6.0412618162453514e-5,FALSE,FALSE,FALSE,FALSE
361300,PAULDING COUNTY HOSPITAL,MORT_30_PN,OH,2024,Neither current nor planned,18.3,42,17.69328680421002,0.6067131957899773,0.26312096669193713,0.04633280969874795,6.016161428354348e-5,FALSE,FALSE,FALSE,FALSE
340085,NOVANT HEALTH THOMASVILLE MEDICAL CENTER,MORT_30_PN,NC,2024,Neither current nor planned,17.1,117,17.752544092856354,-0.652544092856353,-0.2820267355197227,0.03974219259316471,5.887806112506739e-5,FALSE,FALSE,FALSE,FALSE
450040,COVENANT MEDICAL CENTER,MORT_30_PN,TX,2023,Planned TEFCA,15.1,671,15.623267496583916,-0.5232674965839155,-0.228445922332193,0.05895877116673364,5.848389433405225e-5,FALSE,FALSE,FALSE,FALSE
010023,BAPTIST MEDICAL CENTER SOUTH,MORT_30_PN,AL,2024,Current TEFCA,17.4,165,17.74480003370546,-0.34480003370546225,-0.15552050991900615,0.11841135208675213,5.811036536783943e-5,FALSE,FALSE,FALSE,FALSE
380082,PROVIDENCE MILWAUKIE HOSPITAL,MORT_30_PN,OR,2023,Planned TEFCA,17.2,60,16.628889551508593,0.5711104484914068,0.24811025997333475,0.04964509584155238,5.751784015661548e-5,FALSE,FALSE,FALSE,FALSE
040050,OUACHITA COUNTY MEDICAL CENTER,MORT_30_PN,AR,2024,Neither current nor planned,18.7,74,18.409546233838174,0.2904537661618261,0.13360869016899848,0.15240859734177664,5.741799851139648e-5,FALSE,FALSE,FALSE,FALSE
161366,SHENANDOAH MEDICAL CENTER,MORT_30_PN,IA,2023,Neither current nor planned,18,40,17.38517680695427,0.6148231930457304,0.26616980163389153,0.042971177907059024,5.689647402250279e-5,FALSE,FALSE,FALSE,FALSE
340173,"WAKEMED, CARY HOSPITAL",MORT_30_PN,NC,2024,Planned TEFCA,16.6,539,15.952489743795976,0.6475102562040247,0.27960618946305205,0.03806130683936186,5.5327348291742344e-5,FALSE,FALSE,FALSE,FALSE
390142,JEFFERSON EINSTEIN PHILADELPHIA HOSPITAL,MORT_30_PN,PA,2023,Planned TEFCA,16.7,125,16.121709559340246,0.5782904406597539,0.2507708695948019,0.046163544542475135,5.443785257650337e-5,FALSE,FALSE,FALSE,FALSE
390115,JEFFERSON HEALTH- NORTHEAST,MORT_30_PN,PA,2023,Current TEFCA,15,482,15.554236499882313,-0.5542364998823133,-0.24060107797107902,0.048240140755453555,5.24809501762776e-5,FALSE,FALSE,FALSE,FALSE
050152,UCSF HEALTH SAINT FRANCIS HOSPITAL,MORT_30_PN,CA,2024,Planned TEFCA,15.4,70,15.953885917743886,-0.5538859177438847,-0.24037915026261758,0.047688014502218296,5.1754609087722864e-5,FALSE,FALSE,FALSE,FALSE
420110,ROPER ST FRANCIS HOSPITAL-BERKELEY INC,MORT_30_PN,SC,2024,Planned TEFCA,15.9,125,16.205634673903603,-0.30563467390360427,-0.1387872984401638,0.13022123147902184,5.158543350013985e-5,FALSE,FALSE,FALSE,FALSE
161356,HENRY COUNTY HEALTH CENTER,MORT_30_PN,IA,2023,Neither current nor planned,18,55,17.360091791065788,0.6399082089342132,0.2759096671752884,0.03517705197895178,4.9642906367917104e-5,FALSE,FALSE,FALSE,FALSE
431330,AVERA ST BENEDICT HEALTH CENTER - CAH,MORT_30_PN,SD,2024,Neither current nor planned,17.5,25,17.118811188431085,0.38118881156891365,0.16881536545499073,0.08553656547650383,4.7682284437622776e-5,FALSE,FALSE,FALSE,FALSE
450755,COVENANT HOSPITAL LEVELLAND,MORT_30_PN,TX,2023,Planned TEFCA,15.9,25,16.36047249724303,-0.4604724972430308,-0.20128049206926682,0.06130797432211476,4.732991746409574e-5,FALSE,FALSE,FALSE,FALSE
361312,MERCY HEALTH - URBANA HOSPITAL,MORT_30_PN,OH,2024,Planned TEFCA,17.1,47,16.507502299824974,0.5924977001750256,0.25589873530447227,0.03844287535472468,4.682703567775304e-5,FALSE,FALSE,FALSE,FALSE
171357,HILLSBORO COMMUNITY HOSPITAL,MORT_30_PN,KS,2024,Planned TEFCA,17.7,27,18.124572147412533,-0.4245721474125324,-0.18638134232737222,0.06929325744311866,4.626215967410077e-5,FALSE,FALSE,FALSE,FALSE
050231,POMONA VALLEY HOSPITAL MEDICAL CENTER,MORT_30_PN,CA,2023,Current TEFCA,15.6,165,16.076447036761063,-0.47644703676106454,-0.20767499526111124,0.05597840060508576,4.574498916043976e-5,FALSE,FALSE,FALSE,FALSE
370158,PURCELL MUNICIPAL HOSPITAL,MORT_30_PN,OK,2024,Neither current nor planned,16,45,16.43930757996737,-0.43930757996736974,-0.19231501498813866,0.06410432498173442,4.53134876105392e-5,FALSE,FALSE,FALSE,FALSE
380075,PROVIDENCE MEDFORD MEDICAL CENTER,MORT_30_PN,OR,2023,Planned TEFCA,15.9,169,16.396840780499552,-0.4968407804995519,-0.2158414614199328,0.04963937307044344,4.3525275921779397e-5,FALSE,FALSE,FALSE,FALSE
381318,PROVIDENCE HOOD RIVER MEMORIAL HOSPITAL,MORT_30_PN,OR,2023,Planned TEFCA,16.1,70,16.59434719975342,-0.4943471997534204,-0.21472148224225118,0.04931529074325712,4.2778975759821307e-5,FALSE,FALSE,FALSE,FALSE
230174,TRINITY HEALTH GRAND HAVEN HOSPITAL,MORT_30_PN,MI,2023,Planned TEFCA,17.5,31,17.066744923710683,0.4332550762893159,0.18940422741615112,0.06152312745367888,4.206648455093123e-5,FALSE,FALSE,FALSE,FALSE
360055,INSIGHT HOSPITAL AND MEDICAL CENTER TRUMBULL,MORT_30_PN,OH,2023,Neither current nor planned,17.7,187,17.19451373999735,0.5054862600026478,0.21925093129880052,0.04663182252840484,4.205691783397242e-5,FALSE,FALSE,FALSE,FALSE
521308,AMERY HOSPITAL & CLINIC,MORT_30_PN,WI,2023,Planned TEFCA,15.9,54,15.63768787371682,0.2623121262831816,0.11936978291089681,0.13394169849073806,3.94199368936737e-5,FALSE,FALSE,FALSE,FALSE
100253,JUPITER MEDICAL CENTER,MORT_30_PN,FL,2023,Planned TEFCA,14,897,14.38914862344609,-0.3891486234460892,-0.17085925006203861,0.06961107359600735,3.906950497107618e-5,FALSE,FALSE,FALSE,FALSE
491305,SHENANDOAH MEMORIAL HOSPITAL,MORT_30_PN,VA,2024,Planned TEFCA,18,111,17.576792690445153,0.42320730955484775,0.18479698252468418,0.059343949272063906,3.8537071012663374e-5,FALSE,FALSE,FALSE,FALSE
420023,ST FRANCIS-DOWNTOWN,MORT_30_PN,SC,2024,Planned TEFCA,16.1,656,15.834141430550716,0.26585856944928493,0.12057605948123332,0.12807611533185728,3.8200581133926754e-5,FALSE,FALSE,FALSE,FALSE
330157,SAMARITAN MEDICAL CENTER,MORT_30_PN,NY,2023,Neither current nor planned,17.4,216,16.982888314576766,0.4171116854232346,0.18205858303997907,0.05855290464861541,3.687389062307247e-5,FALSE,FALSE,FALSE,FALSE
171310,CHEYENNE COUNTY HOSPITAL,MORT_30_PN,KS,2023,Neither current nor planned,18,29,18.361152818542223,-0.36115281854222364,-0.15888570557617726,0.07334110634195873,3.5739405386340115e-5,FALSE,FALSE,FALSE,FALSE
330229,"BROOKS-TLC HOSPITAL SYSTEM, INC",MORT_30_PN,NY,2023,Planned TEFCA,16.4,83,15.990353664632321,0.40964633536767786,0.17879273382693178,0.05847675250528877,3.551378358100779e-5,FALSE,FALSE,FALSE,FALSE
501329,PEACEHEALTH UNITED GENERAL MEDICAL CENTER,MORT_30_PN,WA,2023,Current TEFCA,16.9,78,17.284705769356332,-0.38470576935633444,-0.1684257288464927,0.06427026696461222,3.48517258167281e-5,FALSE,FALSE,FALSE,FALSE
310069,INSPIRA MEDICAL CENTER MULLICA HILL,MORT_30_PN,NJ,2023,Current TEFCA,14.4,618,14.600868213045644,-0.2008682130456433,-0.0938669626836701,0.17871861151443694,3.429777101942186e-5,FALSE,TRUE,FALSE,FALSE
360072,FAIRFIELD MEDICAL CENTER,MORT_30_PN,OH,2023,Planned TEFCA,17.1,317,16.659530951408946,0.44046904859105507,0.1911906606918535,0.04805128773230997,3.3003983939970674e-5,FALSE,FALSE,FALSE,FALSE
230302,HENRY FORD HEALTH WEST BLOOMFIELD HOSPITAL,MORT_30_PN,MI,2023,Current TEFCA,15.6,465,16.069422154480765,-0.46942215448076613,-0.2031474443309189,0.04231184045848456,3.261358121848989e-5,FALSE,FALSE,FALSE,FALSE
460026,INTERMOUNTAIN HEALTH SEVIER VALLEY HOSPITAL,MORT_30_PN,UT,2023,Planned TEFCA,15.1,39,15.538777585216765,-0.43877758521676563,-0.1903628541922297,0.04711537703592077,3.205003780105142e-5,FALSE,FALSE,FALSE,FALSE
360107,BELLEVUE HOSPITAL,MORT_30_PN,OH,2023,Current TEFCA,17.1,74,17.464353995728814,-0.3643539957288126,-0.15931644921481306,0.061933827530166005,2.997544839676325e-5,FALSE,FALSE,FALSE,FALSE
431310,AVERA FLANDREAU HOSPITAL - CAH,MORT_30_PN,SD,2024,Neither current nor planned,16.8,27,17.10156562482185,-0.3015656248218476,-0.1335279011947946,0.08520972296350934,2.9707587763074016e-5,FALSE,FALSE,FALSE,FALSE
150011,MARION GENERAL HOSPITAL,MORT_30_PN,IN,2024,Neither current nor planned,18,199,18.22244196732756,-0.22244196732755797,-0.10113733144146883,0.13242580011782024,2.7928682492877904e-5,FALSE,FALSE,FALSE,FALSE
161364,JEFFERSON COUNTY HEALTH CENTER,MORT_30_PN,IA,2024,Neither current nor planned,16.3,72,16.67371895361893,-0.37371895361892965,-0.16260988746308905,0.05266236205680199,2.629290931242578e-5,FALSE,FALSE,FALSE,FALSE
160030,MARY GREELEY MEDICAL CENTER,MORT_30_PN,IA,2023,Planned TEFCA,16,368,15.60186095870243,0.3981390412975707,0.17257982854817588,0.045446132781632814,2.536432024835151e-5,FALSE,FALSE,FALSE,FALSE
140275,GENESIS HLTH SYSTEM DBA GENESIS MDL CTR-ILLINI,MORT_30_PN,IL,2024,Current TEFCA,16.4,106,16.713271503463876,-0.3132715034638764,-0.13737996565942354,0.06739512389022026,2.4396781698975144e-5,FALSE,FALSE,FALSE,FALSE
451300,PARMER COUNTY COMMUNITY HOSPITAL,MORT_30_PN,TX,2023,Neither current nor planned,18,27,17.62925981532054,0.37074018467945835,0.16106822729868364,0.049772422704743524,2.4306951210000493e-5,FALSE,FALSE,FALSE,FALSE
160033,GENESIS MEDICAL CENTER-DAVENPORT,MORT_30_PN,IA,2024,Current TEFCA,16.5,651,16.860846393351192,-0.3608463933511937,-0.15687274051495165,0.051020515305103924,2.3666474948920165e-5,FALSE,FALSE,FALSE,FALSE
070018,GREENWICH HOSPITAL ASSOCIATION -,MORT_30_PN,CT,2024,Planned TEFCA,14,639,14.2339490269738,-0.23394902697380068,-0.10485067406176035,0.10711245101014723,2.359101109948368e-5,FALSE,FALSE,FALSE,FALSE
210057,ADVENTIST HEALTHCARE SHADY GROVE MEDICAL CENTER,MORT_30_PN,MD,2023,Neither current nor planned,17.8,683,17.599314947740705,0.20068505225929542,0.09143708805920384,0.1360670930708321,2.355487319407153e-5,FALSE,FALSE,FALSE,FALSE
381304,SOUTHERN COOS HOSPITAL & HEALTH CENTER,MORT_30_PN,OR,2024,Planned TEFCA,17.3,44,17.606376528884933,-0.30637652888493333,-0.1342528521272332,0.06595886345994015,2.2767208485817207e-5,FALSE,FALSE,FALSE,FALSE
230208,UNIVERSITY OF MICHIGAN HEALTH-SPARROW CARSON,MORT_30_PN,MI,2023,Neither current nor planned,16.4,57,16.774839801350417,-0.3748398013504188,-0.16249154876324495,0.045582804922018584,2.2556596913896457e-5,FALSE,FALSE,FALSE,FALSE
060116,GOOD SAMARITAN MEDICAL CENTER LLC,MORT_30_PN,CO,2023,Planned TEFCA,16.5,109,16.246474949783966,0.25352505021603366,0.1123806193449627,0.08723939792920778,2.1592269258777288e-5,FALSE,FALSE,FALSE,FALSE
340075,"BLUE RIDGE HEALTHCARE HOSPITALS, INC",MORT_30_PN,NC,2023,Planned TEFCA,15.5,304,15.916697972483176,-0.41669797248317514,-0.1796005902885707,0.03452706379069728,2.0633830484541028e-5,FALSE,FALSE,FALSE,FALSE
521359,TAMARACK HEALTH ASHLAND MEDICAL CENTER,MORT_30_PN,WI,2023,Neither current nor planned,16.7,79,16.88474041438281,-0.18474041438281266,-0.08420608900166508,0.13676188210508491,2.009487562307396e-5,FALSE,FALSE,FALSE,FALSE
360056,MERCY HEALTH - FAIRFIELD HOSPITAL,MORT_30_PN,OH,2024,Planned TEFCA,16.5,310,16.0847889814412,0.4152110185588015,0.17885592323983335,0.03340680813553765,1.9776202666075482e-5,FALSE,FALSE,FALSE,FALSE
231316,HILLS & DALES GENERAL HOSPITAL,MORT_30_PN,MI,2023,Current TEFCA,17.1,35,16.774504629030016,0.32549537096998526,0.141485163485088,0.05077011016610302,1.91519312487322e-5,FALSE,FALSE,FALSE,FALSE
360161,MH ST JOSEPH WARREN HOSPITAL,MORT_30_PN,OH,2024,Planned TEFCA,15.7,278,16.10920295171226,-0.40920295171225934,-0.1762515231924133,0.03322880182528413,1.9098639675472692e-5,FALSE,FALSE,FALSE,FALSE
060004,INTERMOUNTAIN HEALTH PLATTE VALLEY HOSPITAL,MORT_30_PN,CO,2023,Planned TEFCA,16.2,47,16.434972567950805,-0.23497256795080698,-0.10421797779532878,0.08831318058604072,1.8820282817106085e-5,FALSE,FALSE,FALSE,FALSE
100330,HALIFAX HEALTH /UF HEALTH MEDICAL CENTER OF DELTON,MORT_30_PN,FL,2024,Planned TEFCA,14.9,59,15.163111854461903,-0.2631118544619026,-0.11569735050076015,0.07246020605322111,1.870565580442742e-5,FALSE,FALSE,FALSE,FALSE
140276,LOYOLA UNIVERSITY MEDICAL CENTER,MORT_30_PN,IL,2024,Planned TEFCA,15,246,15.301931807135574,-0.3019318071355736,-0.131592512391551,0.055815423798335616,1.83111576222312e-5,FALSE,FALSE,FALSE,FALSE
381303,PROVIDENCE SEASIDE HOSPITAL,MORT_30_PN,OR,2023,Planned TEFCA,16.9,73,16.584943789220123,0.31505621077987583,0.13683750030828712,0.04924543364933004,1.7348537217485938e-5,FALSE,FALSE,FALSE,FALSE
281304,THAYER COUNTY HEALTH SERVICES,MORT_30_PN,NE,2024,Neither current nor planned,17.5,42,17.331045136897718,0.16895486310228192,0.07651894672745073,0.12562795076560537,1.504848507477428e-5,FALSE,FALSE,FALSE,FALSE
461333,INTERMOUNTAIN HEALTH GARFIELD MEMORIAL HOSPITAL,MORT_30_PN,UT,2023,Planned TEFCA,15.9,29,15.605165343257909,0.2948346567420919,0.1279948346234961,0.0483593276287833,1.4891860954782932e-5,FALSE,FALSE,FALSE,FALSE
490136,BON SECOURS ST FRANCIS MEDICAL CENTER,MORT_30_PN,VA,2024,Planned TEFCA,17.7,365,17.435505792878125,0.2644942071218745,0.11537373040268428,0.057422757857959944,1.4505747766320329e-5,FALSE,FALSE,FALSE,FALSE
340027,UNC LENOIR HEALTH CARE,MORT_30_PN,NC,2023,Planned TEFCA,15.6,266,15.946619918591765,-0.3466199185917657,-0.14938525345765524,0.034400814898301976,1.4221310746710129e-5,FALSE,FALSE,FALSE,FALSE
140029,COPLEY MEMORIAL HOSPITAL,MORT_30_PN,IL,2024,Planned TEFCA,15.4,503,15.141655411565877,0.25834458843412456,0.1127423211098074,0.05827775430008152,1.4070629628880467e-5,FALSE,FALSE,FALSE,FALSE
050063,HOLLYWOOD PRESBYTERIAN MEDICAL CENTER,MORT_30_PN,CA,2024,Current TEFCA,16,281,16.246717162188485,-0.2467171621884847,-0.10764262284577522,0.05783414046682486,1.272289451692462e-5,FALSE,FALSE,FALSE,FALSE
331314,SOLDIERS AND SAILORS MEMORIAL HOSPITAL OF YATES,MORT_30_PN,NY,2023,Neither current nor planned,17.8,28,17.566156496794235,0.2338435032057652,0.10229975928392557,0.0628745615644985,1.2559946161305001e-5,FALSE,FALSE,FALSE,FALSE
490017,BON SECOURS MARYVIEW MEDICAL CENTER,MORT_30_PN,VA,2024,Planned TEFCA,17.3,230,17.53899078148396,-0.23899078148396022,-0.1042328620764512,0.057134795437203054,1.1776640097266585e-5,FALSE,FALSE,FALSE,FALSE
160067,MERCYONE WATERLOO MEDICAL CENTER,MORT_30_PN,IA,2024,Neither current nor planned,17.1,146,17.430900047347894,-0.3309000473478925,-0.1423808038889295,0.031288303226323665,1.17123550233745e-5,FALSE,FALSE,FALSE,FALSE
230075,BRONSON BATTLE CREEK HOSPITAL,MORT_30_PN,MI,2023,Current TEFCA,15.9,277,16.185500952195472,-0.2855009521954717,-0.12338961314713026,0.03980849840398319,1.1291011444442115e-5,FALSE,FALSE,FALSE,FALSE
100073,HOLY CROSS HOSPITAL,MORT_30_PN,FL,2024,Current TEFCA,14.2,557,14.394996587964293,-0.1949965879642935,-0.08583667129460608,0.07444490627048639,1.0600884588019925e-5,FALSE,FALSE,FALSE,FALSE
360172,MERCY REGIONAL MEDICAL CENTER,MORT_30_PN,OH,2024,Planned TEFCA,16.5,188,16.196859054451863,0.3031409455481354,0.1305558242389749,0.033063353305440975,1.0425519486734334e-05,FALSE,FALSE,FALSE,FALSE
380020,MCKENZIE-WILLAMETTE MEDICAL CENTER,MORT_30_PN,OR,2023,Neither current nor planned,17.6,95,17.811949631634878,-0.2119496316348777,-0.09261605817121009,0.06073606060729883,9.921887512579491e-6,FALSE,FALSE,FALSE,FALSE
360095,BLANCHARD VALLEY HOSPITAL,MORT_30_PN,OH,2024,Neither current nor planned,17.1,263,17.328487002926135,-0.22848700292613247,-0.09942406278636275,0.05281266088044986,9.859319212537547e-6,FALSE,FALSE,FALSE,FALSE
160124,LAKES REGIONAL HEALTHCARE,MORT_30_PN,IA,2024,Neither current nor planned,17.6,132,17.328035900248462,0.2719640997515379,0.1171644496206345,0.03365934482443455,8.55314746094461e-6,FALSE,FALSE,FALSE,FALSE
460004,MCKAY-DEE HOSPITAL,MORT_30_PN,UT,2023,Planned TEFCA,14.9,254,15.11889936572088,-0.2188993657208795,-0.09506550969151063,0.04909244980823224,8.346122692541507e-6,FALSE,FALSE,FALSE,FALSE
161369,CRAWFORD COUNTY MEMORIAL HOSPITAL,MORT_30_PN,IA,2023,Neither current nor planned,17.6,54,17.364203497890507,0.2357965021094931,0.10166357320238423,0.03519351935184823,6.743954572914053e-6,FALSE,FALSE,FALSE,FALSE
360013,WILSON MEMORIAL HOSPITAL,MORT_30_PN,OH,2023,Planned TEFCA,17.1,107,16.90290005978457,0.19709994021542876,0.08549522133923947,0.04680173148698896,6.419867448564105e-6,FALSE,FALSE,FALSE,FALSE
360001,MERCY HEALTH-ANDERSON HOSPITAL,MORT_30_PN,OH,2024,Planned TEFCA,15.8,416,16.018883638515966,-0.21888363851596457,-0.09432167484976482,0.034174348396309034,5.631019288787776e-6,FALSE,FALSE,FALSE,FALSE
300005,CONCORD HOSPITAL- LACONIA,MORT_30_PN,NH,2023,Planned TEFCA,15.4,312,15.345257977361523,0.054742022638477585,0.02697496097788955,0.2614005450768952,4.606677908628037e-6,FALSE,TRUE,FALSE,FALSE
390233,UPMC HANOVER,MORT_30_PN,PA,2023,Planned TEFCA,15.3,390,15.122875706005924,0.17712429399407595,0.0765185997971629,0.03901839372748168,4.2525864009376565e-6,FALSE,FALSE,FALSE,FALSE
330057,ST PETER'S HOSPITAL,MORT_30_PN,NY,2024,Current TEFCA,16,769,16.13443300117792,-0.13443300117792148,-0.0587346664207479,0.06046320779939572,3.971303097693708e-6,FALSE,FALSE,FALSE,FALSE
230236,UNIVERSITY OF MICHIGAN HEALTH - WEST,MORT_30_PN,MI,2024,Planned TEFCA,16.3,78,16.154781625146374,0.1452183748536258,0.0629302547165265,0.044973178997245844,3.335978476890012e-6,FALSE,FALSE,FALSE,FALSE
230085,BRONSON SOUTH HAVEN HOSPITAL,MORT_30_PN,MI,2023,Current TEFCA,16.8,34,16.655547567626,0.1444524323739985,0.06253231505156859,0.04295563813103192,3.139521057449289e-6,FALSE,FALSE,FALSE,FALSE
340090,JOHNSTON HEALTH,MORT_30_PN,NC,2023,Planned TEFCA,16,424,15.842144689990384,0.15785531000961564,0.06805975359208034,0.03521718607264522,3.0246252320252575e-6,FALSE,FALSE,FALSE,FALSE
161363,MONTGOMERY COUNTY MEMORIAL HOSPITAL,MORT_30_PN,IA,2024,Current TEFCA,16.8,57,16.662721870514606,0.1372781294853942,0.05943722105148102,0.043297755066005625,2.860040244324663e-6,FALSE,FALSE,FALSE,FALSE
281349,PENDER COMMUNITY HOSPITAL,MORT_30_PN,NE,2024,Current TEFCA,17.2,42,17.2676992326673,-0.06769923266730007,-0.030609315203442327,0.12269747958302245,2.3440238439254543e-6,FALSE,FALSE,FALSE,FALSE
390086,PENN HIGHLANDS DUBOIS,MORT_30_PN,PA,2023,Neither current nor planned,16.6,274,16.488013615330225,0.11198638466977603,0.048616710900258285,0.04841082310076951,2.150956228387577e-6,FALSE,FALSE,FALSE,FALSE
431302,AVERA MISSOURI RIVER HEALTH CENTER,MORT_30_PN,SD,2024,Neither current nor planned,17,30,17.077956257694588,-0.07795625769458778,-0.03450958306010674,0.08480878018545622,1.974134494476404e-6,FALSE,FALSE,FALSE,FALSE
530012,BANNER WYOMING MEDICAL CENTER,MORT_30_PN,WY,2024,Planned TEFCA,16.7,464,16.754775702711303,-0.054775702711302963,-0.02494064045295583,0.13493331792886154,1.7356157762873794e-6,FALSE,FALSE,FALSE,FALSE
511317,"CAMC PLATEAU MEDICAL CENTER, INC",MORT_30_PN,WV,2024,Planned TEFCA,16.1,54,16.06700784741642,0.03299215258358127,0.016307785777544635,0.2659596867728311,1.7236732368170283e-6,FALSE,TRUE,FALSE,FALSE
180048,EPHRAIM MCDOWELL REGIONAL MEDICAL CENTER,MORT_30_PN,KY,2024,Planned TEFCA,18.4,316,18.452738341448438,-0.05273834144843944,-0.024075377887191825,0.13941147436572512,1.6796469206714772e-6,FALSE,FALSE,FALSE,FALSE
030130,BANNER IRONWOOD MEDICAL CENTER,MORT_30_PN,AZ,2024,Planned TEFCA,16.5,234,16.41264246670874,0.08735753329126236,0.038087001509578874,0.05651139432166499,1.5542507065902284e-6,FALSE,FALSE,FALSE,FALSE
490067,BON SECOURS SOUTHSIDE MEDICAL CENTER,MORT_30_PN,VA,2024,Planned TEFCA,17.3,459,17.384156823265815,-0.08415682326581422,-0.036719506615694925,0.05794899711872413,1.4836566375863529e-6,FALSE,FALSE,FALSE,FALSE
161355,KNOXVILLE HOSPITAL & CLINICS,MORT_30_PN,IA,2023,Neither current nor planned,17.6,53,17.49384470243679,0.10615529756321401,0.04576536751445052,0.03506196655991005,1.361377006269128e-6,FALSE,FALSE,FALSE,FALSE
370097,SOUTHWESTERN MEDICAL CENTER,MORT_30_PN,OK,2024,Planned TEFCA,16.1,170,16.171444842616605,-0.07144484261660486,-0.03140146280075995,0.07160849591979736,1.3605097225226624e-6,FALSE,FALSE,FALSE,FALSE
060076,STERLING REGIONAL MEDCENTER,MORT_30_PN,CO,2024,Planned TEFCA,17.2,72,17.247384481659164,-0.047384481659166165,-0.02102848599470129,0.08936362474699876,7.762483703625445e-7,FALSE,FALSE,FALSE,FALSE
420065,BON SECOURS-ST FRANCIS XAVIER HOSPITAL,MORT_30_PN,SC,2024,Planned TEFCA,16,267,16.0355712201892,-0.03557122018920047,-0.01612805985050146,0.12758751554978542,6.804866476488054e-7,FALSE,FALSE,FALSE,FALSE
100125,HOMESTEAD HOSPITAL,MORT_30_PN,FL,2023,Planned TEFCA,14,146,14.052091378270173,-0.052091378270173704,-0.022812934453864418,0.06489971860469625,6.461238621844507e-7,FALSE,FALSE,FALSE,FALSE
511309,VALLEY HEALTH WAR MEMORIAL HOSPITAL,MORT_30_PN,WV,2024,Planned TEFCA,15.4,43,15.420458454053833,-0.020458454053831922,-0.010040280488656213,0.25536677007624364,6.184190062608835e-7,FALSE,TRUE,FALSE,FALSE
460014,MOUNTAIN WEST MEDICAL CENTER,MORT_30_PN,UT,2023,Neither current nor planned,16.1,35,16.151467542927833,-0.051467542927831976,-0.0224550172343099,0.05783087283889844,5.536388075727044e-7,FALSE,FALSE,FALSE,FALSE
360112,MERCY ST VINCENT MEDICAL CENTER,MORT_30_PN,OH,2024,Planned TEFCA,16,599,15.937188740265222,0.06281125973477744,0.027088035965526575,0.03570718611330132,4.860382169041823e-7,FALSE,FALSE,FALSE,FALSE
161377,MERCYONE CENTERVILLE MEDICAL CENTER,MORT_30_PN,IA,2024,Current TEFCA,17.5,48,17.44509663459308,0.05490336540691768,0.02375527464115427,0.04199748288998537,4.425328747154888e-7,FALSE,FALSE,FALSE,FALSE
230105,MCLAREN NORTHERN MICHIGAN,MORT_30_PN,MI,2024,Planned TEFCA,16.7,233,16.653428604302682,0.04657139569731703,0.020255120809473736,0.051892583243106756,4.0168568493774547e-7,FALSE,FALSE,FALSE,FALSE
100350,UCF LAKE NONA HOSPITAL,MORT_30_PN,FL,2024,Neither current nor planned,15.8,56,15.763246998500575,0.036753001499426265,0.016198204662407296,0.07670504763629118,3.8992967799705926e-7,FALSE,FALSE,FALSE,FALSE
500016,CONFLUENCE HEALTH HOSPITAL,MORT_30_PN,WA,2024,Planned TEFCA,16.7,307,16.66298260858575,0.03701739141425018,0.016189544013190397,0.06237109124293618,3.118822308032409e-7,FALSE,FALSE,FALSE,FALSE
220090,MILFORD REGIONAL MEDICAL CENTER,MORT_30_PN,MA,2024,Current TEFCA,15.5,777,15.467825513893319,0.032174486106681034,0.014201188297383786,0.07941812318428729,3.112258495357278e-7,FALSE,FALSE,FALSE,FALSE
460019,UINTAH BASIN MEDICAL CENTER,MORT_30_PN,UT,2023,Neither current nor planned,16.8,63,16.763621547750315,0.0363784522496867,0.015875960736742363,0.05833377056628823,2.793007732933688e-7,FALSE,FALSE,FALSE,FALSE
140101,MORRIS HOSPITAL & HEALTHCARE CENTERS,MORT_30_PN,IL,2024,Planned TEFCA,16,255,15.991471711923612,0.008528288076387535,0.0037467070732389177,0.07079260861247261,1.9131277590146664e-8,FALSE,FALSE,FALSE,FALSE
141341,PANA COMMUNITY HOSPITAL,MORT_30_PN,IL,2023,Current TEFCA,16.6,40,16.59580456806218,0.004195431937820715,0.0018499175012741506,0.07756230477107677,5.1473965448434044e-9,FALSE,FALSE,FALSE,FALSE
321307,MINERS' COLFAX MEDICAL CENTER,MORT_30_PN,NM,2024,Neither current nor planned,20.2,45,20.19930668007979,6.933199202090785e-4,4.178639526907769e-4,0.5062740633272607,3.2028661961931123e-9,FALSE,TRUE,FALSE,FALSE
320065,COVENANT HEALTH HOBBS HOSPITAL,MORT_30_PN,NM,2023,Planned TEFCA,18.6,71,18.60069331992021,-6.933199202089573e-4,-4.178639526907039e-4,0.5062740633272608,3.202866196191994e-9,FALSE,TRUE,FALSE,FALSE
110146,SOUTHEAST GEORGIA HEALTH SYSTEM -- CAMDEN CAMPUS,MORT_30_PN,GA,2023,Planned TEFCA,16.5,64,16.501508800265164,-0.0015088002651623916,-6.73976973423205e-4,0.10120264146396614,9.149332731710519e-10,FALSE,FALSE,FALSE,FALSE
090003,HOWARD UNIVERSITY HOSPITAL CORP,MORT_30_PN,DC,2023,Neither current nor planned,15.1,130,15.1,3.658809804258449e-16,NA,1,NA,NA,TRUE,TRUE,NA
