facility_id,facility_name,cms_state,measure_id,measure_name,denominator,score,lower_estimate,higher_estimate,start_date,end_date,aha_id,mstate,year,national_network,vendor_network,hio,tefca_part,tefca_plan,tefca_status,log_denominator
010007,MIZELL MEMORIAL HOSPITAL,AL,Hybrid_HWM,Hybrid Hospital-Wide All-Cause Risk Standardized Mortality Rate,125,4.8,2.3,9.6,07/01/2023,06/30/2024,6530765,AL,2023,0,0,0,1,0,Current TEFCA,4.8283137373023015
010023,BAPTIST MEDICAL CENTER SOUTH,AL,Hybrid_HWM,Hybrid Hospital-Wide All-Cause Risk Standardized Mortality Rate,1003,4.1,2.8,5.9,07/01/2023,06/30/2024,6530705,AL,2024,1,1,1,1,0,Current TEFCA,6.910750787961936
010029,THE EAST ALABAMA HEALTHCARE AUTHORITY,AL,Hybrid_HWM,Hybrid Hospital-Wide All-Cause Risk Standardized Mortality Rate,1247,4.2,2.9,6.1,07/01/2023,06/30/2024,6530760,AL,2024,0,0,0,0,0,Neither current nor planned,7.1284959456800365
010034,COMMUNITY HOSPITAL INC,AL,Hybrid_HWM,Hybrid Hospital-Wide All-Cause Risk Standardized Mortality Rate,37,4.2,2.2,7.7,07/01/2023,06/30/2024,6530380,AL,2024,0,0,0,0,0,Neither current nor planned,3.6109179126442243
010045,FAYETTE MEDICAL CENTER,AL,Hybrid_HWM,Hybrid Hospital-Wide All-Cause Risk Standardized Mortality Rate,89,4.3,2.3,7.7,07/01/2023,06/30/2024,6530425,AL,2023,0,0,1,0,1,Planned TEFCA,4.48863636973214
010062,WIREGRASS MEDICAL CENTER,AL,Hybrid_HWM,Hybrid Hospital-Wide All-Cause Risk Standardized Mortality Rate,37,5.1,3,8.3,07/01/2023,06/30/2024,6530475,AL,2023,1,0,1,0,0,Neither current nor planned,3.6109179126442243
010087,USA HEALTH UNIVERSITY HOSPITAL,AL,Hybrid_HWM,Hybrid Hospital-Wide All-Cause Risk Standardized Mortality Rate,541,4.6,3.4,5.9,07/01/2023,06/30/2024,6530600,AL,2023,1,0,1,0,1,Planned TEFCA,6.293419278846481
010092,DCH REGIONAL MEDICAL CENTER,AL,Hybrid_HWM,Hybrid Hospital-Wide All-Cause Risk Standardized Mortality Rate,1849,5.3,4.1,6.7,07/01/2023,06/30/2024,6530960,AL,2023,0,0,1,0,1,Planned TEFCA,7.522400231387125
010097,ELMORE COMMUNITY HOSPITAL,AL,Hybrid_HWM,Hybrid Hospital-Wide All-Cause Risk Standardized Mortality Rate,75,4.5,2.4,8.2,07/01/2023,06/30/2024,6531017,AL,2023,0,0,0,0,0,Neither current nor planned,4.31748811353631
010126,TROY REGIONAL MEDICAL CENTER,AL,Hybrid_HWM,Hybrid Hospital-Wide All-Cause Risk Standardized Mortality Rate,82,4.5,2.8,7.4,07/01/2023,06/30/2024,653095A,AL,2023,0,0,0,0,0,Neither current nor planned,4.406719247264253
010148,EVERGREEN MEDICAL CENTER,AL,Hybrid_HWM,Hybrid Hospital-Wide All-Cause Risk Standardized Mortality Rate,147,4.3,2.7,6.5,07/01/2023,06/30/2024,6530415,AL,2024,0,0,0,0,0,Neither current nor planned,4.990432586778736
010149,BAPTIST MEDICAL CENTER EAST,AL,Hybrid_HWM,Hybrid Hospital-Wide All-Cause Risk Standardized Mortality Rate,629,3.7,2.7,5.1,07/01/2023,06/30/2024,6530800,AL,2024,1,1,1,1,0,Current TEFCA,6.444131256700441
020012,FAIRBANKS MEMORIAL HOSPITAL,AK,Hybrid_HWM,Hybrid Hospital-Wide All-Cause Risk Standardized Mortality Rate,624,4.8,3.7,6,07/01/2023,06/30/2024,6940058,AK,2023,1,0,1,0,0,Neither current nor planned,6.436150368369428
020026,ALASKA NATIVE MEDICAL CENTER,AK,Hybrid_HWM,Hybrid Hospital-Wide All-Cause Risk Standardized Mortality Rate,812,3.9,3.1,5,07/01/2023,06/30/2024,6940010,AK,2024,1,0,1,0,1,Planned TEFCA,6.699500340161678
021304,PETERSBURG MEDICAL CENTER,AK,Hybrid_HWM,Hybrid Hospital-Wide All-Cause Risk Standardized Mortality Rate,30,4.3,2.6,7,07/01/2023,06/30/2024,6940160,AK,2023,1,0,1,0,0,Neither current nor planned,3.4011973816621555
021311,PEACEHEALTH KETCHIKAN MEDICAL CENTER,AK,Hybrid_HWM,Hybrid Hospital-Wide All-Cause Risk Standardized Mortality Rate,172,4.2,3.1,5.6,07/01/2023,06/30/2024,6940100,AK,2023,1,1,1,1,0,Current TEFCA,5.147494476813453
030002,BANNER - UNIVERSITY MEDICAL CENTER PHOENIX,AZ,Hybrid_HWM,Hybrid Hospital-Wide All-Cause Risk Standardized Mortality Rate,1426,3.3,2.7,4,07/01/2023,06/30/2024,6860250,AZ,2024,1,0,1,0,1,Planned TEFCA,7.262628600974241
030006,TUCSON MEDICAL CENTER,AZ,Hybrid_HWM,Hybrid Hospital-Wide All-Cause Risk Standardized Mortality Rate,3349,4.7,4.1,5.5,07/01/2023,06/30/2024,6860020,AZ,2023,1,1,1,0,1,Planned TEFCA,8.116417072794205
030016,BANNER CASA GRANDE MEDICAL CENTER,AZ,Hybrid_HWM,Hybrid Hospital-Wide All-Cause Risk Standardized Mortality Rate,521,4.3,3.4,5.4,07/01/2023,06/30/2024,6860025,AZ,2024,1,0,1,0,1,Planned TEFCA,6.255750041753367
030061,BANNER BOSWELL MEDICAL CENTER,AZ,Hybrid_HWM,Hybrid Hospital-Wide All-Cause Risk Standardized Mortality Rate,2487,4.5,3.8,5.2,07/01/2023,06/30/2024,6860378,AZ,2024,1,0,1,0,1,Planned TEFCA,7.818832443803404
030064,BANNER - UNIVERSITY MEDICAL CENTER TUCSON CAMPUS,AZ,Hybrid_HWM,Hybrid Hospital-Wide All-Cause Risk Standardized Mortality Rate,1506,3.6,3,4.3,07/01/2023,06/30/2024,6860516,AZ,2024,1,0,1,0,1,Planned TEFCA,7.317212408359839
030065,BANNER DESERT MEDICAL CENTER,AZ,Hybrid_HWM,Hybrid Hospital-Wide All-Cause Risk Standardized Mortality Rate,2049,3.7,3.1,4.4,07/01/2023,06/30/2024,6860016,AZ,2024,1,0,1,0,1,Planned TEFCA,7.6251071482389
030088,BANNER BAYWOOD MEDICAL CENTER,AZ,Hybrid_HWM,Hybrid Hospital-Wide All-Cause Risk Standardized Mortality Rate,1779,4.9,4.1,5.7,07/01/2023,06/30/2024,6860185,AZ,2024,1,0,1,0,1,Planned TEFCA,7.483806687665835
030089,BANNER THUNDERBIRD MEDICAL CENTER,AZ,Hybrid_HWM,Hybrid Hospital-Wide All-Cause Risk Standardized Mortality Rate,1491,4.2,3.5,5,07/01/2023,06/30/2024,6860013,AZ,2024,1,0,1,0,1,Planned TEFCA,7.307202314764738
030093,BANNER DEL E. WEBB MEDICAL CENTER,AZ,Hybrid_HWM,Hybrid Hospital-Wide All-Cause Risk Standardized Mortality Rate,2434,4.2,3.5,4.9,07/01/2023,06/30/2024,6860430,AZ,2024,1,0,1,0,1,Planned TEFCA,7.797291273547472
030103,MAYO CLINIC HOSPITAL,AZ,Hybrid_HWM,Hybrid Hospital-Wide All-Cause Risk Standardized Mortality Rate,4339,2.6,2.2,3,07/01/2023,06/30/2024,6860019,AZ,2023,0,1,1,0,1,Planned TEFCA,8.37539918579835
030111,BANNER-UNIVERSITY MEDICAL CENTER SOUTH CAMPUS,AZ,Hybrid_HWM,Hybrid Hospital-Wide All-Cause Risk Standardized Mortality Rate,311,4,3.1,5.2,07/01/2023,06/30/2024,6860450,AZ,2024,1,0,1,0,1,Planned TEFCA,5.739792912179234
030115,BANNER ESTRELLA MEDICAL CENTER,AZ,Hybrid_HWM,Hybrid Hospital-Wide All-Cause Risk Standardized Mortality Rate,882,3.9,3.2,4.8,07/01/2023,06/30/2024,6860036,AZ,2024,1,0,1,0,1,Planned TEFCA,6.782192056006791
030122,BANNER GATEWAY MEDICAL CENTER,AZ,Hybrid_HWM,Hybrid Hospital-Wide All-Cause Risk Standardized Mortality Rate,756,4,3.1,4.9,07/01/2023,06/30/2024,6860043,AZ,2024,1,0,1,0,1,Planned TEFCA,6.628041376179533
030130,BANNER IRONWOOD MEDICAL CENTER,AZ,Hybrid_HWM,Hybrid Hospital-Wide All-Cause Risk Standardized Mortality Rate,385,3.8,2.8,4.9,07/01/2023,06/30/2024,6860059,AZ,2024,1,0,1,0,1,Planned TEFCA,5.953243334287785
030134,BANNER GOLDFIELD MEDICAL CENTER,AZ,Hybrid_HWM,Hybrid Hospital-Wide All-Cause Risk Standardized Mortality Rate,89,3.8,2.4,5.9,07/01/2023,06/30/2024,6860263,AZ,2024,1,0,1,0,1,Planned TEFCA,4.48863636973214
030147,BANNER OCOTILLO MEDICAL CENTER,AZ,Hybrid_HWM,Hybrid Hospital-Wide All-Cause Risk Standardized Mortality Rate,346,3.9,2.9,5.1,07/01/2023,06/30/2024,6860473,AZ,2024,1,0,1,0,1,Planned TEFCA,5.846438775057725
031317,LA PAZ REGIONAL HOSPITAL,AZ,Hybrid_HWM,Hybrid Hospital-Wide All-Cause Risk Standardized Mortality Rate,87,5,3.5,6.7,07/01/2023,06/30/2024,6860205,AZ,2023,0,1,1,0,0,Neither current nor planned,4.465908118654584
031318,BANNER PAYSON MEDICAL CENTER,AZ,Hybrid_HWM,Hybrid Hospital-Wide All-Cause Risk Standardized Mortality Rate,223,4.1,3,5.5,07/01/2023,06/30/2024,6860225,AZ,2024,1,0,1,0,1,Planned TEFCA,5.407171771460119
031319,MT. GRAHAM REGIONAL MEDICAL CENTER,AZ,Hybrid_HWM,Hybrid Hospital-Wide All-Cause Risk Standardized Mortality Rate,105,4.3,3.2,5.6,07/01/2023,06/30/2024,6860360,AZ,2023,0,0,1,0,0,Neither current nor planned,4.653960350157523
040019,FORREST CITY MEDICAL CENTER,AR,Hybrid_HWM,Hybrid Hospital-Wide All-Cause Risk Standardized Mortality Rate,66,4.6,3.1,6.6,07/01/2023,06/30/2024,6710198,AR,2024,0,0,0,0,0,Neither current nor planned,4.189654742026425
040039,ARKANSAS METHODIST MEDICAL CENTER,AR,Hybrid_HWM,Hybrid Hospital-Wide All-Cause Risk Standardized Mortality Rate,285,5.1,3.8,6.7,07/01/2023,06/30/2024,6710510,AR,2023,0,0,1,0,0,Neither current nor planned,5.652489180268651
040050,OUACHITA COUNTY MEDICAL CENTER,AR,Hybrid_HWM,Hybrid Hospital-Wide All-Cause Risk Standardized Mortality Rate,140,4.8,3.4,6.6,07/01/2023,06/30/2024,6710083,AR,2024,1,0,1,0,0,Neither current nor planned,4.941642422609304
040069,GREAT RIVER MEDICAL CENTER,AR,Hybrid_HWM,Hybrid Hospital-Wide All-Cause Risk Standardized Mortality Rate,51,4.1,2.5,6.7,07/01/2023,06/30/2024,6710055,AR,2024,0,1,1,1,0,Current TEFCA,3.9318256327243257
040071,JEFFERSON REGIONAL MEDICAL CENTER,AR,Hybrid_HWM,Hybrid Hospital-Wide All-Cause Risk Standardized Mortality Rate,691,4.8,3.9,5.9,07/01/2023,06/30/2024,6710520,AR,2023,0,0,1,0,0,Neither current nor planned,6.53813982376767
040088,SOUTH ARKANSAS REGIONAL HOSPITAL LLC,AR,Hybrid_HWM,Hybrid Hospital-Wide All-Cause Risk Standardized Mortality Rate,444,5.4,4.3,6.6,07/01/2023,06/30/2024,6710145,AR,2024,0,0,1,0,0,Neither current nor planned,6.095824562432225
041309,LAWRENCE MEMORIAL HOSPITAL,AR,Hybrid_HWM,Hybrid Hospital-Wide All-Cause Risk Standardized Mortality Rate,29,4.3,2.9,6.4,07/01/2023,06/30/2024,6710617,AR,2023,0,0,1,0,0,Neither current nor planned,3.367295829986474
041330,PIGGOTT COMMUNITY HOSPITAL,AR,Hybrid_HWM,Hybrid Hospital-Wide All-Cause Risk Standardized Mortality Rate,231,4.4,3.3,5.8,07/01/2023,06/30/2024,6710515,AR,2023,1,0,1,0,0,Neither current nor planned,5.442417710521793
050063,HOLLYWOOD PRESBYTERIAN MEDICAL CENTER,CA,Hybrid_HWM,Hybrid Hospital-Wide All-Cause Risk Standardized Mortality Rate,816,4.1,3.4,4.9,07/01/2023,06/30/2024,6931670,CA,2024,0,0,1,1,0,Current TEFCA,6.704414354964107
050076,KAISER FOUNDATION HOSPITAL - SAN FRANCISCO,CA,Hybrid_HWM,Hybrid Hospital-Wide All-Cause Risk Standardized Mortality Rate,143,4.2,3.3,5.3,07/01/2023,06/30/2024,6930015,CA,2023,0,1,1,0,0,Neither current nor planned,4.962844630259907
050090,SONOMA VALLEY HOSPITAL,CA,Hybrid_HWM,Hybrid Hospital-Wide All-Cause Risk Standardized Mortality Rate,225,4.8,3.8,6.1,07/01/2023,06/30/2024,6933520,CA,2024,1,1,1,1,0,Current TEFCA,5.41610040220442
050091,COMMUNITY HOSPITAL OF HUNTINGTON PARK,CA,Hybrid_HWM,Hybrid Hospital-Wide All-Cause Risk Standardized Mortality Rate,134,4.4,3.5,5.3,07/01/2023,06/30/2024,6930048,CA,2023,0,0,0,0,0,Neither current nor planned,4.897839799950911
050093,SAINT AGNES MEDICAL CENTER,CA,Hybrid_HWM,Hybrid Hospital-Wide All-Cause Risk Standardized Mortality Rate,2584,4.1,3.6,4.7,07/01/2023,06/30/2024,6930810,CA,2024,0,0,1,1,0,Current TEFCA,7.857093864902493
050110,LOMPOC VALLEY MEDICAL CENTER,CA,Hybrid_HWM,Hybrid Hospital-Wide All-Cause Risk Standardized Mortality Rate,423,5.5,4.4,6.6,07/01/2023,06/30/2024,6931300,CA,2023,0,0,1,0,0,Neither current nor planned,6.0473721790462776
050122,DAMERON HOSPITAL,CA,Hybrid_HWM,Hybrid Hospital-Wide All-Cause Risk Standardized Mortality Rate,236,4.8,3.8,5.9,07/01/2023,06/30/2024,6933610,CA,2024,0,0,1,1,0,Current TEFCA,5.4638318050256105
050152,UCSF HEALTH SAINT FRANCIS HOSPITAL,CA,Hybrid_HWM,Hybrid Hospital-Wide All-Cause Risk Standardized Mortality Rate,192,3.8,3,4.7,07/01/2023,06/30/2024,6933020,CA,2024,1,0,1,0,1,Planned TEFCA,5.2574953720277815
050159,VENTURA COUNTY MEDICAL CENTER,CA,Hybrid_HWM,Hybrid Hospital-Wide All-Cause Risk Standardized Mortality Rate,612,4.6,3.7,5.6,07/01/2023,06/30/2024,6933820,CA,2024,1,0,1,0,0,Neither current nor planned,6.416732282512326
050180,JOHN MUIR MEDICAL CENTER - WALNUT CREEK CAMPUS,CA,Hybrid_HWM,Hybrid Hospital-Wide All-Cause Risk Standardized Mortality Rate,3033,3.5,3,4.1,07/01/2023,06/30/2024,6933853,CA,2024,1,1,0,0,1,Planned TEFCA,8.017307507688582
050204,PALMDALE REGIONAL MEDICAL CENTER,CA,Hybrid_HWM,Hybrid Hospital-Wide All-Cause Risk Standardized Mortality Rate,584,4.6,3.8,5.6,07/01/2023,06/30/2024,6931180,CA,2024,1,0,1,0,0,Neither current nor planned,6.369900982828227
050231,POMONA VALLEY HOSPITAL MEDICAL CENTER,CA,Hybrid_HWM,Hybrid Hospital-Wide All-Cause Risk Standardized Mortality Rate,1014,3.7,3.1,4.4,07/01/2023,06/30/2024,6932450,CA,2023,1,0,1,1,0,Current TEFCA,6.921658184151129
050254,MARSHALL MEDICAL CENTER,CA,Hybrid_HWM,Hybrid Hospital-Wide All-Cause Risk Standardized Mortality Rate,824,4.8,4,5.7,07/01/2023,06/30/2024,6932440,CA,2024,1,1,1,0,1,Planned TEFCA,6.714170529909472
050283,STANFORD HEALTH CARE TRI-VALLEY,CA,Hybrid_HWM,Hybrid Hospital-Wide All-Cause Risk Standardized Mortality Rate,1218,3.2,2.7,3.8,07/01/2023,06/30/2024,6930107,CA,2023,1,1,1,0,1,Planned TEFCA,7.1049654482698426
050334,SALINAS VALLEY MEMORIAL HOSPITAL,CA,Hybrid_HWM,Hybrid Hospital-Wide All-Cause Risk Standardized Mortality Rate,1795,3.7,3.1,4.4,07/01/2023,06/30/2024,6932745,CA,2023,1,1,1,0,1,Planned TEFCA,7.492760300922379
050352,BARTON MEMORIAL HOSPITAL,CA,Hybrid_HWM,Hybrid Hospital-Wide All-Cause Risk Standardized Mortality Rate,267,4.2,3.2,5.4,07/01/2023,06/30/2024,6933659,CA,2023,1,1,0,0,0,Neither current nor planned,5.58724865840025
050394,COMMUNITY MEMORIAL HOSPITAL - VENTURA,CA,Hybrid_HWM,Hybrid Hospital-Wide All-Cause Risk Standardized Mortality Rate,1544,4,3.4,4.7,07/01/2023,06/30/2024,6930131,CA,2023,1,0,0,0,0,Neither current nor planned,7.342131730584722
050457,UCSF HEALTH ST. MARY'S HOSPITAL,CA,Hybrid_HWM,Hybrid Hospital-Wide All-Cause Risk Standardized Mortality Rate,617,3.5,2.9,4.2,07/01/2023,06/30/2024,6933050,CA,2024,1,0,1,0,1,Planned TEFCA,6.424869023905388
050468,MEMORIAL HOSPITAL OF GARDENA,CA,Hybrid_HWM,Hybrid Hospital-Wide All-Cause Risk Standardized Mortality Rate,299,3.9,3.2,4.8,07/01/2023,06/30/2024,6930827,CA,2024,0,0,1,0,1,Planned TEFCA,5.700443573390687
050496,JOHN MUIR MEDICAL CENTER - CONCORD CAMPUS,CA,Hybrid_HWM,Hybrid Hospital-Wide All-Cause Risk Standardized Mortality Rate,2106,4,3.4,4.7,07/01/2023,06/30/2024,6930480,CA,2024,1,1,0,0,1,Planned TEFCA,7.652545692693921
050641,EAST LOS ANGELES DOCTORS HOSPITAL,CA,Hybrid_HWM,Hybrid Hospital-Wide All-Cause Risk Standardized Mortality Rate,57,4.6,3.4,6,07/01/2023,06/30/2024,6931387,CA,2023,0,0,1,0,1,Planned TEFCA,4.04305126783455
050690,KAISER FOUNDATION HOSPITAL-SANTA ROSA,CA,Hybrid_HWM,Hybrid Hospital-Wide All-Cause Risk Standardized Mortality Rate,86,4.1,3.2,5.2,07/01/2023,06/30/2024,6930029,CA,2024,1,1,1,0,1,Planned TEFCA,4.454347296253507
050780,FOOTHILL REGIONAL MEDICAL CENTER,CA,Hybrid_HWM,Hybrid Hospital-Wide All-Cause Risk Standardized Mortality Rate,341,3.5,2.8,4.3,07/01/2023,06/30/2024,6930374,CA,2023,0,1,1,0,1,Planned TEFCA,5.831882477283517
050782,CASA COLINA HOSPITAL,CA,Hybrid_HWM,Hybrid Hospital-Wide All-Cause Risk Standardized Mortality Rate,112,4.1,3.1,5.6,07/01/2023,06/30/2024,6930399,CA,2024,1,0,0,0,0,Neither current nor planned,4.718498871295094
051304,JOHN C FREMONT HEALTHCARE DISTRICT,CA,Hybrid_HWM,Hybrid Hospital-Wide All-Cause Risk Standardized Mortality Rate,61,4.5,3,6.5,07/01/2023,06/30/2024,6931850,CA,2023,1,0,0,0,0,Neither current nor planned,4.110873864173311
051316,FAIRCHILD MEDICAL CENTER,CA,Hybrid_HWM,Hybrid Hospital-Wide All-Cause Risk Standardized Mortality Rate,293,5.3,4.1,6.6,07/01/2023,06/30/2024,6933940,CA,2023,0,0,1,0,0,Neither current nor planned,5.680172609017068
051320,BANNER LASSEN MEDICAL CENTER,CA,Hybrid_HWM,Hybrid Hospital-Wide All-Cause Risk Standardized Mortality Rate,135,4.1,3,5.5,07/01/2023,06/30/2024,6933645,CA,2024,1,0,1,0,1,Planned TEFCA,4.90527477843843
051324,NORTHERN INYO HOSPITAL,CA,Hybrid_HWM,Hybrid Hospital-Wide All-Cause Risk Standardized Mortality Rate,180,4.6,3.6,5.8,07/01/2023,06/30/2024,6930322,CA,2024,1,0,1,0,0,Neither current nor planned,5.19295685089021
060001,BANNER NORTH COLORADO MEDICAL CENTER,CO,Hybrid_HWM,Hybrid Hospital-Wide All-Cause Risk Standardized Mortality Rate,625,4.5,3.7,5.5,07/01/2023,06/30/2024,6840650,CO,2024,1,0,1,0,1,Planned TEFCA,6.437751649736401
060004,INTERMOUNTAIN HEALTH PLATTE VALLEY HOSPITAL,CO,Hybrid_HWM,Hybrid Hospital-Wide All-Cause Risk Standardized Mortality Rate,207,4.3,3.3,5.4,07/01/2023,06/30/2024,6840067,CO,2023,1,1,1,0,1,Planned TEFCA,5.332718793265369
060009,LUTHERAN MEDICAL CENTER,CO,Hybrid_HWM,Hybrid Hospital-Wide All-Cause Risk Standardized Mortality Rate,795,3.8,3.2,4.6,07/01/2023,06/30/2024,6840012,CO,2023,1,1,1,0,1,Planned TEFCA,6.678342114654332
060011,DENVER HEALTH & HOSPITAL AUTHORITY,CO,Hybrid_HWM,Hybrid Hospital-Wide All-Cause Risk Standardized Mortality Rate,303,4.1,3.3,5,07/01/2023,06/30/2024,6840290,CO,2023,1,1,1,0,1,Planned TEFCA,5.713732805509369
060023,INTERMOUNTAIN HEALTH ST. MARY'S REGIONAL HOSPITAL,CO,Hybrid_HWM,Hybrid Hospital-Wide All-Cause Risk Standardized Mortality Rate,1386,4,3.3,4.7,07/01/2023,06/30/2024,6840625,CO,2023,1,1,1,0,1,Planned TEFCA,7.234177179749849
060028,SAINT JOSEPH HOSPITAL,CO,Hybrid_HWM,Hybrid Hospital-Wide All-Cause Risk Standardized Mortality Rate,505,3.5,2.7,4.4,07/01/2023,06/30/2024,6840400,CO,2023,1,1,1,0,1,Planned TEFCA,6.22455842927536
060030,BANNER NORTH CO MEDICAL CENTER - LOVELAND CAMPUS,CO,Hybrid_HWM,Hybrid Hospital-Wide All-Cause Risk Standardized Mortality Rate,232,4.2,3.3,5.3,07/01/2023,06/30/2024,6840782,CO,2024,1,0,1,0,1,Planned TEFCA,5.44673737166631
060071,DELTA COUNTY MEMORIAL HOSPITAL,CO,Hybrid_HWM,Hybrid Hospital-Wide All-Cause Risk Standardized Mortality Rate,248,4.4,3.5,5.5,07/01/2023,06/30/2024,6840240,CO,2024,0,0,1,0,1,Planned TEFCA,5.5134287461649825
060076,STERLING REGIONAL MEDCENTER,CO,Hybrid_HWM,Hybrid Hospital-Wide All-Cause Risk Standardized Mortality Rate,146,3.9,2.9,5.1,07/01/2023,06/30/2024,6840920,CO,2024,1,0,1,0,1,Planned TEFCA,4.983606621708336
060116,GOOD SAMARITAN MEDICAL CENTER LLC,CO,Hybrid_HWM,Hybrid Hospital-Wide All-Cause Risk Standardized Mortality Rate,497,3.9,3.1,4.8,07/01/2023,06/30/2024,6840021,CO,2023,1,1,1,0,1,Planned TEFCA,6.208590026096629
060126,BANNER FORT COLLINS MEDICAL CENTER,CO,Hybrid_HWM,Hybrid Hospital-Wide All-Cause Risk Standardized Mortality Rate,52,3.9,3,5.1,07/01/2023,06/30/2024,6840445,CO,2024,1,0,1,0,1,Planned TEFCA,3.9512437185814275
061303,EAST MORGAN COUNTY HOSPITAL,CO,Hybrid_HWM,Hybrid Hospital-Wide All-Cause Risk Standardized Mortality Rate,69,4.2,2.9,5.8,07/01/2023,06/30/2024,6840070,CO,2024,1,0,1,0,1,Planned TEFCA,4.23410650459726
061310,SEDGWICK COUNTY MEMORIAL HOSPITAL,CO,Hybrid_HWM,Hybrid Hospital-Wide All-Cause Risk Standardized Mortality Rate,48,4.6,3.2,6.3,07/01/2023,06/30/2024,6840715,CO,2023,0,0,0,0,0,Neither current nor planned,3.871201010907891
061317,GRAND RIVER HOSPITAL DISTRICT,CO,Hybrid_HWM,Hybrid Hospital-Wide All-Cause Risk Standardized Mortality Rate,104,4.5,3.3,5.9,07/01/2023,06/30/2024,6840885,CO,2024,0,0,1,0,1,Planned TEFCA,4.6443908991413725
061321,MT SAN RAFAEL HOSPITAL,CO,Hybrid_HWM,Hybrid Hospital-Wide All-Cause Risk Standardized Mortality Rate,76,4.7,3.3,6.5,07/01/2023,06/30/2024,6840940,CO,2023,0,0,0,0,0,Neither current nor planned,4.330733340286331
070002,ST FRANCIS HOSPITAL & MEDICAL CENTER,CT,Hybrid_HWM,Hybrid Hospital-Wide All-Cause Risk Standardized Mortality Rate,1608,3.9,3.3,4.6,07/01/2023,06/30/2024,6160004,CT,2024,0,1,1,1,0,Current TEFCA,7.382746449738912
070005,WATERBURY HOSPITAL,CT,Hybrid_HWM,Hybrid Hospital-Wide All-Cause Risk Standardized Mortality Rate,923,4,3.3,4.7,07/01/2023,06/30/2024,6160750,CT,2023,0,0,1,0,1,Planned TEFCA,6.827629234502852
070007,LAWRENCE & MEMORIAL HOSPITAL,CT,Hybrid_HWM,Hybrid Hospital-Wide All-Cause Risk Standardized Mortality Rate,1291,3.9,3.3,4.6,07/01/2023,06/30/2024,6160480,CT,2024,1,1,1,0,1,Planned TEFCA,7.1631723908466425
070008,JOHNSON MEMORIAL HOSPITAL,CT,Hybrid_HWM,Hybrid Hospital-Wide All-Cause Risk Standardized Mortality Rate,144,3.9,2.9,5.3,07/01/2023,06/30/2024,6160650,CT,2024,0,1,1,1,0,Current TEFCA,4.969813299576001
070010,BRIDGEPORT HOSPITAL,CT,Hybrid_HWM,Hybrid Hospital-Wide All-Cause Risk Standardized Mortality Rate,2038,3.6,3.1,4.2,07/01/2023,06/30/2024,6160002,CT,2024,1,1,1,0,1,Planned TEFCA,7.61972421378267
070016,SAINT MARY'S HOSPITAL,CT,Hybrid_HWM,Hybrid Hospital-Wide All-Cause Risk Standardized Mortality Rate,767,4.4,3.6,5.2,07/01/2023,06/30/2024,6160740,CT,2024,0,1,1,1,0,Current TEFCA,6.642486801367256
070018,GREENWICH HOSPITAL ASSOCIATION -,CT,Hybrid_HWM,Hybrid Hospital-Wide All-Cause Risk Standardized Mortality Rate,1478,3.1,2.7,3.7,07/01/2023,06/30/2024,6160160,CT,2024,1,1,1,0,1,Planned TEFCA,7.298445101508147
070022,YALE-NEW HAVEN HOSPITAL,CT,Hybrid_HWM,Hybrid Hospital-Wide All-Cause Risk Standardized Mortality Rate,4285,2.9,2.6,3.3,07/01/2023,06/30/2024,6160400,CT,2024,1,1,1,0,1,Planned TEFCA,8.36287583103188
070031,GRIFFIN HOSPITAL,CT,Hybrid_HWM,Hybrid Hospital-Wide All-Cause Risk Standardized Mortality Rate,656,4,3.2,4.9,07/01/2023,06/30/2024,6160120,CT,2023,0,0,1,1,0,Current TEFCA,6.486160788944089
070036,JOHN DEMPSEY HOSPITAL OF THE UNIVERSITY OF CONNECT,CT,Hybrid_HWM,Hybrid Hospital-Wide All-Cause Risk Standardized Mortality Rate,992,3.8,3.2,4.5,07/01/2023,06/30/2024,6160215,CT,2024,1,1,1,0,1,Planned TEFCA,6.899723107284872
080001,CHRISTIANA HOSPITAL,DE,Hybrid_HWM,Hybrid Hospital-Wide All-Cause Risk Standardized Mortality Rate,7869,3,2.6,3.3,07/01/2023,06/30/2024,6310120,DE,2023,1,1,1,0,1,Planned TEFCA,8.970686268534983
080003,ST FRANCIS HOSPITAL,DE,Hybrid_HWM,Hybrid Hospital-Wide All-Cause Risk Standardized Mortality Rate,348,4.7,3.8,5.7,07/01/2023,06/30/2024,6310140,DE,2024,1,1,1,0,1,Planned TEFCA,5.8522024797744745
080006,"TIDALHEALTH NANTICOKE, INC.",DE,Hybrid_HWM,Hybrid Hospital-Wide All-Cause Risk Standardized Mortality Rate,817,4.1,3.4,5,07/01/2023,06/30/2024,6310080,DE,2024,1,1,1,0,1,Planned TEFCA,6.705639094860003
090003,HOWARD UNIVERSITY HOSPITAL CORP,DC,Hybrid_HWM,Hybrid Hospital-Wide All-Cause Risk Standardized Mortality Rate,449,4.3,3.5,5.3,07/01/2023,06/30/2024,6330100,DC,2023,0,0,1,0,0,Neither current nor planned,6.1070228877422545
100002,BETHESDA HOSPITAL EAST,FL,Hybrid_HWM,Hybrid Hospital-Wide All-Cause Risk Standardized Mortality Rate,2588,4.8,4.1,5.5,07/01/2023,06/30/2024,6390050,FL,2023,1,0,1,0,1,Planned TEFCA,7.858640655620791
100008,BAPTIST HOSPITAL OF MIAMI,FL,Hybrid_HWM,Hybrid Hospital-Wide All-Cause Risk Standardized Mortality Rate,1856,3.1,2.6,3.6,07/01/2023,06/30/2024,6390578,FL,2023,1,1,1,0,1,Planned TEFCA,7.526178913346146
100017,HALIFAX HEALTH MEDICAL CENTER,FL,Hybrid_HWM,Hybrid Hospital-Wide All-Cause Risk Standardized Mortality Rate,1525,4,3.4,4.7,07/01/2023,06/30/2024,6390056,FL,2024,1,0,1,0,1,Planned TEFCA,7.329749689041512
100019,HOLMES REGIONAL MEDICAL CENTER,FL,Hybrid_HWM,Hybrid Hospital-Wide All-Cause Risk Standardized Mortality Rate,3338,4.5,4,5.2,07/01/2023,06/30/2024,6390530,FL,2024,0,0,0,0,0,Neither current nor planned,8.11312710422178
100073,HOLY CROSS HOSPITAL,FL,Hybrid_HWM,Hybrid Hospital-Wide All-Cause Risk Standardized Mortality Rate,2051,4.8,4.1,5.5,07/01/2023,06/30/2024,6390230,FL,2024,1,1,1,1,0,Current TEFCA,7.62608275807238
100107,HCA FLORIDA LEHIGH HOSPITAL,FL,Hybrid_HWM,Hybrid Hospital-Wide All-Cause Risk Standardized Mortality Rate,164,4.2,3.3,5.3,07/01/2023,06/30/2024,6390488,FL,2024,1,1,1,1,0,Current TEFCA,5.099866427824199
100125,HOMESTEAD HOSPITAL,FL,Hybrid_HWM,Hybrid Hospital-Wide All-Cause Risk Standardized Mortality Rate,245,4.3,3.4,5.6,07/01/2023,06/30/2024,6390300,FL,2023,1,1,1,0,1,Planned TEFCA,5.501258210544727
100135,TALLAHASSEE MEMORIAL HEALTHCARE,FL,Hybrid_HWM,Hybrid Hospital-Wide All-Cause Risk Standardized Mortality Rate,2060,4.5,3.8,5.2,07/01/2023,06/30/2024,6391030,FL,2024,0,0,0,0,0,Neither current nor planned,7.630461261783627
100154,SOUTH MIAMI HOSPITAL,FL,Hybrid_HWM,Hybrid Hospital-Wide All-Cause Risk Standardized Mortality Rate,998,3.6,2.9,4.3,07/01/2023,06/30/2024,6390994,FL,2023,1,1,1,0,1,Planned TEFCA,6.905753276311464
100168,BOCA RATON REGIONAL HOSPITAL,FL,Hybrid_HWM,Hybrid Hospital-Wide All-Cause Risk Standardized Mortality Rate,3885,3.7,3.2,4.2,07/01/2023,06/30/2024,6390038,FL,2023,1,0,1,0,1,Planned TEFCA,8.264878262801748
100253,JUPITER MEDICAL CENTER,FL,Hybrid_HWM,Hybrid Hospital-Wide All-Cause Risk Standardized Mortality Rate,3032,4,3.5,4.6,07/01/2023,06/30/2024,6393411,FL,2023,1,0,1,0,1,Planned TEFCA,8.016977746762262
100296,DOCTORS HOSPITAL,FL,Hybrid_HWM,Hybrid Hospital-Wide All-Cause Risk Standardized Mortality Rate,563,3.6,2.8,4.5,07/01/2023,06/30/2024,6390105,FL,2023,1,1,1,0,1,Planned TEFCA,6.333279628139691
100314,WEST KENDALL BAPTIST HOSPITAL,FL,Hybrid_HWM,Hybrid Hospital-Wide All-Cause Risk Standardized Mortality Rate,540,3.1,2.4,3.9,07/01/2023,06/30/2024,6390420,FL,2023,1,1,1,0,1,Planned TEFCA,6.29156913955832
100316,PALM BAY HOSPITAL,FL,Hybrid_HWM,Hybrid Hospital-Wide All-Cause Risk Standardized Mortality Rate,964,4.4,3.6,5.2,07/01/2023,06/30/2024,6390124,FL,2023,0,0,0,0,0,Neither current nor planned,6.871091294610546
100330,HALIFAX HEALTH /UF HEALTH MEDICAL CENTER OF DELTON,FL,Hybrid_HWM,Hybrid Hospital-Wide All-Cause Risk Standardized Mortality Rate,172,4.1,3.1,5.4,07/01/2023,06/30/2024,6390755,FL,2024,1,0,1,0,1,Planned TEFCA,5.147494476813453
100350,UCF LAKE NONA HOSPITAL,FL,Hybrid_HWM,Hybrid Hospital-Wide All-Cause Risk Standardized Mortality Rate,157,4.1,3.2,5.2,07/01/2023,06/30/2024,6390758,FL,2024,1,0,1,0,0,Neither current nor planned,5.056245805348308
101309,HENDRY REGIONAL MEDICAL CENTER,FL,Hybrid_HWM,Hybrid Hospital-Wide All-Cause Risk Standardized Mortality Rate,30,4.3,3,5.9,07/01/2023,06/30/2024,6390095,FL,2024,0,0,1,0,0,Neither current nor planned,3.4011973816621555
101312,FISHERMEN'S COMMUNITY HOSPITAL,FL,Hybrid_HWM,Hybrid Hospital-Wide All-Cause Risk Standardized Mortality Rate,28,4.1,2.7,6.2,07/01/2023,06/30/2024,6390508,FL,2023,1,1,1,0,1,Planned TEFCA,3.332204510175204
101313,MARINERS HOSPITAL,FL,Hybrid_HWM,Hybrid Hospital-Wide All-Cause Risk Standardized Mortality Rate,118,3.9,2.7,5.7,07/01/2023,06/30/2024,6390306,FL,2023,1,1,1,0,1,Planned TEFCA,4.770684624465665
110006,ST MARY'S HOSPITAL,GA,Hybrid_HWM,Hybrid Hospital-Wide All-Cause Risk Standardized Mortality Rate,1081,4.4,3.6,5.4,07/01/2023,06/30/2024,6380050,GA,2024,0,1,1,1,0,Current TEFCA,6.985641817639208
110025,SOUTHEAST GEORGIA HEALTH SYSTEM- BRUNSWICK CAMPUS,GA,Hybrid_HWM,Hybrid Hospital-Wide All-Cause Risk Standardized Mortality Rate,1406,4.6,3.9,5.4,07/01/2023,06/30/2024,6380340,GA,2024,1,1,1,1,0,Current TEFCA,7.2485040723706105
110027,"TY COBB REGIONAL MEDICAL CENTER, LLC",GA,Hybrid_HWM,Hybrid Hospital-Wide All-Cause Risk Standardized Mortality Rate,224,4.2,3.1,5.5,07/01/2023,06/30/2024,6389226,GA,2024,1,1,1,1,0,Current TEFCA,5.4116460518550396
110032,STEPHENS COUNTY HOSPITAL,GA,Hybrid_HWM,Hybrid Hospital-Wide All-Cause Risk Standardized Mortality Rate,172,4.6,3.5,5.9,07/01/2023,06/30/2024,6381170,GA,2023,0,1,1,0,0,Neither current nor planned,5.147494476813453
110035,WELLSTAR KENNESTONE REGIONAL MEDICAL CENTER,GA,Hybrid_HWM,Hybrid Hospital-Wide All-Cause Risk Standardized Mortality Rate,4045,3,2.6,3.5,07/01/2023,06/30/2024,6380775,GA,2023,0,0,0,0,0,Neither current nor planned,8.305236829492593
110038,ARCHBOLD MEMORIAL HOSPITAL,GA,Hybrid_HWM,Hybrid Hospital-Wide All-Cause Risk Standardized Mortality Rate,664,4.2,3.4,5.1,07/01/2023,06/30/2024,6381140,GA,2024,1,0,1,1,0,Current TEFCA,6.498282149476434
110079,GRADY MEMORIAL HOSPITAL,GA,Hybrid_HWM,Hybrid Hospital-Wide All-Cause Risk Standardized Mortality Rate,921,3.7,3,4.4,07/01/2023,06/30/2024,6380130,GA,2023,1,1,1,0,0,Neither current nor planned,6.825460036255307
110095,TIFT REGIONAL MEDICAL CENTER,GA,Hybrid_HWM,Hybrid Hospital-Wide All-Cause Risk Standardized Mortality Rate,774,4.5,3.6,5.4,07/01/2023,06/30/2024,6381160,GA,2023,1,0,1,0,0,Neither current nor planned,6.651571873589727
110101,"SOUTHWELL MEDICAL, A CAMPUS OF TRMC",GA,Hybrid_HWM,Hybrid Hospital-Wide All-Cause Risk Standardized Mortality Rate,45,4.4,3.1,6,07/01/2023,06/30/2024,6380005,GA,2023,1,0,1,0,0,Neither current nor planned,3.8066624897703196
110121,GRADY GENERAL HOSPITAL,GA,Hybrid_HWM,Hybrid Hospital-Wide All-Cause Risk Standardized Mortality Rate,44,4.8,3.2,6.7,07/01/2023,06/30/2024,6380360,GA,2024,1,0,1,1,0,Current TEFCA,3.784189633918261
110128,MEMORIAL HEALTH MEADOWS HOSPITAL,GA,Hybrid_HWM,Hybrid Hospital-Wide All-Cause Risk Standardized Mortality Rate,399,4.1,3.2,5.2,07/01/2023,06/30/2024,6381201,GA,2024,0,0,0,0,0,Neither current nor planned,5.988961416889864
110146,SOUTHEAST GEORGIA HEALTH SYSTEM -- CAMDEN CAMPUS,GA,Hybrid_HWM,Hybrid Hospital-Wide All-Cause Risk Standardized Mortality Rate,137,4.3,3.3,5.5,07/01/2023,06/30/2024,6380985,GA,2023,1,0,0,0,1,Planned TEFCA,4.919980925828125
111329,ST MARYS GOOD SAMARITAN HOSPITAL,GA,Hybrid_HWM,Hybrid Hospital-Wide All-Cause Risk Standardized Mortality Rate,199,4.2,3.1,5.7,07/01/2023,06/30/2024,6380635,GA,2024,1,1,1,1,0,Current TEFCA,5.293304824724492
111334,CANDLER COUNTY HOSPITAL,GA,Hybrid_HWM,Hybrid Hospital-Wide All-Cause Risk Standardized Mortality Rate,47,4.8,3.4,6.7,07/01/2023,06/30/2024,638080A,GA,2024,0,0,1,0,0,Neither current nor planned,3.8501476017100584
111335,LIBERTY REGIONAL MEDICAL CENTER,GA,Hybrid_HWM,Hybrid Hospital-Wide All-Cause Risk Standardized Mortality Rate,29,4.8,3.4,6.7,07/01/2023,06/30/2024,6380652,GA,2023,1,0,1,0,0,Neither current nor planned,3.367295829986474
130007,SAINT ALPHONSUS REGIONAL MEDICAL CENTER,ID,Hybrid_HWM,Hybrid Hospital-Wide All-Cause Risk Standardized Mortality Rate,1746,4.2,3.5,5,07/01/2023,06/30/2024,6820040,ID,2024,0,1,1,1,0,Current TEFCA,7.465082736399547
130013,SAINT ALPHONSUS MEDICAL CENTER - NAMPA,ID,Hybrid_HWM,Hybrid Hospital-Wide All-Cause Risk Standardized Mortality Rate,618,4.3,3.5,5.2,07/01/2023,06/30/2024,6820240,ID,2024,0,1,1,1,0,Current TEFCA,6.42648845745769
131305,STEELE MEMORIAL MEDICAL CENTER,ID,Hybrid_HWM,Hybrid Hospital-Wide All-Cause Risk Standardized Mortality Rate,114,4,2.9,5.2,07/01/2023,06/30/2024,6820355,ID,2023,0,0,1,0,0,Neither current nor planned,4.736198448394496
131309,CARIBOU MEDICAL CENTER,ID,Hybrid_HWM,Hybrid Hospital-Wide All-Cause Risk Standardized Mortality Rate,48,4.5,3.3,5.9,07/01/2023,06/30/2024,6820370,ID,2023,1,0,1,1,0,Current TEFCA,3.871201010907891
131317,BENEWAH COMMUNITY HOSPITAL,ID,Hybrid_HWM,Hybrid Hospital-Wide All-Cause Risk Standardized Mortality Rate,42,5,3.6,6.8,07/01/2023,06/30/2024,6820347,ID,2023,1,1,0,0,0,Neither current nor planned,3.7376696182833684
131320,CLEARWATER VALLEY HOSPITAL & CLINICS,ID,Hybrid_HWM,Hybrid Hospital-Wide All-Cause Risk Standardized Mortality Rate,144,4.2,3.1,5.5,07/01/2023,06/30/2024,6820265,ID,2023,0,0,0,0,0,Neither current nor planned,4.969813299576001
131322,FRANKLIN COUNTY MEDICAL CENTER,ID,Hybrid_HWM,Hybrid Hospital-Wide All-Cause Risk Standardized Mortality Rate,112,4.8,3.6,6.2,07/01/2023,06/30/2024,6820310,ID,2023,0,0,0,0,0,Neither current nor planned,4.718498871295094
131326,CASSIA REGIONAL HOSPITAL,ID,Hybrid_HWM,Hybrid Hospital-Wide All-Cause Risk Standardized Mortality Rate,159,4.7,3.6,6,07/01/2023,06/30/2024,6820075,ID,2023,1,1,1,0,1,Planned TEFCA,5.0689042022202315
131327,GRITMAN MEDICAL CENTER,ID,Hybrid_HWM,Hybrid Hospital-Wide All-Cause Risk Standardized Mortality Rate,190,4.3,3.4,5.5,07/01/2023,06/30/2024,6820220,ID,2024,0,1,1,1,0,Current TEFCA,5.247024072160486
131328,BONNER GENERAL HOSPITAL,ID,Hybrid_HWM,Hybrid Hospital-Wide All-Cause Risk Standardized Mortality Rate,200,5.6,4.4,7,07/01/2023,06/30/2024,6820360,ID,2023,0,0,1,0,0,Neither current nor planned,5.298317366548036
140008,LOYOLA GOTTLIEB MEMORIAL HOSPITAL,IL,Hybrid_HWM,Hybrid Hospital-Wide All-Cause Risk Standardized Mortality Rate,708,3.9,3.3,4.7,07/01/2023,06/30/2024,6432435,IL,2024,1,1,1,0,1,Planned TEFCA,6.56244409369372
140018,MT SINAI HOSPITAL MEDICAL CENTER,IL,Hybrid_HWM,Hybrid Hospital-Wide All-Cause Risk Standardized Mortality Rate,216,4.4,3.6,5.3,07/01/2023,06/30/2024,6430930,IL,2024,0,1,0,0,0,Neither current nor planned,5.375278407684165
140029,COPLEY MEMORIAL HOSPITAL,IL,Hybrid_HWM,Hybrid Hospital-Wide All-Cause Risk Standardized Mortality Rate,1514,3.5,3,4.1,07/01/2023,06/30/2024,6430100,IL,2024,1,1,1,0,1,Planned TEFCA,7.322510433997394
140054,MACNEAL  HOSPITAL,IL,Hybrid_HWM,Hybrid Hospital-Wide All-Cause Risk Standardized Mortality Rate,730,4.1,3.3,4.9,07/01/2023,06/30/2024,6430240,IL,2024,1,1,1,0,1,Planned TEFCA,6.593044534142437
140063,RUSH OAK PARK HOSPITAL,IL,Hybrid_HWM,Hybrid Hospital-Wide All-Cause Risk Standardized Mortality Rate,667,3.5,2.9,4.3,07/01/2023,06/30/2024,6432420,IL,2024,1,1,1,0,1,Planned TEFCA,6.502790045915623
140082,LOUIS A WEISS MEMORIAL HOSPITAL,IL,Hybrid_HWM,Hybrid Hospital-Wide All-Cause Risk Standardized Mortality Rate,368,4.3,3.5,5.3,07/01/2023,06/30/2024,6430835,IL,2023,1,0,1,0,0,Neither current nor planned,5.908082938168931
140089,MC DONOUGH DISTRICT HOSPITAL,IL,Hybrid_HWM,Hybrid Hospital-Wide All-Cause Risk Standardized Mortality Rate,163,4.5,3.3,5.8,07/01/2023,06/30/2024,6432137,IL,2023,1,0,0,0,0,Neither current nor planned,5.093750200806762
140101,MORRIS HOSPITAL & HEALTHCARE CENTERS,IL,Hybrid_HWM,Hybrid Hospital-Wide All-Cause Risk Standardized Mortality Rate,723,4.5,3.7,5.3,07/01/2023,06/30/2024,6432300,IL,2024,0,0,0,0,1,Planned TEFCA,6.583409222158765
140115,THOREK MEMORIAL HOSPITAL,IL,Hybrid_HWM,Hybrid Hospital-Wide All-Cause Risk Standardized Mortality Rate,110,4.1,3.1,5.3,07/01/2023,06/30/2024,6430400,IL,2023,1,1,1,0,0,Neither current nor planned,4.700480365792417
140133,HOLY CROSS HOSPITAL,IL,Hybrid_HWM,Hybrid Hospital-Wide All-Cause Risk Standardized Mortality Rate,187,4.5,3.5,5.7,07/01/2023,06/30/2024,6430700,IL,2024,0,1,0,0,0,Neither current nor planned,5.231108616854587
140135,DECATUR MEMORIAL HOSPITAL,IL,Hybrid_HWM,Hybrid Hospital-Wide All-Cause Risk Standardized Mortality Rate,1316,4.3,3.7,5.1,07/01/2023,06/30/2024,6431370,IL,2023,0,1,0,0,0,Neither current nor planned,7.182352111885263
140172,FRANCISCAN HEALTH OLYMPIA & CHICAGO HEIGHTS,IL,Hybrid_HWM,Hybrid Hospital-Wide All-Cause Risk Standardized Mortality Rate,878,3.8,3.2,4.6,07/01/2023,06/30/2024,6430028,IL,2024,0,0,1,0,0,Neither current nor planned,6.777646593635117
140210,HARRISBURG MEDICAL CENTER,IL,Hybrid_HWM,Hybrid Hospital-Wide All-Cause Risk Standardized Mortality Rate,105,5.3,3.8,7.1,07/01/2023,06/30/2024,6431830,IL,2024,0,1,0,0,0,Neither current nor planned,4.653960350157523
140239,JAVON BEA HOSPITAL,IL,Hybrid_HWM,Hybrid Hospital-Wide All-Cause Risk Standardized Mortality Rate,838,3.9,3.2,4.7,07/01/2023,06/30/2024,6430484,IL,2024,1,1,0,1,0,Current TEFCA,6.731018100482083
140275,GENESIS HLTH SYSTEM DBA GENESIS MDL CTR-ILLINI,IL,Hybrid_HWM,Hybrid Hospital-Wide All-Cause Risk Standardized Mortality Rate,316,4.2,3.4,5.2,07/01/2023,06/30/2024,6431511,IL,2024,1,0,1,1,0,Current TEFCA,5.755742213586912
140276,LOYOLA UNIVERSITY MEDICAL CENTER,IL,Hybrid_HWM,Hybrid Hospital-Wide All-Cause Risk Standardized Mortality Rate,1675,4.7,4,5.5,07/01/2023,06/30/2024,6430841,IL,2024,1,1,1,0,1,Planned TEFCA,7.423568444259167
141319,HAMMOND HENRY HOSPITAL,IL,Hybrid_HWM,Hybrid Hospital-Wide All-Cause Risk Standardized Mortality Rate,131,4.8,3.6,6.2,07/01/2023,06/30/2024,6431760,IL,2024,1,0,0,0,1,Planned TEFCA,4.875197323201151
141320,PARIS COMMUNITY HOSPITAL,IL,Hybrid_HWM,Hybrid Hospital-Wide All-Cause Risk Standardized Mortality Rate,193,4.9,3.8,6.3,07/01/2023,06/30/2024,6432500,IL,2023,0,0,0,0,0,Neither current nor planned,5.262690188904886
141326,HAMILTON MEMORIAL HOSPITAL,IL,Hybrid_HWM,Hybrid Hospital-Wide All-Cause Risk Standardized Mortality Rate,71,4.2,2.8,5.9,07/01/2023,06/30/2024,6432192,IL,2024,0,1,1,0,0,Neither current nor planned,4.2626798770413155
141335,MERCY HARVARD HOSPITAL,IL,Hybrid_HWM,Hybrid Hospital-Wide All-Cause Risk Standardized Mortality Rate,42,4.1,3.1,5.7,07/01/2023,06/30/2024,6431855,IL,2024,1,1,0,1,0,Current TEFCA,3.7376696182833684
141341,PANA COMMUNITY HOSPITAL,IL,Hybrid_HWM,Hybrid Hospital-Wide All-Cause Risk Standardized Mortality Rate,56,4.1,2.7,6.2,07/01/2023,06/30/2024,6432490,IL,2023,1,0,0,1,0,Current TEFCA,4.02535169073515
141347,CARLINVILLE AREA HOSPITAL,IL,Hybrid_HWM,Hybrid Hospital-Wide All-Cause Risk Standardized Mortality Rate,82,3.7,2.6,5.2,07/01/2023,06/30/2024,6430337,IL,2023,1,0,0,0,0,Neither current nor planned,4.406719247264253
150002,METHODIST HOSPITALS INC,IN,Hybrid_HWM,Hybrid Hospital-Wide All-Cause Risk Standardized Mortality Rate,834,4.1,3.4,4.9,07/01/2023,06/30/2024,6420495,IN,2024,1,1,1,0,1,Planned TEFCA,6.726233402358747
150005,HENDRICKS REGIONAL HEALTH,IN,Hybrid_HWM,Hybrid Hospital-Wide All-Cause Risk Standardized Mortality Rate,851,4.2,3.4,5,07/01/2023,06/30/2024,6420235,IN,2024,0,1,1,0,1,Planned TEFCA,6.7464121285733745
150011,MARION GENERAL HOSPITAL,IN,Hybrid_HWM,Hybrid Hospital-Wide All-Cause Risk Standardized Mortality Rate,511,4.7,3.8,5.8,07/01/2023,06/30/2024,6420920,IN,2024,0,0,1,0,0,Neither current nor planned,6.236369590203704
150012,SAINT JOSEPH REGIONAL MEDICAL CENTER,IN,Hybrid_HWM,Hybrid Hospital-Wide All-Cause Risk Standardized Mortality Rate,1210,4.7,4,5.5,07/01/2023,06/30/2024,6421300,IN,2024,1,1,1,1,0,Current TEFCA,7.098375638590786
150072,MEMORIAL HOSPITAL,IN,Hybrid_HWM,Hybrid Hospital-Wide All-Cause Risk Standardized Mortality Rate,185,4.6,3.6,5.8,07/01/2023,06/30/2024,6420880,IN,2023,1,0,1,0,0,Neither current nor planned,5.220355825078324
150076,SAINT JOSEPH REGIONAL MEDICAL CENTER - PLYMOUTH,IN,Hybrid_HWM,Hybrid Hospital-Wide All-Cause Risk Standardized Mortality Rate,152,3.8,2.9,4.9,07/01/2023,06/30/2024,6421150,IN,2024,1,1,1,0,0,Neither current nor planned,5.0238805208462765
150097,MAJOR HOSPITAL,IN,Hybrid_HWM,Hybrid Hospital-Wide All-Cause Risk Standardized Mortality Rate,290,3.4,2.6,4.3,07/01/2023,06/30/2024,6421270,IN,2023,1,0,1,0,1,Planned TEFCA,5.66988092298052
150172,PHYSICIANS' MEDICAL CENTER LLC,IN,Hybrid_HWM,Hybrid Hospital-Wide All-Cause Risk Standardized Mortality Rate,53,4.1,2.5,6.6,07/01/2023,06/30/2024,6420198,IN,2024,0,0,0,0,0,Neither current nor planned,3.970291913552122
151332,DECATUR COUNTY MEMORIAL HOSPITAL,IN,Hybrid_HWM,Hybrid Hospital-Wide All-Cause Risk Standardized Mortality Rate,163,4.5,3.4,5.8,07/01/2023,06/30/2024,6420530,IN,2023,0,0,1,1,0,Current TEFCA,5.093750200806762
160030,MARY GREELEY MEDICAL CENTER,IA,Hybrid_HWM,Hybrid Hospital-Wide All-Cause Risk Standardized Mortality Rate,1446,4.4,3.6,5.2,07/01/2023,06/30/2024,6620055,IA,2023,1,1,1,0,1,Planned TEFCA,7.27655640271871
160032,MERCYONE NEWTON MEDICAL CENTER,IA,Hybrid_HWM,Hybrid Hospital-Wide All-Cause Risk Standardized Mortality Rate,143,3.8,2.9,4.8,07/01/2023,06/30/2024,6621020,IA,2024,0,0,1,0,0,Neither current nor planned,4.962844630259907
160033,GENESIS MEDICAL CENTER-DAVENPORT,IA,Hybrid_HWM,Hybrid Hospital-Wide All-Cause Risk Standardized Mortality Rate,2116,4,3.4,4.7,07/01/2023,06/30/2024,6620004,IA,2024,1,0,1,1,0,Current TEFCA,7.65728279297819
160040,"SARTORI MEMORIAL HOSPITAL, INC",IA,Hybrid_HWM,Hybrid Hospital-Wide All-Cause Risk Standardized Mortality Rate,139,4,2.8,5.7,07/01/2023,06/30/2024,6620160,IA,2024,0,0,1,0,0,Neither current nor planned,4.9344739331306915
160064,MERCYONE NORTH IOWA MEDICAL CENTER,IA,Hybrid_HWM,Hybrid Hospital-Wide All-Cause Risk Standardized Mortality Rate,1742,4.8,4.1,5.6,07/01/2023,06/30/2024,6620002,IA,2024,0,0,1,0,0,Neither current nor planned,7.462789157412448
160067,MERCYONE WATERLOO MEDICAL CENTER,IA,Hybrid_HWM,Hybrid Hospital-Wide All-Cause Risk Standardized Mortality Rate,669,4.6,3.8,5.6,07/01/2023,06/30/2024,6621375,IA,2024,0,0,1,0,0,Neither current nor planned,6.505784060128229
160069,MERCYONE DUBUQUE MEDICAL CENTER,IA,Hybrid_HWM,Hybrid Hospital-Wide All-Cause Risk Standardized Mortality Rate,591,4.5,3.7,5.4,07/01/2023,06/30/2024,6620495,IA,2024,0,0,1,0,0,Neither current nor planned,6.3818160174060985
160079,MERCY MEDICAL CENTER - CEDAR RAPIDS,IA,Hybrid_HWM,Hybrid Hospital-Wide All-Cause Risk Standardized Mortality Rate,1417,3.8,3.2,4.6,07/01/2023,06/30/2024,6620170,IA,2023,0,0,1,0,0,Neither current nor planned,7.256297239690681
160080,MERCYONE CLINTON MEDICAL CENTER,IA,Hybrid_HWM,Hybrid Hospital-Wide All-Cause Risk Standardized Mortality Rate,448,4.3,3.5,5.3,07/01/2023,06/30/2024,6620265,IA,2024,0,0,1,0,0,Neither current nor planned,6.104793232414985
160083,MERCYONE DES MOINES MEDICAL CENTER,IA,Hybrid_HWM,Hybrid Hospital-Wide All-Cause Risk Standardized Mortality Rate,3225,4.4,3.8,5.1,07/01/2023,06/30/2024,6620003,IA,2024,1,0,1,0,1,Planned TEFCA,8.078688229229872
160124,LAKES REGIONAL HEALTHCARE,IA,Hybrid_HWM,Hybrid Hospital-Wide All-Cause Risk Standardized Mortality Rate,299,4.6,3.6,5.8,07/01/2023,06/30/2024,6621311,IA,2024,1,0,1,0,0,Neither current nor planned,5.700443573390687
160153,MERCYONE SIOUXLAND MEDICAL CENTER,IA,Hybrid_HWM,Hybrid Hospital-Wide All-Cause Risk Standardized Mortality Rate,855,4.6,3.8,5.4,07/01/2023,06/30/2024,6621275,IA,2024,0,0,1,0,0,Neither current nor planned,6.75110146893676
161303,GRUNDY COUNTY MEMORIAL HOSPITAL,IA,Hybrid_HWM,Hybrid Hospital-Wide All-Cause Risk Standardized Mortality Rate,63,4.4,3.1,6.2,07/01/2023,06/30/2024,6620665,IA,2023,1,1,1,0,1,Planned TEFCA,4.143134726391533
161310,ADAIR COUNTY MEMORIAL HOSPITAL,IA,Hybrid_HWM,Hybrid Hospital-Wide All-Cause Risk Standardized Mortality Rate,31,4.4,3,6.4,07/01/2023,06/30/2024,6620644,IA,2023,1,1,1,0,1,Planned TEFCA,3.4339872044851463
161311,HAWARDEN REGIONAL HEALTHCARE,IA,Hybrid_HWM,Hybrid Hospital-Wide All-Cause Risk Standardized Mortality Rate,57,4.5,3,6.4,07/01/2023,06/30/2024,6620710,IA,2024,0,0,1,0,0,Neither current nor planned,4.04305126783455
161313,GENESIS MEDICAL CENTER-DEWITT,IA,Hybrid_HWM,Hybrid Hospital-Wide All-Cause Risk Standardized Mortality Rate,26,4,2.6,5.9,07/01/2023,06/30/2024,6620475,IA,2024,1,0,1,1,0,Current TEFCA,3.258096538021482
161316,GUNDERSEN PALMER LUTHERAN HOSPITAL AND CLINICS,IA,Hybrid_HWM,Hybrid Hospital-Wide All-Cause Risk Standardized Mortality Rate,36,4.2,3,5.8,07/01/2023,06/30/2024,6621400,IA,2023,1,1,1,0,0,Neither current nor planned,3.58351893845611
161319,MERCYONE ELKADER MEDICAL CENTER,IA,Hybrid_HWM,Hybrid Hospital-Wide All-Cause Risk Standardized Mortality Rate,25,4.1,2.9,5.6,07/01/2023,06/30/2024,6620535,IA,2024,0,0,1,0,0,Neither current nor planned,3.2188758248682006
161321,AVERA MERRILL PIONEER HOSPITAL,IA,Hybrid_HWM,Hybrid Hospital-Wide All-Cause Risk Standardized Mortality Rate,28,4.5,3.2,6.2,07/01/2023,06/30/2024,6629082,IA,2024,1,0,1,0,0,Neither current nor planned,3.332204510175204
161323,MITCHELL COUNTY REGIONAL HEALTH,IA,Hybrid_HWM,Hybrid Hospital-Wide All-Cause Risk Standardized Mortality Rate,101,4.3,3.1,5.7,07/01/2023,06/30/2024,6621068,IA,2024,0,0,1,0,0,Neither current nor planned,4.61512051684126
161328,REGIONAL HEALTH SERVICES OF HOWARD COUNTY,IA,Hybrid_HWM,Hybrid Hospital-Wide All-Cause Risk Standardized Mortality Rate,60,4.4,2.9,6.3,07/01/2023,06/30/2024,6620330,IA,2024,0,0,1,0,0,Neither current nor planned,4.0943445622221
161329,JACKSON COUNTY REGIONAL HEALTH CENTER,IA,Hybrid_HWM,Hybrid Hospital-Wide All-Cause Risk Standardized Mortality Rate,34,5.8,4,8.3,07/01/2023,06/30/2024,6620895,IA,2024,1,0,1,1,0,Current TEFCA,3.5263605246161616
161334,HUMBOLDT COUNTY MEMORIAL HOSPITAL,IA,Hybrid_HWM,Hybrid Hospital-Wide All-Cause Risk Standardized Mortality Rate,52,4.3,3.1,5.8,07/01/2023,06/30/2024,6620723,IA,2024,0,0,1,0,0,Neither current nor planned,3.9512437185814275
161336,HEGG MEMORIAL HEALTH CENTER,IA,Hybrid_HWM,Hybrid Hospital-Wide All-Cause Risk Standardized Mortality Rate,42,4.1,2.9,5.8,07/01/2023,06/30/2024,6621202,IA,2024,1,0,1,0,0,Neither current nor planned,3.7376696182833684
161338,MERCYONE OELWEIN MEDICAL CENTER,IA,Hybrid_HWM,Hybrid Hospital-Wide All-Cause Risk Standardized Mortality Rate,40,4.6,3.2,6.7,07/01/2023,06/30/2024,6621040,IA,2024,0,0,1,0,0,Neither current nor planned,3.6888794541139363
161345,OSCEOLA COMMUNITY HOSPITAL,IA,Hybrid_HWM,Hybrid Hospital-Wide All-Cause Risk Standardized Mortality Rate,39,4.3,3,5.9,07/01/2023,06/30/2024,6621230,IA,2024,1,0,1,0,0,Neither current nor planned,3.6635616461296463
161346,SIOUX CENTER HEALTH,IA,Hybrid_HWM,Hybrid Hospital-Wide All-Cause Risk Standardized Mortality Rate,88,4.1,3,5.5,07/01/2023,06/30/2024,6621245,IA,2024,1,0,1,0,0,Neither current nor planned,4.477336814478207
161348,CLARKE COUNTY HOSPITAL,IA,Hybrid_HWM,Hybrid Hospital-Wide All-Cause Risk Standardized Mortality Rate,62,4.3,3.2,5.8,07/01/2023,06/30/2024,6621075,IA,2023,0,1,1,0,0,Neither current nor planned,4.127134385045092
161351,AVERA HOLY FAMILY HOSPITAL,IA,Hybrid_HWM,Hybrid Hospital-Wide All-Cause Risk Standardized Mortality Rate,97,5,3.8,6.6,07/01/2023,06/30/2024,6620560,IA,2024,1,0,1,0,0,Neither current nor planned,4.574710978503383
161355,KNOXVILLE HOSPITAL & CLINICS,IA,Hybrid_HWM,Hybrid Hospital-Wide All-Cause Risk Standardized Mortality Rate,120,5,3.6,6.6,07/01/2023,06/30/2024,6620830,IA,2023,0,0,1,0,0,Neither current nor planned,4.787491742782046
161356,HENRY COUNTY HEALTH CENTER,IA,Hybrid_HWM,Hybrid Hospital-Wide All-Cause Risk Standardized Mortality Rate,59,4.5,3.1,6.7,07/01/2023,06/30/2024,6620970,IA,2023,1,0,1,0,0,Neither current nor planned,4.07753744390572
161357,PALO ALTO COUNTY HOSPITAL,IA,Hybrid_HWM,Hybrid Hospital-Wide All-Cause Risk Standardized Mortality Rate,78,4.3,3.1,6,07/01/2023,06/30/2024,6620550,IA,2024,0,0,1,0,0,Neither current nor planned,4.356708826689592
161362,CHEROKEE REGIONAL MEDICAL CENTER,IA,Hybrid_HWM,Hybrid Hospital-Wide All-Cause Risk Standardized Mortality Rate,129,5.6,4.3,7,07/01/2023,06/30/2024,6620230,IA,2024,0,0,1,0,0,Neither current nor planned,4.859812404361672
161363,MONTGOMERY COUNTY MEMORIAL HOSPITAL,IA,Hybrid_HWM,Hybrid Hospital-Wide All-Cause Risk Standardized Mortality Rate,109,4.2,3.1,5.6,07/01/2023,06/30/2024,6621180,IA,2024,1,1,1,1,0,Current TEFCA,4.6913478822291435
161364,JEFFERSON COUNTY HEALTH CENTER,IA,Hybrid_HWM,Hybrid Hospital-Wide All-Cause Risk Standardized Mortality Rate,107,4.5,3.3,5.9,07/01/2023,06/30/2024,6620565,IA,2024,0,1,0,0,0,Neither current nor planned,4.672828834461906
161366,SHENANDOAH MEDICAL CENTER,IA,Hybrid_HWM,Hybrid Hospital-Wide All-Cause Risk Standardized Mortality Rate,73,5.3,4,7,07/01/2023,06/30/2024,6621220,IA,2023,0,0,0,0,0,Neither current nor planned,4.290459441148391
161368,FLOYD VALLEY HEALTHCARE,IA,Hybrid_HWM,Hybrid Hospital-Wide All-Cause Risk Standardized Mortality Rate,99,4.3,3.2,5.5,07/01/2023,06/30/2024,6620870,IA,2024,1,0,1,0,0,Neither current nor planned,4.59511985013459
161369,CRAWFORD COUNTY MEMORIAL HOSPITAL,IA,Hybrid_HWM,Hybrid Hospital-Wide All-Cause Risk Standardized Mortality Rate,84,5.4,4,7.1,07/01/2023,06/30/2024,6620385,IA,2023,1,0,1,0,0,Neither current nor planned,4.430816798843313
161372,BOONE COUNTY HOSPITAL,IA,Hybrid_HWM,Hybrid Hospital-Wide All-Cause Risk Standardized Mortality Rate,58,4.5,3.1,6.4,07/01/2023,06/30/2024,6620100,IA,2024,1,0,1,1,0,Current TEFCA,4.060443010546419
161377,MERCYONE CENTERVILLE MEDICAL CENTER,IA,Hybrid_HWM,Hybrid Hospital-Wide All-Cause Risk Standardized Mortality Rate,62,4.7,3.4,6.4,07/01/2023,06/30/2024,6620190,IA,2024,1,0,1,1,0,Current TEFCA,4.127134385045092
161380,HANSEN FAMILY HOSPITAL,IA,Hybrid_HWM,Hybrid Hospital-Wide All-Cause Risk Standardized Mortality Rate,36,4.7,3.2,6.8,07/01/2023,06/30/2024,6620790,IA,2024,0,0,1,0,0,Neither current nor planned,3.58351893845611
170013,HAYS MEDICAL CENTER,KS,Hybrid_HWM,Hybrid Hospital-Wide All-Cause Risk Standardized Mortality Rate,1093,4.9,4.2,5.7,07/01/2023,06/30/2024,6670004,KS,2023,1,0,1,0,1,Planned TEFCA,6.996681488176539
170016,UNIVERSITY OF KANSAS HEALTH SYSTEM - ST FRANCIS CAMPUS,KS,Hybrid_HWM,Hybrid Hospital-Wide All-Cause Risk Standardized Mortality Rate,1187,4.8,4,5.7,07/01/2023,06/30/2024,6671010,KS,2024,0,1,1,0,0,Neither current nor planned,7.079184394609668
170194,ASCENTIST HOSPITAL LLC,KS,Hybrid_HWM,Hybrid Hospital-Wide All-Cause Risk Standardized Mortality Rate,35,4.2,2.8,6.3,07/01/2023,06/30/2024,6670042,KS,2023,0,0,1,0,0,Neither current nor planned,3.5553480614894135
171310,CHEYENNE COUNTY HOSPITAL,KS,Hybrid_HWM,Hybrid Hospital-Wide All-Cause Risk Standardized Mortality Rate,55,4,2.8,5.7,07/01/2023,06/30/2024,6670865,KS,2023,1,0,0,0,0,Neither current nor planned,4.007333185232471
171331,KIOWA DISTRICT HOSPITAL,KS,Hybrid_HWM,Hybrid Hospital-Wide All-Cause Risk Standardized Mortality Rate,32,4.3,2.9,6.4,07/01/2023,06/30/2024,6670517,KS,2024,0,0,0,0,0,Neither current nor planned,3.4657359027997265
171333,CLARA BARTON HOSPITAL,KS,Hybrid_HWM,Hybrid Hospital-Wide All-Cause Risk Standardized Mortality Rate,152,5.7,4.3,7.4,07/01/2023,06/30/2024,6670385,KS,2024,1,0,1,0,1,Planned TEFCA,5.0238805208462765
171338,GREAT PLAINS OF SABETHA,KS,Hybrid_HWM,Hybrid Hospital-Wide All-Cause Risk Standardized Mortality Rate,72,4.3,3.1,5.8,07/01/2023,06/30/2024,6670860,KS,2023,1,0,1,0,0,Neither current nor planned,4.276666119016055
171344,WILSON MEDICAL CENTER,KS,Hybrid_HWM,Hybrid Hospital-Wide All-Cause Risk Standardized Mortality Rate,27,4.6,2.8,7.2,07/01/2023,06/30/2024,6670700,KS,2024,0,0,1,0,0,Neither current nor planned,3.295836866004329
171345,PAWNEE VALLEY COMMUNITY HOSPITAL,KS,Hybrid_HWM,Hybrid Hospital-Wide All-Cause Risk Standardized Mortality Rate,43,4.5,3.2,6.2,07/01/2023,06/30/2024,6670535,KS,2023,1,0,1,0,1,Planned TEFCA,3.7612001156935624
171346,HOSPITAL DISTRICT #6 PATTERSON HEALTH CENTER,KS,Hybrid_HWM,Hybrid Hospital-Wide All-Cause Risk Standardized Mortality Rate,51,4.5,3.4,6.1,07/01/2023,06/30/2024,6670013,KS,2023,1,0,1,0,0,Neither current nor planned,3.9318256327243257
171347,SHERIDAN COUNTY HOSPITAL,KS,Hybrid_HWM,Hybrid Hospital-Wide All-Cause Risk Standardized Mortality Rate,42,4.5,3.2,6,07/01/2023,06/30/2024,6670402,KS,2024,0,0,0,0,0,Neither current nor planned,3.7376696182833684
171354,"COMMUNITY HOSPITAL, ONAGA AND ST MARYS CAMPUS",KS,Hybrid_HWM,Hybrid Hospital-Wide All-Cause Risk Standardized Mortality Rate,90,4.5,3.3,6.1,07/01/2023,06/30/2024,6670760,KS,2023,1,0,1,1,0,Current TEFCA,4.499809670330265
171357,HILLSBORO COMMUNITY HOSPITAL,KS,Hybrid_HWM,Hybrid Hospital-Wide All-Cause Risk Standardized Mortality Rate,29,4.3,3,5.9,07/01/2023,06/30/2024,6670370,KS,2024,1,0,1,0,1,Planned TEFCA,3.367295829986474
171359,GREELEY COUNTY HEALTH SERVICES,KS,Hybrid_HWM,Hybrid Hospital-Wide All-Cause Risk Standardized Mortality Rate,59,4.6,3.4,6.1,07/01/2023,06/30/2024,6671043,KS,2024,1,0,1,0,0,Neither current nor planned,4.07753744390572
171362,CITIZENS MEDICAL CENTER,KS,Hybrid_HWM,Hybrid Hospital-Wide All-Cause Risk Standardized Mortality Rate,169,4.8,3.7,6.2,07/01/2023,06/30/2024,6670130,KS,2024,1,1,1,1,0,Current TEFCA,5.1298987149230735
171369,HODGEMAN COUNTY HEALTH CENTER,KS,Hybrid_HWM,Hybrid Hospital-Wide All-Cause Risk Standardized Mortality Rate,47,4.2,3,5.8,07/01/2023,06/30/2024,6670455,KS,2023,0,0,1,0,0,Neither current nor planned,3.8501476017100584
171376,GIRARD MEDICAL CENTER,KS,Hybrid_HWM,Hybrid Hospital-Wide All-Cause Risk Standardized Mortality Rate,79,5.6,4.2,7.3,07/01/2023,06/30/2024,6670290,KS,2023,0,0,1,0,0,Neither current nor planned,4.3694478524670215
171377,SMITH COUNTY MEMORIAL HOSPITAL,KS,Hybrid_HWM,Hybrid Hospital-Wide All-Cause Risk Standardized Mortality Rate,115,5.2,3.9,6.8,07/01/2023,06/30/2024,6670913,KS,2023,1,0,1,0,0,Neither current nor planned,4.74493212836325
171383,WILLIAM NEWTON HOSPITAL,KS,Hybrid_HWM,Hybrid Hospital-Wide All-Cause Risk Standardized Mortality Rate,226,4.6,3.6,5.8,07/01/2023,06/30/2024,6671210,KS,2024,0,0,1,0,0,Neither current nor planned,5.420534999272286
171385,COFFEY COUNTY HOSPITAL,KS,Hybrid_HWM,Hybrid Hospital-Wide All-Cause Risk Standardized Mortality Rate,78,4.6,3.1,6.5,07/01/2023,06/30/2024,6670088,KS,2024,0,0,1,1,0,Current TEFCA,4.356708826689592
180013,THE MEDICAL CENTER (BOWLING GREEN),KY,Hybrid_HWM,Hybrid Hospital-Wide All-Cause Risk Standardized Mortality Rate,1537,5.4,4.6,6.3,07/01/2023,06/30/2024,6510007,KY,2024,1,0,0,0,0,Neither current nor planned,7.337587743538596
180027,MURRAY-CALLOWAY COUNTY HOSPITAL,KY,Hybrid_HWM,Hybrid Hospital-Wide All-Cause Risk Standardized Mortality Rate,585,4.3,3.5,5.2,07/01/2023,06/30/2024,6510750,KY,2023,0,1,1,0,1,Planned TEFCA,6.371611847231857
180044,PIKEVILLE MEDICAL CENTER,KY,Hybrid_HWM,Hybrid Hospital-Wide All-Cause Risk Standardized Mortality Rate,977,5,4.1,5.8,07/01/2023,06/30/2024,6510860,KY,2023,0,1,1,0,1,Planned TEFCA,6.884486652042782
180048,EPHRAIM MCDOWELL REGIONAL MEDICAL CENTER,KY,Hybrid_HWM,Hybrid Hospital-Wide All-Cause Risk Standardized Mortality Rate,716,4.5,3.8,5.5,07/01/2023,06/30/2024,6510140,KY,2024,1,0,1,0,1,Planned TEFCA,6.573680166960646
180079,HARRISON MEMORIAL HOSPITAL,KY,Hybrid_HWM,Hybrid Hospital-Wide All-Cause Risk Standardized Mortality Rate,176,5.2,4.1,6.5,07/01/2023,06/30/2024,6510130,KY,2023,0,0,1,0,0,Neither current nor planned,5.170483995038151
180102,MERCY HEALTH - LOURDES HOSPITAL,KY,Hybrid_HWM,Hybrid Hospital-Wide All-Cause Risk Standardized Mortality Rate,1071,3.7,3,4.5,07/01/2023,06/30/2024,6510810,KY,2024,0,1,1,0,1,Planned TEFCA,6.976348070447749
181301,MARCUM AND WALLACE MEMORIAL HOSPITAL,KY,Hybrid_HWM,Hybrid Hospital-Wide All-Cause Risk Standardized Mortality Rate,64,4.7,3.3,6.4,07/01/2023,06/30/2024,6510355,KY,2023,0,1,1,1,0,Current TEFCA,4.1588830833596715
181302,THE JAMES B. HAGGIN MEMORIAL HOSPITAL,KY,Hybrid_HWM,Hybrid Hospital-Wide All-Cause Risk Standardized Mortality Rate,26,4.5,3,6.8,07/01/2023,06/30/2024,6510280,KY,2024,1,0,1,0,1,Planned TEFCA,3.258096538021482
181330,RUSSELL COUNTY HOSPITAL,KY,Hybrid_HWM,Hybrid Hospital-Wide All-Cause Risk Standardized Mortality Rate,78,4.6,3.3,6.4,07/01/2023,06/30/2024,6511000,KY,2023,0,0,1,0,0,Neither current nor planned,4.356708826689592
190034,ABBEVILLE GENERAL HOSPITAL,LA,Hybrid_HWM,Hybrid Hospital-Wide All-Cause Risk Standardized Mortality Rate,174,4.6,3.6,5.7,07/01/2023,06/30/2024,6720011,LA,2023,0,0,0,0,0,Neither current nor planned,5.159055299214529
190050,BEAUREGARD MEMORIAL HOSPITAL,LA,Hybrid_HWM,Hybrid Hospital-Wide All-Cause Risk Standardized Mortality Rate,189,4.5,3.4,5.9,07/01/2023,06/30/2024,6720217,LA,2023,0,0,1,0,0,Neither current nor planned,5.241747015059643
190054,IBERIA MEDICAL CENTER,LA,Hybrid_HWM,Hybrid Hospital-Wide All-Cause Risk Standardized Mortality Rate,473,5.3,4.4,6.3,07/01/2023,06/30/2024,6720503,LA,2023,1,0,1,0,0,Neither current nor planned,6.159095388491933
190090,WINN PARISH MEDICAL CENTER,LA,Hybrid_HWM,Hybrid Hospital-Wide All-Cause Risk Standardized Mortality Rate,86,6,4.2,8.2,07/01/2023,06/30/2024,6720888,LA,2023,0,0,0,1,0,Current TEFCA,4.454347296253507
190114,CLAIBORNE MEMORIAL MEDICAL CENTER,LA,Hybrid_HWM,Hybrid Hospital-Wide All-Cause Risk Standardized Mortality Rate,169,5.1,3.9,6.6,07/01/2023,06/30/2024,6720270,LA,2024,1,0,1,0,0,Neither current nor planned,5.1298987149230735
190151,RICHARDSON MEDICAL CENTER,LA,Hybrid_HWM,Hybrid Hospital-Wide All-Cause Risk Standardized Mortality Rate,64,5.1,3.5,7.2,07/01/2023,06/30/2024,6720767,LA,2023,0,0,1,0,0,Neither current nor planned,4.1588830833596715
190164,BYRD REGIONAL HOSPITAL,LA,Hybrid_HWM,Hybrid Hospital-Wide All-Cause Risk Standardized Mortality Rate,200,5.3,4,6.7,07/01/2023,06/30/2024,6720380,LA,2023,0,0,0,0,0,Neither current nor planned,5.298317366548036
190176,EAST JEFFERSON GENERAL HOSPITAL,LA,Hybrid_HWM,Hybrid Hospital-Wide All-Cause Risk Standardized Mortality Rate,1729,4.9,4.2,5.6,07/01/2023,06/30/2024,6720032,LA,2023,0,0,1,1,0,Current TEFCA,7.455298485683291
190218,SABINE MEDICAL CENTER,LA,Hybrid_HWM,Hybrid Hospital-Wide All-Cause Risk Standardized Mortality Rate,72,5.8,4.3,7.7,07/01/2023,06/30/2024,6720400,LA,2023,0,1,1,0,0,Neither current nor planned,4.276666119016055
190267,AVALA,LA,Hybrid_HWM,Hybrid Hospital-Wide All-Cause Risk Standardized Mortality Rate,120,4,2.4,6.8,07/01/2023,06/30/2024,6720192,LA,2023,1,0,1,0,1,Planned TEFCA,4.787491742782046
190313,NEW ORLEANS EAST HOSPITAL,LA,Hybrid_HWM,Hybrid Hospital-Wide All-Cause Risk Standardized Mortality Rate,35,4.1,3,5.4,07/01/2023,06/30/2024,6720696,LA,2023,1,1,1,0,1,Planned TEFCA,3.5553480614894135
200008,NORTHERN LIGHT MERCY HOSPITAL,ME,Hybrid_HWM,Hybrid Hospital-Wide All-Cause Risk Standardized Mortality Rate,418,4,3.2,4.9,07/01/2023,06/30/2024,6110008,ME,2023,1,0,1,1,0,Current TEFCA,6.035481432524756
200018,NORTHERN LIGHT  A R GOULD HOSPITAL,ME,Hybrid_HWM,Hybrid Hospital-Wide All-Cause Risk Standardized Mortality Rate,213,4.4,3.4,5.5,07/01/2023,06/30/2024,6110480,ME,2023,1,0,1,1,0,Current TEFCA,5.3612921657094255
200033,NORTHERN LIGHT EASTERN MAINE MEDICAL CENTER,ME,Hybrid_HWM,Hybrid Hospital-Wide All-Cause Risk Standardized Mortality Rate,1555,4.4,3.7,5.2,07/01/2023,06/30/2024,6110050,ME,2023,1,0,1,1,0,Current TEFCA,7.349230824613334
200039,MAINE GENERAL MEDICAL CENTER,ME,Hybrid_HWM,Hybrid Hospital-Wide All-Cause Risk Standardized Mortality Rate,724,3.9,3.2,4.7,07/01/2023,06/30/2024,6110555,ME,2023,0,0,1,0,1,Planned TEFCA,6.584791392385716
200050,NORTHERN LIGHT MAINE COAST HOSPITAL,ME,Hybrid_HWM,Hybrid Hospital-Wide All-Cause Risk Standardized Mortality Rate,208,3.9,3,4.8,07/01/2023,06/30/2024,6110260,ME,2023,1,0,1,1,0,Current TEFCA,5.337538079701318
201300,NORTHERN LIGHT BLUE HILL MEMORIAL HOSPITAL,ME,Hybrid_HWM,Hybrid Hospital-Wide All-Cause Risk Standardized Mortality Rate,69,3.9,2.9,5.2,07/01/2023,06/30/2024,6110150,ME,2023,1,0,1,1,0,Current TEFCA,4.23410650459726
201301,NORTHERN LIGHT C A DEAN HOSPITAL,ME,Hybrid_HWM,Hybrid Hospital-Wide All-Cause Risk Standardized Mortality Rate,30,4.3,3.2,5.8,07/01/2023,06/30/2024,6110310,ME,2023,1,0,1,1,0,Current TEFCA,3.4011973816621555
201309,NORTHERN LIGHT MAYO HOSPITAL,ME,Hybrid_HWM,Hybrid Hospital-Wide All-Cause Risk Standardized Mortality Rate,125,4.4,3.4,5.6,07/01/2023,06/30/2024,6110240,ME,2023,1,0,1,0,1,Planned TEFCA,4.8283137373023015
201313,NORTHERN LIGHT SEBASTICOOK VALLEY HOSPITAL,ME,Hybrid_HWM,Hybrid Hospital-Wide All-Cause Risk Standardized Mortality Rate,118,4.3,3.3,5.6,07/01/2023,06/30/2024,6110410,ME,2023,1,0,1,1,0,Current TEFCA,4.770684624465665
210004,HOLY CROSS HOSPITAL,MD,Hybrid_HWM,Hybrid Hospital-Wide All-Cause Risk Standardized Mortality Rate,1543,4.1,3.5,4.7,07/01/2023,06/30/2024,6320813,MD,2024,0,1,1,0,1,Planned TEFCA,7.341483852363161
210016,ADVENTIST HEALTHCARE WHITE OAK MEDICAL CENTER,MD,Hybrid_HWM,Hybrid Hospital-Wide All-Cause Risk Standardized Mortality Rate,1667,3.6,3,4.3,07/01/2023,06/30/2024,6320395,MD,2023,1,0,1,0,0,Neither current nor planned,7.418780882750794
210019,"TIDALHEALTH PENINSULA REGIONAL, INC",MD,Hybrid_HWM,Hybrid Hospital-Wide All-Cause Risk Standardized Mortality Rate,2999,3.6,3.1,4.2,07/01/2023,06/30/2024,6320785,MD,2023,1,1,1,0,1,Planned TEFCA,8.00603417874901
210027,WESTERN MARYLAND REGIONAL MEDICAL CENTER,MD,Hybrid_HWM,Hybrid Hospital-Wide All-Cause Risk Standardized Mortality Rate,1816,3.5,3,4,07/01/2023,06/30/2024,6320206,MD,2024,1,1,1,0,1,Planned TEFCA,7.504391559161238
210032,UNION HOSPITAL OF CECIL COUNTY,MD,Hybrid_HWM,Hybrid Hospital-Wide All-Cause Risk Standardized Mortality Rate,962,4.4,3.7,5.2,07/01/2023,06/30/2024,6320500,MD,2023,1,1,1,0,1,Planned TEFCA,6.8690144506657065
210057,ADVENTIST HEALTHCARE SHADY GROVE MEDICAL CENTER,MD,Hybrid_HWM,Hybrid Hospital-Wide All-Cause Risk Standardized Mortality Rate,2198,4.4,3.8,5.1,07/01/2023,06/30/2024,6320775,MD,2023,1,0,1,0,0,Neither current nor planned,7.6953031349635665
210060,ADVENTIST HEALTHCARE FORT WASHINGTON MEDICAL CTR,MD,Hybrid_HWM,Hybrid Hospital-Wide All-Cause Risk Standardized Mortality Rate,451,4.5,3.7,5.6,07/01/2023,06/30/2024,6320008,MD,2023,1,0,1,0,0,Neither current nor planned,6.111467339502679
210065,HOLY CROSS GERMANTOWN HOSPITAL,MD,Hybrid_HWM,Hybrid Hospital-Wide All-Cause Risk Standardized Mortality Rate,860,3.7,3.1,4.5,07/01/2023,06/30/2024,6320391,MD,2024,0,1,1,0,1,Planned TEFCA,6.756932389247553
220001,UMASS MEMORIAL HEALTHALLIANCE HOSPITALS,MA,Hybrid_HWM,Hybrid Hospital-Wide All-Cause Risk Standardized Mortality Rate,1015,3.6,3,4.3,07/01/2023,06/30/2024,6140008,MA,2024,1,1,1,1,0,Current TEFCA,6.922643891475888
220010,MERRIMACK HEALTH LAWRENCE HOSPITAL,MA,Hybrid_HWM,Hybrid Hospital-Wide All-Cause Risk Standardized Mortality Rate,1339,4.1,3.4,4.8,07/01/2023,06/30/2024,6141170,MA,2023,0,1,1,0,1,Planned TEFCA,7.199678345691172
220015,"COOLEY DICKINSON HOSPITAL INC,THE",MA,Hybrid_HWM,Hybrid Hospital-Wide All-Cause Risk Standardized Mortality Rate,1027,3.3,2.7,4,07/01/2023,06/30/2024,6141570,MA,2023,1,1,1,0,1,Planned TEFCA,6.934397209928558
220016,BAYSTATE FRANKLIN MEDICAL CENTER,MA,Hybrid_HWM,Hybrid Hospital-Wide All-Cause Risk Standardized Mortality Rate,638,3.6,2.8,4.5,07/01/2023,06/30/2024,6141020,MA,2024,1,0,1,0,1,Planned TEFCA,6.45833828334479
220019,UMASS MEMORIAL HEALTH - HARRINGTON HOSPITAL,MA,Hybrid_HWM,Hybrid Hospital-Wide All-Cause Risk Standardized Mortality Rate,569,4.2,3.4,5.1,07/01/2023,06/30/2024,6141890,MA,2024,1,1,1,1,0,Current TEFCA,6.343880434126331
220030,BAYSTATE WING HOSPITAL,MA,Hybrid_HWM,Hybrid Hospital-Wide All-Cause Risk Standardized Mortality Rate,719,3.9,3.2,4.8,07/01/2023,06/30/2024,6141660,MA,2024,1,0,1,0,1,Planned TEFCA,6.577861357721047
220035,NORTH SHORE MEDICAL CENTER -,MA,Hybrid_HWM,Hybrid Hospital-Wide All-Cause Risk Standardized Mortality Rate,2958,3.1,2.6,3.5,07/01/2023,06/30/2024,6140002,MA,2023,1,1,1,0,1,Planned TEFCA,7.992268643270745
220049,UMASS MEMORIAL HEALTHCARE-MARLBOROUGH HOSPITAL,MA,Hybrid_HWM,Hybrid Hospital-Wide All-Cause Risk Standardized Mortality Rate,599,4,3.3,4.8,07/01/2023,06/30/2024,6141300,MA,2024,1,1,1,1,0,Current TEFCA,6.395261598115449
220060,BETH ISRAEL DEACONESS HOSPITAL PLYMOUTH,MA,Hybrid_HWM,Hybrid Hospital-Wide All-Cause Risk Standardized Mortality Rate,2887,3.4,2.9,3.9,07/01/2023,06/30/2024,6141720,MA,2023,0,0,1,0,0,Neither current nor planned,7.967973179662935
220065,BAYSTATE NOBLE HOSPITAL,MA,Hybrid_HWM,Hybrid Hospital-Wide All-Cause Risk Standardized Mortality Rate,561,4.2,3.3,5.2,07/01/2023,06/30/2024,6142200,MA,2024,1,0,1,0,1,Planned TEFCA,6.329720905522696
220066,MERCY MEDICAL CTR,MA,Hybrid_HWM,Hybrid Hospital-Wide All-Cause Risk Standardized Mortality Rate,814,4.7,3.9,5.6,07/01/2023,06/30/2024,6141940,MA,2024,0,0,1,1,0,Current TEFCA,6.70196036600254
220071,MASSACHUSETTS GENERAL HOSPITAL,MA,Hybrid_HWM,Hybrid Hospital-Wide All-Cause Risk Standardized Mortality Rate,5981,2,1.7,2.4,07/01/2023,06/30/2024,6140430,MA,2023,1,1,1,0,1,Planned TEFCA,8.696343057044556
220077,BAYSTATE MEDICAL CENTER,MA,Hybrid_HWM,Hybrid Hospital-Wide All-Cause Risk Standardized Mortality Rate,4619,3.3,2.9,3.8,07/01/2023,06/30/2024,6141955,MA,2024,1,0,1,0,1,Planned TEFCA,8.437933510430605
220090,MILFORD REGIONAL MEDICAL CENTER,MA,Hybrid_HWM,Hybrid Hospital-Wide All-Cause Risk Standardized Mortality Rate,1656,3.7,3.1,4.3,07/01/2023,06/30/2024,6141395,MA,2024,0,0,1,1,0,Current TEFCA,7.412160334945205
220101,NEWTON-WELLESLEY HOSPITAL,MA,Hybrid_HWM,Hybrid Hospital-Wide All-Cause Risk Standardized Mortality Rate,3229,2.7,2.3,3.1,07/01/2023,06/30/2024,6141530,MA,2023,1,1,1,0,1,Planned TEFCA,8.079927770758275
220163,UMASS MEMORIAL MEDICAL CENTER/UNIVERSITY CAMPUS,MA,Hybrid_HWM,Hybrid Hospital-Wide All-Cause Risk Standardized Mortality Rate,3915,3.5,3,4,07/01/2023,06/30/2024,6141095,MA,2024,1,1,1,1,0,Current TEFCA,8.272570608424903
230002,ST JOE MERCY HOSPITAL SYSTEM LIVONIA,MI,Hybrid_HWM,Hybrid Hospital-Wide All-Cause Risk Standardized Mortality Rate,1849,4,3.5,4.7,07/01/2023,06/30/2024,6441669,MI,2024,1,1,1,1,0,Current TEFCA,7.522400231387125
230005,PROMEDICA CHARLES AND VIRGINIA HICKMAN HOSPITAL,MI,Hybrid_HWM,Hybrid Hospital-Wide All-Cause Risk Standardized Mortality Rate,440,4.7,3.8,5.8,07/01/2023,06/30/2024,6440503,MI,2023,1,1,0,0,1,Planned TEFCA,6.0867747269123065
230017,BRONSON METHODIST HOSPITAL,MI,Hybrid_HWM,Hybrid Hospital-Wide All-Cause Risk Standardized Mortality Rate,1920,3.6,3.1,4.3,07/01/2023,06/30/2024,6441550,MI,2023,1,1,1,1,0,Current TEFCA,7.560080465021827
230022,INSIGHT HOSPITAL AND MEDICAL CENTER COLDWATER,MI,Hybrid_HWM,Hybrid Hospital-Wide All-Cause Risk Standardized Mortality Rate,273,4.9,3.9,6.1,07/01/2023,06/30/2024,6440360,MI,2023,1,1,0,0,1,Planned TEFCA,5.60947179518496
230029,TRINITY HEALTH OAKLAND HOSPITAL,MI,Hybrid_HWM,Hybrid Hospital-Wide All-Cause Risk Standardized Mortality Rate,1790,4.4,3.8,5.1,07/01/2023,06/30/2024,6442140,MI,2024,1,1,1,1,0,Current TEFCA,7.489970898834801
230053,HENRY FORD HEALTH HOSPITAL,MI,Hybrid_HWM,Hybrid Hospital-Wide All-Cause Risk Standardized Mortality Rate,1585,4,3.3,4.7,07/01/2023,06/30/2024,6440650,MI,2023,1,1,1,1,0,Current TEFCA,7.368339686311381
230059,MERCY HEALTH SAINT MARY'S,MI,Hybrid_HWM,Hybrid Hospital-Wide All-Cause Risk Standardized Mortality Rate,880,4.3,3.6,5.1,07/01/2023,06/30/2024,6441210,MI,2024,1,1,1,1,0,Current TEFCA,6.779921907472252
230069,TRINITY HEALTH LIVINGSTON HOSPITAL,MI,Hybrid_HWM,Hybrid Hospital-Wide All-Cause Risk Standardized Mortality Rate,539,3.7,3,4.6,07/01/2023,06/30/2024,6441380,MI,2024,1,1,1,1,0,Current TEFCA,6.289715570908998
230075,BRONSON BATTLE CREEK HOSPITAL,MI,Hybrid_HWM,Hybrid Hospital-Wide All-Cause Risk Standardized Mortality Rate,783,3.7,3,4.4,07/01/2023,06/30/2024,6440155,MI,2023,1,1,1,1,0,Current TEFCA,6.663132695990803
230085,BRONSON SOUTH HAVEN HOSPITAL,MI,Hybrid_HWM,Hybrid Hospital-Wide All-Cause Risk Standardized Mortality Rate,59,4.4,3.2,6.1,07/01/2023,06/30/2024,6442360,MI,2023,1,1,1,1,0,Current TEFCA,4.07753744390572
230099,PROMEDICA MONROE REGIONAL HOSPITAL,MI,Hybrid_HWM,Hybrid Hospital-Wide All-Cause Risk Standardized Mortality Rate,488,4.3,3.5,5.2,07/01/2023,06/30/2024,6441795,MI,2023,1,1,0,0,1,Planned TEFCA,6.1903154058531475
230105,MCLAREN NORTHERN MICHIGAN,MI,Hybrid_HWM,Hybrid Hospital-Wide All-Cause Risk Standardized Mortality Rate,1138,4.2,3.5,5,07/01/2023,06/30/2024,6442035,MI,2024,1,0,1,0,1,Planned TEFCA,7.037027614686276
230156,TRINITY HEALTH ANN ARBOR HOSPITAL,MI,Hybrid_HWM,Hybrid Hospital-Wide All-Cause Risk Standardized Mortality Rate,3433,3.2,2.8,3.7,07/01/2023,06/30/2024,6440087,MI,2024,1,1,1,1,0,Current TEFCA,8.141189793457691
230174,TRINITY HEALTH GRAND HAVEN HOSPITAL,MI,Hybrid_HWM,Hybrid Hospital-Wide All-Cause Risk Standardized Mortality Rate,94,4.2,3.1,5.6,07/01/2023,06/30/2024,6441120,MI,2023,0,0,1,0,1,Planned TEFCA,4.543294782270004
230193,MCLAREN LAPEER REGION,MI,Hybrid_HWM,Hybrid Hospital-Wide All-Cause Risk Standardized Mortality Rate,650,4.3,3.5,5.2,07/01/2023,06/30/2024,6441640,MI,2023,1,0,1,0,0,Neither current nor planned,6.476972362889683
230208,UNIVERSITY OF MICHIGAN HEALTH-SPARROW CARSON,MI,Hybrid_HWM,Hybrid Hospital-Wide All-Cause Risk Standardized Mortality Rate,81,3.9,2.8,5.2,07/01/2023,06/30/2024,6440292,MI,2023,0,1,1,0,0,Neither current nor planned,4.394449154672439
230217,OAKLAWN HOSPITAL,MI,Hybrid_HWM,Hybrid Hospital-Wide All-Cause Risk Standardized Mortality Rate,286,4.3,3.3,5.4,07/01/2023,06/30/2024,6441750,MI,2024,1,0,1,0,0,Neither current nor planned,5.655991810819852
230230,EDWARD W SPARROW HOSPITAL,MI,Hybrid_HWM,Hybrid Hospital-Wide All-Cause Risk Standardized Mortality Rate,1542,4.4,3.8,5.2,07/01/2023,06/30/2024,6441595,MI,2023,0,1,1,0,0,Neither current nor planned,7.340835554123275
230236,UNIVERSITY OF MICHIGAN HEALTH - WEST,MI,Hybrid_HWM,Hybrid Hospital-Wide All-Cause Risk Standardized Mortality Rate,586,4,3.2,4.8,07/01/2023,06/30/2024,6441231,MI,2024,1,1,1,0,1,Planned TEFCA,6.373319789577012
230259,CHELSEA HOSPITAL,MI,Hybrid_HWM,Hybrid Hospital-Wide All-Cause Risk Standardized Mortality Rate,690,3.4,2.8,4.3,07/01/2023,06/30/2024,6440331,MI,2024,1,1,1,1,0,Current TEFCA,6.536691597591305
230297,KARMANOS CANCER CENTER,MI,Hybrid_HWM,Hybrid Hospital-Wide All-Cause Risk Standardized Mortality Rate,121,4,2.8,5.6,07/01/2023,06/30/2024,6440043,MI,2023,1,0,1,0,0,Neither current nor planned,4.795790545596741
230302,HENRY FORD HEALTH WEST BLOOMFIELD HOSPITAL,MI,Hybrid_HWM,Hybrid Hospital-Wide All-Cause Risk Standardized Mortality Rate,1617,3.9,3.3,4.5,07/01/2023,06/30/2024,6440049,MI,2023,1,1,1,1,0,Current TEFCA,7.388327859577107
230303,MUNSON HEALTHCARE MANISTEE HOSPITAL,MI,Hybrid_HWM,Hybrid Hospital-Wide All-Cause Risk Standardized Mortality Rate,116,4.4,3.4,5.6,07/01/2023,06/30/2024,6441705,MI,2023,1,0,1,0,0,Neither current nor planned,4.7535901911063645
231304,HELEN NEWBERRY JOY HOSPITAL,MI,Hybrid_HWM,Hybrid Hospital-Wide All-Cause Risk Standardized Mortality Rate,49,4.7,3.5,6.2,07/01/2023,06/30/2024,6441925,MI,2024,0,1,1,0,0,Neither current nor planned,3.8918202981106265
231316,HILLS & DALES GENERAL HOSPITAL,MI,Hybrid_HWM,Hybrid Hospital-Wide All-Cause Risk Standardized Mortality Rate,85,4.3,3.2,5.7,07/01/2023,06/30/2024,6440295,MI,2023,0,1,1,1,0,Current TEFCA,4.442651256490317
231319,ASPIRUS KEWEENAW HOSPITAL AND CLINICS,MI,Hybrid_HWM,Hybrid Hospital-Wide All-Cause Risk Standardized Mortality Rate,100,4.4,3.4,5.7,07/01/2023,06/30/2024,6441660,MI,2024,0,0,0,0,0,Neither current nor planned,4.605170185988092
231320,MERCY HEALTH LAKESHORE CAMPUS,MI,Hybrid_HWM,Hybrid Hospital-Wide All-Cause Risk Standardized Mortality Rate,65,4.1,2.9,5.6,07/01/2023,06/30/2024,6442350,MI,2024,1,1,1,1,0,Current TEFCA,4.174387269895637
231322,CHARLEVOIX AREA HOSPITAL,MI,Hybrid_HWM,Hybrid Hospital-Wide All-Cause Risk Standardized Mortality Rate,91,4.4,3.3,5.8,07/01/2023,06/30/2024,6440310,MI,2023,0,0,0,0,0,Neither current nor planned,4.51085950651685
231326,UNIVERSITY OF MICHIGAN HEALTH- SPARROW CLINTON,MI,Hybrid_HWM,Hybrid Hospital-Wide All-Cause Risk Standardized Mortality Rate,94,3.8,2.7,5.2,07/01/2023,06/30/2024,6442310,MI,2023,0,1,1,0,0,Neither current nor planned,4.543294782270004
231327,UNIVERSITY OF MICHIGAN HEALTH - SPARROW EATON,MI,Hybrid_HWM,Hybrid Hospital-Wide All-Cause Risk Standardized Mortality Rate,114,3.9,2.7,5.3,07/01/2023,06/30/2024,6440320,MI,2023,0,1,1,0,0,Neither current nor planned,4.736198448394496
231331,SPARROW IONIA HOSPITAL,MI,Hybrid_HWM,Hybrid Hospital-Wide All-Cause Risk Standardized Mortality Rate,61,4,2.8,5.6,07/01/2023,06/30/2024,6441410,MI,2023,0,1,1,0,0,Neither current nor planned,4.110873864173311
231332,BRONSON LAKEVIEW HOSPITAL,MI,Hybrid_HWM,Hybrid Hospital-Wide All-Cause Risk Standardized Mortality Rate,107,3.9,2.8,5.3,07/01/2023,06/30/2024,6442030,MI,2023,1,1,1,1,0,Current TEFCA,4.672828834461906
240001,NORTH MEMORIAL HEALTH HOSPITAL,MN,Hybrid_HWM,Hybrid Hospital-Wide All-Cause Risk Standardized Mortality Rate,1312,4,3.4,4.6,07/01/2023,06/30/2024,6611455,MN,2023,1,1,0,0,1,Planned TEFCA,7.179307969504034
240014,NORTHFIELD HOSPITAL,MN,Hybrid_HWM,Hybrid Hospital-Wide All-Cause Risk Standardized Mortality Rate,105,4,3,5.2,07/01/2023,06/30/2024,6611260,MN,2023,1,0,0,0,1,Planned TEFCA,4.653960350157523
241334,RIVER'S EDGE HOSPITAL & CLINIC,MN,Hybrid_HWM,Hybrid Hospital-Wide All-Cause Risk Standardized Mortality Rate,326,4.5,2.7,7.8,07/01/2023,06/30/2024,6611730,MN,2023,0,1,0,0,0,Neither current nor planned,5.786897381366708
241335,ST ELIZABETH MEDICAL CENTER,MN,Hybrid_HWM,Hybrid Hospital-Wide All-Cause Risk Standardized Mortality Rate,40,4.4,3.2,5.8,07/01/2023,06/30/2024,6611950,MN,2023,1,1,1,0,0,Neither current nor planned,3.6888794541139363
241337,NORTH VALLEY HEALTH CENTER,MN,Hybrid_HWM,Hybrid Hospital-Wide All-Cause Risk Standardized Mortality Rate,27,4,2.8,5.5,07/01/2023,06/30/2024,6612000,MN,2024,0,1,1,0,0,Neither current nor planned,3.295836866004329
241359,AVERA MARSHALL REGIONAL MEDICAL CTR,MN,Hybrid_HWM,Hybrid Hospital-Wide All-Cause Risk Standardized Mortality Rate,167,4.2,3.3,5.4,07/01/2023,06/30/2024,6610795,MN,2024,1,0,1,0,0,Neither current nor planned,5.117993812416755
241374,PIPESTONE COUNTY  MEDICAL CENTER,MN,Hybrid_HWM,Hybrid Hospital-Wide All-Cause Risk Standardized Mortality Rate,44,4.2,3.3,5.3,07/01/2023,06/30/2024,6611360,MN,2024,1,0,1,0,0,Neither current nor planned,3.784189633918261
250042,NORTHWEST MISSISSISSIPPI REGIONAL MEDICAL CENTER,MS,Hybrid_HWM,Hybrid Hospital-Wide All-Cause Risk Standardized Mortality Rate,53,4.7,3.3,6.6,07/01/2023,06/30/2024,6540156,MS,2023,0,0,0,0,0,Neither current nor planned,3.970291913552122
250050,BAPTIST MEMORIAL HOSPITAL-OKTIBBEHA COUNTY,MS,Hybrid_HWM,Hybrid Hospital-Wide All-Cause Risk Standardized Mortality Rate,252,4.9,3.8,6.2,07/01/2023,06/30/2024,6540785,MS,2024,0,0,1,0,1,Planned TEFCA,5.529429087511423
250099,GREENWOOD LEFLORE HOSPITAL,MS,Hybrid_HWM,Hybrid Hospital-Wide All-Cause Risk Standardized Mortality Rate,136,4.7,3.7,6,07/01/2023,06/30/2024,6540280,MS,2023,0,0,1,0,0,Neither current nor planned,4.912654885736052
250172,HIGHLAND HILLS MEDICAL CENTER,MS,Hybrid_HWM,Hybrid Hospital-Wide All-Cause Risk Standardized Mortality Rate,65,4.5,3.2,6.1,07/01/2023,06/30/2024,6540459,MS,2023,0,0,0,0,0,Neither current nor planned,4.174387269895637
251337,TIPPAH COUNTY HOSPITAL,MS,Hybrid_HWM,Hybrid Hospital-Wide All-Cause Risk Standardized Mortality Rate,112,5.8,4.2,7.8,07/01/2023,06/30/2024,6540755,MS,2024,1,0,1,0,1,Planned TEFCA,4.718498871295094
260022,NORTHEAST REGIONAL MEDICAL CENTER,MO,Hybrid_HWM,Hybrid Hospital-Wide All-Cause Risk Standardized Mortality Rate,344,4.5,3.6,5.4,07/01/2023,06/30/2024,6631445,MO,2024,0,0,0,0,0,Neither current nor planned,5.840641657373398
260141,UNIVERSITY OF MISSOURI HEALTH CARE,MO,Hybrid_HWM,Hybrid Hospital-Wide All-Cause Risk Standardized Mortality Rate,2066,4.3,3.6,5,07/01/2023,06/30/2024,6630150,MO,2024,1,0,1,1,0,Current TEFCA,7.633369649679584
261322,EXCELSIOR SPRINGS HOSPITAL,MO,Hybrid_HWM,Hybrid Hospital-Wide All-Cause Risk Standardized Mortality Rate,34,4.4,3.1,6,07/01/2023,06/30/2024,6630160,MO,2023,1,0,1,0,0,Neither current nor planned,3.5263605246161616
261332,CARROLL COUNTY MEMORIAL HOSPITAL,MO,Hybrid_HWM,Hybrid Hospital-Wide All-Cause Risk Standardized Mortality Rate,35,4.2,2.9,6,07/01/2023,06/30/2024,6630087,MO,2024,1,0,1,0,1,Planned TEFCA,3.5553480614894135
270014,ST. PATRICK HOSPITAL,MT,Hybrid_HWM,Hybrid Hospital-Wide All-Cause Risk Standardized Mortality Rate,1967,3.6,3,4.4,07/01/2023,06/30/2024,6810430,MT,2023,1,1,1,0,1,Planned TEFCA,7.584264818389059
270017,ST JAMES HOSPITAL,MT,Hybrid_HWM,Hybrid Hospital-Wide All-Cause Risk Standardized Mortality Rate,423,4.2,3.4,5.2,07/01/2023,06/30/2024,6810055,MT,2023,1,1,1,0,1,Planned TEFCA,6.0473721790462776
270049,INTERMOUNTAIN HEALTH ST VINCENT REGIONAL HOSPITAL,MT,Hybrid_HWM,Hybrid Hospital-Wide All-Cause Risk Standardized Mortality Rate,1678,3.3,2.8,4,07/01/2023,06/30/2024,6810030,MT,2023,1,1,1,0,1,Planned TEFCA,7.425357887027151
270057,BOZEMAN HEALTH DEACONESS HOSPITAL,MT,Hybrid_HWM,Hybrid Hospital-Wide All-Cause Risk Standardized Mortality Rate,1056,3.6,2.9,4.3,07/01/2023,06/30/2024,6810040,MT,2023,1,1,0,0,1,Planned TEFCA,6.962243464266207
271317,LIVINGSTON HEALTHCARE,MT,Hybrid_HWM,Hybrid Hospital-Wide All-Cause Risk Standardized Mortality Rate,224,4.6,3.7,5.8,07/01/2023,06/30/2024,6810395,MT,2023,1,0,1,0,0,Neither current nor planned,5.4116460518550396
271343,PROVIDENCE ST JOSEPH MEDICAL CENTER,MT,Hybrid_HWM,Hybrid Hospital-Wide All-Cause Risk Standardized Mortality Rate,69,4,2.9,5.5,07/01/2023,06/30/2024,6810460,MT,2023,1,1,1,0,1,Planned TEFCA,4.23410650459726
271345,CENTRAL MONTANA MEDICAL CENTER,MT,Hybrid_HWM,Hybrid Hospital-Wide All-Cause Risk Standardized Mortality Rate,110,4,3.1,5.2,07/01/2023,06/30/2024,6810380,MT,2024,1,0,1,0,0,Neither current nor planned,4.700480365792417
271347,HOLY ROSARY HOSPITAL,MT,Hybrid_HWM,Hybrid Hospital-Wide All-Cause Risk Standardized Mortality Rate,137,4,3,5.2,07/01/2023,06/30/2024,6810410,MT,2023,1,1,1,0,1,Planned TEFCA,4.919980925828125
280134,KEARNEY REGIONAL MEDICAL CENTER,NE,Hybrid_HWM,Hybrid Hospital-Wide All-Cause Risk Standardized Mortality Rate,742,4.1,3.3,4.9,07/01/2023,06/30/2024,6660414,NE,2023,0,0,1,0,0,Neither current nor planned,6.60934924316738
281304,THAYER COUNTY HEALTH SERVICES,NE,Hybrid_HWM,Hybrid Hospital-Wide All-Cause Risk Standardized Mortality Rate,40,4.6,3.4,6.2,07/01/2023,06/30/2024,6660305,NE,2024,0,0,0,0,0,Neither current nor planned,3.6888794541139363
281318,MORRILL COUNTY COMMUNITY HOSPITAL,NE,Hybrid_HWM,Hybrid Hospital-Wide All-Cause Risk Standardized Mortality Rate,65,5.2,4,6.6,07/01/2023,06/30/2024,6660115,NE,2023,1,0,1,0,0,Neither current nor planned,4.174387269895637
281329,AVERA ST ANTHONY'S HOSPITAL,NE,Hybrid_HWM,Hybrid Hospital-Wide All-Cause Risk Standardized Mortality Rate,142,4,3.2,5.1,07/01/2023,06/30/2024,6660747,NE,2024,1,0,1,0,0,Neither current nor planned,4.955827057601261
281338,HOWARD COUNTY MEDICAL CENTER,NE,Hybrid_HWM,Hybrid Hospital-Wide All-Cause Risk Standardized Mortality Rate,42,4.1,3,5.6,07/01/2023,06/30/2024,6669130,NE,2023,0,0,1,0,0,Neither current nor planned,3.7376696182833684
281343,WEST HOLT MEMORIAL HOSPITAL,NE,Hybrid_HWM,Hybrid Hospital-Wide All-Cause Risk Standardized Mortality Rate,32,4.5,3.1,6.5,07/01/2023,06/30/2024,6660028,NE,2024,1,0,1,1,0,Current TEFCA,3.4657359027997265
281344,CHERRY COUNTY HOSPITAL,NE,Hybrid_HWM,Hybrid Hospital-Wide All-Cause Risk Standardized Mortality Rate,78,4,3,5.4,07/01/2023,06/30/2024,6660960,NE,2023,0,0,1,0,0,Neither current nor planned,4.356708826689592
281349,PENDER COMMUNITY HOSPITAL,NE,Hybrid_HWM,Hybrid Hospital-Wide All-Cause Risk Standardized Mortality Rate,34,4.5,3.2,6.2,07/01/2023,06/30/2024,6660815,NE,2024,1,0,1,1,0,Current TEFCA,3.5263605246161616
281350,JOHNSON COUNTY HOSPITAL,NE,Hybrid_HWM,Hybrid Hospital-Wide All-Cause Risk Standardized Mortality Rate,47,4.3,3.1,6,07/01/2023,06/30/2024,6660939,NE,2023,1,0,1,0,1,Planned TEFCA,3.8501476017100584
281352,"COMMUNITY MEDICAL CENTER, INC",NE,Hybrid_HWM,Hybrid Hospital-Wide All-Cause Risk Standardized Mortality Rate,176,4.6,3.5,6.1,07/01/2023,06/30/2024,6660200,NE,2023,0,0,1,0,0,Neither current nor planned,5.170483995038151
281354,CRETE AREA MEDICAL CENTER,NE,Hybrid_HWM,Hybrid Hospital-Wide All-Cause Risk Standardized Mortality Rate,43,4.3,3.1,6,07/01/2023,06/30/2024,6660167,NE,2024,0,1,1,0,0,Neither current nor planned,3.7612001156935624
281355,OGALLALA COMMUNITY HOSPITAL,NE,Hybrid_HWM,Hybrid Hospital-Wide All-Cause Risk Standardized Mortality Rate,61,4.7,3.5,6.1,07/01/2023,06/30/2024,6660610,NE,2024,1,0,1,0,1,Planned TEFCA,4.110873864173311
281358,GORDON MEMORIAL HOSPITAL DISTRICT,NE,Hybrid_HWM,Hybrid Hospital-Wide All-Cause Risk Standardized Mortality Rate,53,4.4,3.2,6,07/01/2023,06/30/2024,6660270,NE,2024,0,0,1,1,0,Current TEFCA,3.970291913552122
290001,RENOWN REGIONAL MEDICAL CENTER,NV,Hybrid_HWM,Hybrid Hospital-Wide All-Cause Risk Standardized Mortality Rate,3622,3.7,3.2,4.2,07/01/2023,06/30/2024,6880130,NV,2023,1,1,1,0,0,Neither current nor planned,8.19478163844336
290049,RENOWN SOUTH MEADOWS MEDICAL CENTER,NV,Hybrid_HWM,Hybrid Hospital-Wide All-Cause Risk Standardized Mortality Rate,802,4.1,3.4,5,07/01/2023,06/30/2024,6880031,NV,2023,1,1,1,0,0,Neither current nor planned,6.687108607866515
291302,WILLIAM BEE RIRIE HOSPITAL,NV,Hybrid_HWM,Hybrid Hospital-Wide All-Cause Risk Standardized Mortality Rate,101,4.5,3.2,6.3,07/01/2023,06/30/2024,6880045,NV,2024,1,0,1,0,0,Neither current nor planned,4.61512051684126
291308,HUMBOLDT GENERAL HOSPITAL,NV,Hybrid_HWM,Hybrid Hospital-Wide All-Cause Risk Standardized Mortality Rate,102,5.3,4,6.9,07/01/2023,06/30/2024,6880150,NV,2023,0,0,0,0,0,Neither current nor planned,4.624972813284271
291313,BANNER CHURCHILL COMMUNITY HOSPITAL,NV,Hybrid_HWM,Hybrid Hospital-Wide All-Cause Risk Standardized Mortality Rate,177,4.2,3.1,5.6,07/01/2023,06/30/2024,6880050,NV,2024,1,0,1,0,1,Planned TEFCA,5.176149732573829
300005,CONCORD HOSPITAL- LACONIA,NH,Hybrid_HWM,Hybrid Hospital-Wide All-Cause Risk Standardized Mortality Rate,637,3.9,3.3,4.8,07/01/2023,06/30/2024,6120190,NH,2023,0,0,0,0,1,Planned TEFCA,6.456769655572163
300023,EXETER HOSPITAL INC,NH,Hybrid_HWM,Hybrid Hospital-Wide All-Cause Risk Standardized Mortality Rate,1024,4.4,3.7,5.3,07/01/2023,06/30/2024,6120110,NH,2023,0,0,0,0,0,Neither current nor planned,6.931471805599453
300034,CATHOLIC MEDICAL CENTER,NH,Hybrid_HWM,Hybrid Hospital-Wide All-Cause Risk Standardized Mortality Rate,1790,3.3,2.7,4,07/01/2023,06/30/2024,6120225,NH,2024,1,0,0,1,0,Current TEFCA,7.489970898834801
301301,COTTAGE HOSPITAL,NH,Hybrid_HWM,Hybrid Hospital-Wide All-Cause Risk Standardized Mortality Rate,113,4.9,3.7,6.5,07/01/2023,06/30/2024,6120420,NH,2023,1,0,0,0,0,Neither current nor planned,4.727387818712341
310005,HUNTERDON MEDICAL CENTER,NJ,Hybrid_HWM,Hybrid Hospital-Wide All-Cause Risk Standardized Mortality Rate,1326,3.7,3.1,4.4,07/01/2023,06/30/2024,6220295,NJ,2024,1,0,1,1,0,Current TEFCA,7.189922170745808
310011,CAPE REGIONAL MEDICAL CENTER INC,NJ,Hybrid_HWM,Hybrid Hospital-Wide All-Cause Risk Standardized Mortality Rate,1210,4.4,3.7,5.3,07/01/2023,06/30/2024,6220217,NJ,2024,1,0,1,0,0,Neither current nor planned,7.098375638590786
310045,ENGLEWOOD HOSPITAL AND MEDICAL CENTER,NJ,Hybrid_HWM,Hybrid Hospital-Wide All-Cause Risk Standardized Mortality Rate,2359,3.7,3.2,4.3,07/01/2023,06/30/2024,6220280,NJ,2024,1,1,1,0,1,Planned TEFCA,7.765993079407675
310060,ST LUKE'S WARREN HOSPITAL,NJ,Hybrid_HWM,Hybrid Hospital-Wide All-Cause Risk Standardized Mortality Rate,767,3.6,3,4.4,07/01/2023,06/30/2024,6221145,NJ,2023,1,1,0,0,1,Planned TEFCA,6.642486801367256
310069,INSPIRA MEDICAL CENTER MULLICA HILL,NJ,Hybrid_HWM,Hybrid Hospital-Wide All-Cause Risk Standardized Mortality Rate,1990,3.7,3.1,4.3,07/01/2023,06/30/2024,6220275,NJ,2023,1,0,1,1,0,Current TEFCA,7.595889917718538
310086,JEFFERSON STRATFORD HOSPITAL,NJ,Hybrid_HWM,Hybrid Hospital-Wide All-Cause Risk Standardized Mortality Rate,3290,4.1,3.6,4.6,07/01/2023,06/30/2024,6221345,NJ,2023,1,1,1,1,0,Current TEFCA,8.098642843759418
320065,COVENANT HEALTH HOBBS HOSPITAL,NM,Hybrid_HWM,Hybrid Hospital-Wide All-Cause Risk Standardized Mortality Rate,119,4,3,5.1,07/01/2023,06/30/2024,6850260,NM,2023,1,1,1,0,1,Planned TEFCA,4.77912349311153
321307,MINERS' COLFAX MEDICAL CENTER,NM,Hybrid_HWM,Hybrid Hospital-Wide All-Cause Risk Standardized Mortality Rate,47,4.3,3.2,5.8,07/01/2023,06/30/2024,6850343,NM,2024,1,0,1,0,0,Neither current nor planned,3.8501476017100584
330033,CHENANGO MEMORIAL HOSPITAL,NY,Hybrid_HWM,Hybrid Hospital-Wide All-Cause Risk Standardized Mortality Rate,145,4,3,5.1,07/01/2023,06/30/2024,6213710,NY,2023,1,1,1,1,0,Current TEFCA,4.976733742420574
330055,NEW YORK-PRESBYTERIAN/QUEENS,NY,Hybrid_HWM,Hybrid Hospital-Wide All-Cause Risk Standardized Mortality Rate,2225,2.8,2.4,3.3,07/01/2023,06/30/2024,6211595,NY,2023,1,1,1,0,1,Planned TEFCA,7.707512194600341
330057,ST PETER'S HOSPITAL,NY,Hybrid_HWM,Hybrid Hospital-Wide All-Cause Risk Standardized Mortality Rate,2562,3.9,3.4,4.5,07/01/2023,06/30/2024,6210070,NY,2024,0,1,1,1,0,Current TEFCA,7.848543482456679
330096,JONES MEMORIAL HOSPITAL,NY,Hybrid_HWM,Hybrid Hospital-Wide All-Cause Risk Standardized Mortality Rate,226,4.6,3.7,5.5,07/01/2023,06/30/2024,6215260,NY,2024,0,0,0,0,0,Neither current nor planned,5.420534999272286
330103,OLEAN GENERAL HOSPITAL,NY,Hybrid_HWM,Hybrid Hospital-Wide All-Cause Risk Standardized Mortality Rate,637,5.5,4.6,6.5,07/01/2023,06/30/2024,6210009,NY,2023,0,1,1,0,1,Planned TEFCA,6.456769655572163
330140,ST JOSEPH'S HOSPITAL HEALTH CENTER,NY,Hybrid_HWM,Hybrid Hospital-Wide All-Cause Risk Standardized Mortality Rate,2085,4.1,3.5,4.8,07/01/2023,06/30/2024,6214870,NY,2024,0,1,1,0,1,Planned TEFCA,7.642524134232902
330141,LONG ISLAND COMMUNITY HOSPITAL,NY,Hybrid_HWM,Hybrid Hospital-Wide All-Cause Risk Standardized Mortality Rate,1432,3.1,2.7,3.5,07/01/2023,06/30/2024,6213923,NY,2023,1,1,1,1,0,Current TEFCA,7.266827347520591
330157,SAMARITAN MEDICAL CENTER,NY,Hybrid_HWM,Hybrid Hospital-Wide All-Cause Risk Standardized Mortality Rate,600,4.5,3.8,5.4,07/01/2023,06/30/2024,6215210,NY,2023,1,0,1,0,0,Neither current nor planned,6.396929655216146
330160,STATEN ISLAND UNIVERSITY HOSPITAL,NY,Hybrid_HWM,Hybrid Hospital-Wide All-Cause Risk Standardized Mortality Rate,3399,3.4,2.9,3.8,07/01/2023,06/30/2024,6214735,NY,2024,1,0,1,0,0,Neither current nor planned,8.131236549696116
330162,NORTHERN WESTCHESTER HOSPITAL,NY,Hybrid_HWM,Hybrid Hospital-Wide All-Cause Risk Standardized Mortality Rate,1294,3.6,3,4.1,07/01/2023,06/30/2024,6212500,NY,2024,0,0,1,0,1,Planned TEFCA,7.165493475060845
330175,GUTHRIE CORTLAND REGIONAL MEDICAL CENTER,NY,Hybrid_HWM,Hybrid Hospital-Wide All-Cause Risk Standardized Mortality Rate,410,3.8,3,4.8,07/01/2023,06/30/2024,6211370,NY,2023,1,1,1,0,1,Planned TEFCA,6.016157159698354
330180,"SAMARITAN HOSPITAL OF TROY, NEW YORK",NY,Hybrid_HWM,Hybrid Hospital-Wide All-Cause Risk Standardized Mortality Rate,887,4.1,3.4,4.8,07/01/2023,06/30/2024,6214990,NY,2024,0,1,1,1,0,Current TEFCA,6.787844982309579
330184,MONTEFIORE NEW ROCHELLE HOSPITAL,NY,Hybrid_HWM,Hybrid Hospital-Wide All-Cause Risk Standardized Mortality Rate,639,4.8,4,5.7,07/01/2023,06/30/2024,6212600,NY,2023,0,0,0,0,0,Neither current nor planned,6.459904454377535
330185,JOHN T MATHER MEMORIAL HOSPITAL  OF PORT JEFFERSON,NY,Hybrid_HWM,Hybrid Hospital-Wide All-Cause Risk Standardized Mortality Rate,1964,2.8,2.4,3.4,07/01/2023,06/30/2024,6214050,NY,2023,0,0,1,0,0,Neither current nor planned,7.582738488914411
330188,MOUNT ST. MARY'S HOSPITAL & HEALTH CENTER,NY,Hybrid_HWM,Hybrid Hospital-Wide All-Cause Risk Standardized Mortality Rate,260,4.2,3.2,5.3,07/01/2023,06/30/2024,6213660,NY,2024,0,0,0,0,0,Neither current nor planned,5.560681631015528
330229,"BROOKS-TLC HOSPITAL SYSTEM, INC",NY,Hybrid_HWM,Hybrid Hospital-Wide All-Cause Risk Standardized Mortality Rate,123,4.9,3.6,6.4,07/01/2023,06/30/2024,6211470,NY,2023,0,1,1,0,1,Planned TEFCA,4.812184355372417
330235,AUBURN  COMMUNITY  HOSPITAL,NY,Hybrid_HWM,Hybrid Hospital-Wide All-Cause Risk Standardized Mortality Rate,517,4.6,3.8,5.5,07/01/2023,06/30/2024,6210180,NY,2024,0,0,1,0,0,Neither current nor planned,6.248042874508429
330261,PHELPS HOSPITAL,NY,Hybrid_HWM,Hybrid Hospital-Wide All-Cause Risk Standardized Mortality Rate,1072,4,3.4,4.7,07/01/2023,06/30/2024,6213870,NY,2024,0,0,1,0,1,Planned TEFCA,6.977281341630747
330267,HUDSON VALLEY HOSPITAL CENTER,NY,Hybrid_HWM,Hybrid Hospital-Wide All-Cause Risk Standardized Mortality Rate,1236,3.7,3.2,4.4,07/01/2023,06/30/2024,6213930,NY,2023,1,1,1,0,1,Planned TEFCA,7.119635638017636
330277,CORNING HOSPITAL,NY,Hybrid_HWM,Hybrid Hospital-Wide All-Cause Risk Standardized Mortality Rate,509,4.8,4,5.8,07/01/2023,06/30/2024,6211350,NY,2023,1,1,1,0,1,Planned TEFCA,6.2324480165505225
331313,SCHUYLER HOSPITAL,NY,Hybrid_HWM,Hybrid Hospital-Wide All-Cause Risk Standardized Mortality Rate,52,4.7,3,7,07/01/2023,06/30/2024,6212490,NY,2023,1,1,1,1,0,Current TEFCA,3.9512437185814275
331314,SOLDIERS AND SAILORS MEMORIAL HOSPITAL OF YATES,NY,Hybrid_HWM,Hybrid Hospital-Wide All-Cause Risk Standardized Mortality Rate,44,4.5,3.1,6.4,07/01/2023,06/30/2024,6213950,NY,2023,0,0,1,0,0,Neither current nor planned,3.784189633918261
340003,NORTHERN REGIONAL HOSPITAL,NC,Hybrid_HWM,Hybrid Hospital-Wide All-Cause Risk Standardized Mortality Rate,457,3.9,3.1,4.8,07/01/2023,06/30/2024,6361035,NC,2023,0,0,1,0,0,Neither current nor planned,6.124683390894205
340010,UNC HEALTH CARE WAYNE,NC,Hybrid_HWM,Hybrid Hospital-Wide All-Cause Risk Standardized Mortality Rate,1063,4.8,4.1,5.6,07/01/2023,06/30/2024,6360625,NC,2023,1,1,1,0,1,Planned TEFCA,6.968850378341948
340014,NOVANT HEALTH FORSYTH MEDICAL CENTER,NC,Hybrid_HWM,Hybrid Hospital-Wide All-Cause Risk Standardized Mortality Rate,3566,4.3,3.8,4.9,07/01/2023,06/30/2024,6361685,NC,2024,0,1,1,0,0,Neither current nor planned,8.179199798423086
340015,NOVANT HEALTH ROWAN MEDICAL CENTER,NC,Hybrid_HWM,Hybrid Hospital-Wide All-Cause Risk Standardized Mortality Rate,772,4.4,3.6,5.2,07/01/2023,06/30/2024,6361340,NC,2024,0,1,1,0,0,Neither current nor planned,6.648984550024776
340016,HARRIS REGIONAL HOSPITAL,NC,Hybrid_HWM,Hybrid Hospital-Wide All-Cause Risk Standardized Mortality Rate,374,4.1,3.2,5,07/01/2023,06/30/2024,6361440,NC,2023,0,0,1,0,0,Neither current nor planned,5.924255797414532
340017,PARDEE HOSPITAL HENDERSON COUNTY,NC,Hybrid_HWM,Hybrid Hospital-Wide All-Cause Risk Standardized Mortality Rate,1392,4.1,3.5,4.9,07/01/2023,06/30/2024,6360750,NC,2023,1,1,1,0,1,Planned TEFCA,7.238496840894365
340024,SAMPSON REGIONAL MEDICAL CENTER,NC,Hybrid_HWM,Hybrid Hospital-Wide All-Cause Risk Standardized Mortality Rate,243,4,3.1,4.9,07/01/2023,06/30/2024,6360348,NC,2024,0,0,1,0,1,Planned TEFCA,5.493061443340548
340027,UNC LENOIR HEALTH CARE,NC,Hybrid_HWM,Hybrid Hospital-Wide All-Cause Risk Standardized Mortality Rate,602,4.2,3.5,5.1,07/01/2023,06/30/2024,6360840,NC,2023,1,1,1,0,1,Planned TEFCA,6.400257445308821
340028,CAPE FEAR VALLEY MEDICAL CENTER,NC,Hybrid_HWM,Hybrid Hospital-Wide All-Cause Risk Standardized Mortality Rate,2228,4.2,3.6,4.8,07/01/2023,06/30/2024,6360023,NC,2024,1,1,1,1,0,Current TEFCA,7.708859601047175
340041,CALDWELL MEMORIAL HOSPITAL,NC,Hybrid_HWM,Hybrid Hospital-Wide All-Cause Risk Standardized Mortality Rate,412,4.4,3.5,5.3,07/01/2023,06/30/2024,6360895,NC,2023,1,1,1,0,1,Planned TEFCA,6.021023349349527
340050,SOUTHEASTERN REGIONAL MEDICAL CENTER,NC,Hybrid_HWM,Hybrid Hospital-Wide All-Cause Risk Standardized Mortality Rate,589,4.4,3.6,5.4,07/01/2023,06/30/2024,6360950,NC,2023,1,1,1,0,1,Planned TEFCA,6.3784261836515865
340051,WATAUGA MEDICAL CENTER,NC,Hybrid_HWM,Hybrid Hospital-Wide All-Cause Risk Standardized Mortality Rate,682,4.1,3.3,5,07/01/2023,06/30/2024,6360215,NC,2023,0,1,1,0,0,Neither current nor planned,6.525029657843462
340053,NOVANT HEALTH PRESBYTERIAN MEDICAL CENTER,NC,Hybrid_HWM,Hybrid Hospital-Wide All-Cause Risk Standardized Mortality Rate,2104,3.9,3.2,4.6,07/01/2023,06/30/2024,6360320,NC,2024,0,1,1,0,0,Neither current nor planned,7.651595573857601
340060,UNC ROCKINGHAM,NC,Hybrid_HWM,Hybrid Hospital-Wide All-Cause Risk Standardized Mortality Rate,135,4.3,3.4,5.4,07/01/2023,06/30/2024,6360880,NC,2023,1,1,1,0,1,Planned TEFCA,4.90527477843843
340061,UNC HOSPITALS,NC,Hybrid_HWM,Hybrid Hospital-Wide All-Cause Risk Standardized Mortality Rate,2402,3.5,3,4,07/01/2023,06/30/2024,6360260,NC,2023,1,1,1,0,1,Planned TEFCA,7.784057002639929
340068,COLUMBUS REGIONAL HEALTHCARE SYSTEM,NC,Hybrid_HWM,Hybrid Hospital-Wide All-Cause Risk Standardized Mortality Rate,307,4.9,3.9,5.9,07/01/2023,06/30/2024,6361550,NC,2024,1,1,1,0,1,Planned TEFCA,5.726847747587197
340070,ALAMANCE REGIONAL MEDICAL CENTER,NC,Hybrid_HWM,Hybrid Hospital-Wide All-Cause Risk Standardized Mortality Rate,741,3.8,3.2,4.6,07/01/2023,06/30/2024,6360006,NC,2023,1,1,1,0,1,Planned TEFCA,6.608000625296087
340075,"BLUE RIDGE HEALTHCARE HOSPITALS, INC",NC,Hybrid_HWM,Hybrid Hospital-Wide All-Cause Risk Standardized Mortality Rate,646,4.3,3.5,5.1,07/01/2023,06/30/2024,6360427,NC,2023,1,1,1,0,1,Planned TEFCA,6.470799503782602
340085,NOVANT HEALTH THOMASVILLE MEDICAL CENTER,NC,Hybrid_HWM,Hybrid Hospital-Wide All-Cause Risk Standardized Mortality Rate,182,4.4,3.4,5.6,07/01/2023,06/30/2024,6361480,NC,2024,0,0,1,0,0,Neither current nor planned,5.204006687076795
340090,JOHNSTON HEALTH,NC,Hybrid_HWM,Hybrid Hospital-Wide All-Cause Risk Standardized Mortality Rate,1216,4.3,3.7,5,07/01/2023,06/30/2024,6361395,NC,2023,1,1,1,0,1,Planned TEFCA,7.103322062526113
340114,REX HOSPITAL,NC,Hybrid_HWM,Hybrid Hospital-Wide All-Cause Risk Standardized Mortality Rate,3860,3.5,3,4,07/01/2023,06/30/2024,6361210,NC,2023,1,1,1,0,1,Planned TEFCA,8.258422462458876
340127,GRANVILLE HEALTH SYSTEMS,NC,Hybrid_HWM,Hybrid Hospital-Wide All-Cause Risk Standardized Mortality Rate,160,4.3,3.3,5.4,07/01/2023,06/30/2024,6361120,NC,2023,0,0,1,0,0,Neither current nor planned,5.075173815233827
340141,NOVANT HEALTH NEW HANOVER REGIONAL MEDICAL CENTER,NC,Hybrid_HWM,Hybrid Hospital-Wide All-Cause Risk Standardized Mortality Rate,5595,4,3.6,4.5,07/01/2023,06/30/2024,6360019,NC,2024,0,1,1,0,0,Neither current nor planned,8.629628620746026
340147,UNC HEALTH NASH,NC,Hybrid_HWM,Hybrid Hospital-Wide All-Cause Risk Standardized Mortality Rate,1336,3.8,3.2,4.4,07/01/2023,06/30/2024,6361291,NC,2023,1,1,1,0,1,Planned TEFCA,7.197435354096591
340148,NOVANT HEALTH MEDICAL PARK HOSPITAL,NC,Hybrid_HWM,Hybrid Hospital-Wide All-Cause Risk Standardized Mortality Rate,77,4,2.3,6.7,07/01/2023,06/30/2024,6361686,NC,2024,0,1,1,0,0,Neither current nor planned,4.343805421853684
340158,NOVANT HEALTH BRUNSWICK MEDICAL CENTER,NC,Hybrid_HWM,Hybrid Hospital-Wide All-Cause Risk Standardized Mortality Rate,931,4.4,3.6,5.3,07/01/2023,06/30/2024,6361350,NC,2024,0,1,1,0,0,Neither current nor planned,6.836259277277067
340171,NOVANT HEALTH MATTHEWS MEDICAL CENTER,NC,Hybrid_HWM,Hybrid Hospital-Wide All-Cause Risk Standardized Mortality Rate,1175,3.7,3.1,4.3,07/01/2023,06/30/2024,6360012,NC,2024,0,1,1,0,0,Neither current nor planned,7.069023426578259
340173,"WAKEMED, CARY HOSPITAL",NC,Hybrid_HWM,Hybrid Hospital-Wide All-Cause Risk Standardized Mortality Rate,1623,3.4,2.8,4.1,07/01/2023,06/30/2024,636118A,NC,2024,1,1,1,0,1,Planned TEFCA,7.392031567514591
340183,NOVANT HEALTH HUNTERSVILLE MEDICAL CENTER,NC,Hybrid_HWM,Hybrid Hospital-Wide All-Cause Risk Standardized Mortality Rate,1105,4.4,3.7,5.2,07/01/2023,06/30/2024,6360026,NC,2024,0,1,1,0,0,Neither current nor planned,7.007600613951853
340190,NOVANT HEALTH MINT HILL MEDICAL CENTER,NC,Hybrid_HWM,Hybrid Hospital-Wide All-Cause Risk Standardized Mortality Rate,268,3.7,2.8,4.6,07/01/2023,06/30/2024,6360433,NC,2024,0,1,1,0,0,Neither current nor planned,5.5909869805108565
341307,PENDER MEMORIAL HOSPITAL,NC,Hybrid_HWM,Hybrid Hospital-Wide All-Cause Risk Standardized Mortality Rate,26,3.9,2.5,5.9,07/01/2023,06/30/2024,6360225,NC,2024,0,1,1,0,0,Neither current nor planned,3.258096538021482
341311,CHATHAM HOSPITAL INC,NC,Hybrid_HWM,Hybrid Hospital-Wide All-Cause Risk Standardized Mortality Rate,86,3.8,2.7,5.3,07/01/2023,06/30/2024,6361375,NC,2023,1,1,1,0,1,Planned TEFCA,4.454347296253507
341314,WASHINGTON COUNTY HOSP INC,NC,Hybrid_HWM,Hybrid Hospital-Wide All-Cause Risk Standardized Mortality Rate,43,5.4,3.7,7.7,07/01/2023,06/30/2024,6361155,NC,2023,0,0,0,0,0,Neither current nor planned,3.7612001156935624
341323,CHARLES A CANNON JR MEMORIAL HOSPITAL,NC,Hybrid_HWM,Hybrid Hospital-Wide All-Cause Risk Standardized Mortality Rate,61,4,2.9,5.2,07/01/2023,06/30/2024,6360015,NC,2023,0,1,1,0,0,Neither current nor planned,4.110873864173311
341325,ASHE MEMORIAL HOSPITAL,NC,Hybrid_HWM,Hybrid Hospital-Wide All-Cause Risk Standardized Mortality Rate,195,4.2,3.2,5.3,07/01/2023,06/30/2024,6360820,NC,2024,0,1,1,0,0,Neither current nor planned,5.272999558563747
341327,J ARTHUR DOSHER MEMORIAL HOSPITAL,NC,Hybrid_HWM,Hybrid Hospital-Wide All-Cause Risk Standardized Mortality Rate,145,4.2,3.2,5.5,07/01/2023,06/30/2024,6361400,NC,2023,1,0,1,0,0,Neither current nor planned,4.976733742420574
350019,ALTRU HOSPITAL,ND,Hybrid_HWM,Hybrid Hospital-Wide All-Cause Risk Standardized Mortality Rate,1418,3.9,3.3,4.7,07/01/2023,06/30/2024,6640001,ND,2023,1,1,1,0,1,Planned TEFCA,7.257002707092073
351302,MCKENZIE COUNTY HEALTHCARE SYSTEMS INC,ND,Hybrid_HWM,Hybrid Hospital-Wide All-Cause Risk Standardized Mortality Rate,100,4.4,3.2,6.1,07/01/2023,06/30/2024,6640455,ND,2024,0,0,0,0,0,Neither current nor planned,4.605170185988092
351319,PEMBINA COUNTY MEMORIAL HOSPITAL,ND,Hybrid_HWM,Hybrid Hospital-Wide All-Cause Risk Standardized Mortality Rate,56,4,2.5,6.2,07/01/2023,06/30/2024,6640062,ND,2023,0,1,1,0,0,Neither current nor planned,4.02535169073515
351323,CAVALIER COUNTY MEMORIAL HOSPITAL ASSOCIATION,ND,Hybrid_HWM,Hybrid Hospital-Wide All-Cause Risk Standardized Mortality Rate,48,4.2,3,6,07/01/2023,06/30/2024,6640310,ND,2023,0,0,0,0,0,Neither current nor planned,3.871201010907891
360001,MERCY HEALTH-ANDERSON HOSPITAL,OH,Hybrid_HWM,Hybrid Hospital-Wide All-Cause Risk Standardized Mortality Rate,1229,4,3.3,4.7,07/01/2023,06/30/2024,6410580,OH,2024,0,1,1,0,1,Planned TEFCA,7.113956109566034
360012,MOUNT CARMEL ST ANN'S,OH,Hybrid_HWM,Hybrid Hospital-Wide All-Cause Risk Standardized Mortality Rate,1041,3.9,3.3,4.6,07/01/2023,06/30/2024,6411060,OH,2024,1,1,1,1,0,Current TEFCA,6.947937068614969
360013,WILSON MEMORIAL HOSPITAL,OH,Hybrid_HWM,Hybrid Hospital-Wide All-Cause Risk Standardized Mortality Rate,281,4.6,3.6,5.7,07/01/2023,06/30/2024,6412020,OH,2023,0,0,1,0,1,Planned TEFCA,5.638354669333745
360016,THE JEWISH HOSPITAL-MERCY HEALTH,OH,Hybrid_HWM,Hybrid Hospital-Wide All-Cause Risk Standardized Mortality Rate,1110,3.7,3.1,4.4,07/01/2023,06/30/2024,6419060,OH,2024,0,1,1,0,1,Planned TEFCA,7.01211529430638
360035,MOUNT CARMEL EAST & WEST,OH,Hybrid_HWM,Hybrid Hospital-Wide All-Cause Risk Standardized Mortality Rate,1921,3.9,3.3,4.5,07/01/2023,06/30/2024,6418083,OH,2024,1,1,1,1,0,Current TEFCA,7.560601162768557
360055,INSIGHT HOSPITAL AND MEDICAL CENTER TRUMBULL,OH,Hybrid_HWM,Hybrid Hospital-Wide All-Cause Risk Standardized Mortality Rate,558,4.8,4,5.6,07/01/2023,06/30/2024,6412290,OH,2023,0,0,0,0,0,Neither current nor planned,6.324358962381311
360056,MERCY HEALTH - FAIRFIELD HOSPITAL,OH,Hybrid_HWM,Hybrid Hospital-Wide All-Cause Risk Standardized Mortality Rate,1234,3.8,3.1,4.5,07/01/2023,06/30/2024,6410855,OH,2024,0,1,1,0,1,Planned TEFCA,7.1180162044653335
360064,ST ELIZABETH YOUNGSTOWN HOSPITAL,OH,Hybrid_HWM,Hybrid Hospital-Wide All-Cause Risk Standardized Mortality Rate,1540,4,3.3,4.7,07/01/2023,06/30/2024,6412440,OH,2024,0,1,1,0,1,Planned TEFCA,7.3395376954076745
360066,MERCY HEALTH ST RITAS MEDICAL CENTER,OH,Hybrid_HWM,Hybrid Hospital-Wide All-Cause Risk Standardized Mortality Rate,1887,3.2,2.7,3.8,07/01/2023,06/30/2024,6411560,OH,2024,0,1,1,0,1,Planned TEFCA,7.54274354536855
360068,PROMEDICA TOLEDO HOSPITAL,OH,Hybrid_HWM,Hybrid Hospital-Wide All-Cause Risk Standardized Mortality Rate,3307,4.3,3.7,4.9,07/01/2023,06/30/2024,6412180,OH,2023,1,1,0,0,1,Planned TEFCA,8.103796712981794
360072,FAIRFIELD MEDICAL CENTER,OH,Hybrid_HWM,Hybrid Hospital-Wide All-Cause Risk Standardized Mortality Rate,1060,4.2,3.5,5,07/01/2023,06/30/2024,6411510,OH,2023,0,0,1,0,1,Planned TEFCA,6.966024187106113
360086,SPRINGFIELD REGIONAL MEDICAL CENTER,OH,Hybrid_HWM,Hybrid Hospital-Wide All-Cause Risk Standardized Mortality Rate,1000,3.7,3.1,4.4,07/01/2023,06/30/2024,6412050,OH,2024,0,1,1,0,1,Planned TEFCA,6.907755278982137
360089,MERCY HEALTH - TIFFIN HOSPITAL,OH,Hybrid_HWM,Hybrid Hospital-Wide All-Cause Risk Standardized Mortality Rate,388,4.7,3.8,5.7,07/01/2023,06/30/2024,6412080,OH,2024,0,1,1,0,1,Planned TEFCA,5.961005339623274
360095,BLANCHARD VALLEY HOSPITAL,OH,Hybrid_HWM,Hybrid Hospital-Wide All-Cause Risk Standardized Mortality Rate,957,4.3,3.5,5.1,07/01/2023,06/30/2024,6410017,OH,2024,1,0,1,0,0,Neither current nor planned,6.863803391452954
360107,BELLEVUE HOSPITAL,OH,Hybrid_HWM,Hybrid Hospital-Wide All-Cause Risk Standardized Mortality Rate,174,4,3.1,5.1,07/01/2023,06/30/2024,6410190,OH,2023,0,0,1,1,0,Current TEFCA,5.159055299214529
360112,MERCY ST VINCENT MEDICAL CENTER,OH,Hybrid_HWM,Hybrid Hospital-Wide All-Cause Risk Standardized Mortality Rate,2720,3.9,3.4,4.5,07/01/2023,06/30/2024,6412170,OH,2024,0,1,1,0,1,Planned TEFCA,7.908387159290043
360156,MEMORIAL HOSPITAL,OH,Hybrid_HWM,Hybrid Hospital-Wide All-Cause Risk Standardized Mortality Rate,225,4.5,3.5,5.6,07/01/2023,06/30/2024,6411340,OH,2023,1,1,0,0,1,Planned TEFCA,5.41610040220442
360161,MH ST JOSEPH WARREN HOSPITAL,OH,Hybrid_HWM,Hybrid Hospital-Wide All-Cause Risk Standardized Mortality Rate,707,4,3.3,4.7,07/01/2023,06/30/2024,6412270,OH,2024,0,1,1,0,1,Planned TEFCA,6.561030665896573
360163,CHRIST HOSPITAL,OH,Hybrid_HWM,Hybrid Hospital-Wide All-Cause Risk Standardized Mortality Rate,2550,4.1,3.5,4.8,07/01/2023,06/30/2024,6410430,OH,2023,1,1,1,0,1,Planned TEFCA,7.843848638152472
360172,MERCY REGIONAL MEDICAL CENTER,OH,Hybrid_HWM,Hybrid Hospital-Wide All-Cause Risk Standardized Mortality Rate,699,4.3,3.5,5.2,07/01/2023,06/30/2024,6410014,OH,2024,0,1,1,0,1,Planned TEFCA,6.54965074223381
360174,UPPER VALLEY MEDICAL CENTER,OH,Hybrid_HWM,Hybrid Hospital-Wide All-Cause Risk Standardized Mortality Rate,753,4.3,3.5,5.1,07/01/2023,06/30/2024,6410022,OH,2024,1,1,1,0,1,Planned TEFCA,6.6240652277998935
360234,MERCY HEALTH - WEST HOSPITAL,OH,Hybrid_HWM,Hybrid Hospital-Wide All-Cause Risk Standardized Mortality Rate,1160,3.4,2.8,4.1,07/01/2023,06/30/2024,6410518,OH,2024,0,1,1,0,1,Planned TEFCA,7.05617528410041
360236,MERCY HEALTH - CLERMONT HOSPITAL,OH,Hybrid_HWM,Hybrid Hospital-Wide All-Cause Risk Standardized Mortality Rate,506,3.5,2.8,4.4,07/01/2023,06/30/2024,6410155,OH,2024,0,1,1,0,1,Planned TEFCA,6.226536669287466
360259,BAY PARK COMMUNITY HOSPITAL,OH,Hybrid_HWM,Hybrid Hospital-Wide All-Cause Risk Standardized Mortality Rate,249,4.6,3.6,5.8,07/01/2023,06/30/2024,6410032,OH,2023,1,1,0,0,1,Planned TEFCA,5.517452896464707
360270,MERCY HEALTH - DEFIANCE HOSPITAL,OH,Hybrid_HWM,Hybrid Hospital-Wide All-Cause Risk Standardized Mortality Rate,235,4.2,3.3,5.4,07/01/2023,06/30/2024,6410047,OH,2024,0,1,1,0,1,Planned TEFCA,5.459585514144159
360276,HMHP ST ELIZABETH BOARDMAN HEALTH CENTER,OH,Hybrid_HWM,Hybrid Hospital-Wide All-Cause Risk Standardized Mortality Rate,1316,3.8,3.2,4.6,07/01/2023,06/30/2024,6410074,OH,2024,0,1,1,0,1,Planned TEFCA,7.182352111885263
361300,PAULDING COUNTY HOSPITAL,OH,Hybrid_HWM,Hybrid Hospital-Wide All-Cause Risk Standardized Mortality Rate,63,4.6,3.3,6.2,07/01/2023,06/30/2024,6411880,OH,2024,0,0,0,0,0,Neither current nor planned,4.143134726391533
361306,MERCY ALLEN HOSPITAL,OH,Hybrid_HWM,Hybrid Hospital-Wide All-Cause Risk Standardized Mortality Rate,71,3.9,2.8,5.3,07/01/2023,06/30/2024,6411840,OH,2024,0,1,1,0,1,Planned TEFCA,4.2626798770413155
361310,MERCY HEALTH - WILLARD HOSPITAL,OH,Hybrid_HWM,Hybrid Hospital-Wide All-Cause Risk Standardized Mortality Rate,75,4.4,3.2,6,07/01/2023,06/30/2024,6412342,OH,2024,0,1,1,0,1,Planned TEFCA,4.31748811353631
361312,MERCY HEALTH - URBANA HOSPITAL,OH,Hybrid_HWM,Hybrid Hospital-Wide All-Cause Risk Standardized Mortality Rate,54,4.2,2.8,6.1,07/01/2023,06/30/2024,6412235,OH,2024,0,1,1,0,1,Planned TEFCA,3.9889840465642745
361314,MAGRUDER HOSPITAL,OH,Hybrid_HWM,Hybrid Hospital-Wide All-Cause Risk Standardized Mortality Rate,122,4.8,3.6,6.3,07/01/2023,06/30/2024,6411900,OH,2024,1,0,1,0,0,Neither current nor planned,4.804021044733257
361318,FOSTORIA COMMUNITY HOSPITAL,OH,Hybrid_HWM,Hybrid Hospital-Wide All-Cause Risk Standardized Mortality Rate,117,4,3.1,5.3,07/01/2023,06/30/2024,6411325,OH,2023,1,1,0,0,1,Planned TEFCA,4.762173934797756
361328,PROMEDICA DEFIANCE REGIONAL HOSPITAL,OH,Hybrid_HWM,Hybrid Hospital-Wide All-Cause Risk Standardized Mortality Rate,144,4.4,3.3,5.7,07/01/2023,06/30/2024,6411230,OH,2023,1,1,0,0,1,Planned TEFCA,4.969813299576001
361330,HOCKING VALLEY COMMUNITY HOSPITAL,OH,Hybrid_HWM,Hybrid Hospital-Wide All-Cause Risk Standardized Mortality Rate,98,3.8,2.8,5.2,07/01/2023,06/30/2024,6411579,OH,2023,0,0,0,0,0,Neither current nor planned,4.584967478670572
370001,HILLCREST MEDICAL CENTER,OK,Hybrid_HWM,Hybrid Hospital-Wide All-Cause Risk Standardized Mortality Rate,1869,3.9,3.3,4.6,07/01/2023,06/30/2024,6731180,OK,2024,0,1,1,0,0,Neither current nor planned,7.533158807455563
370006,INTEGRIS HEALTH PONCA CITY,OK,Hybrid_HWM,Hybrid Hospital-Wide All-Cause Risk Standardized Mortality Rate,332,5.4,4.3,6.5,07/01/2023,06/30/2024,6730960,OK,2023,0,1,0,0,0,Neither current nor planned,5.805134968916488
370008,NORMAN REGIONAL,OK,Hybrid_HWM,Hybrid Hospital-Wide All-Cause Risk Standardized Mortality Rate,2302,5.5,4.8,6.3,07/01/2023,06/30/2024,6730074,OK,2024,0,0,1,0,1,Planned TEFCA,7.741533589281828
370015,HILLCREST HOSPITAL PRYOR,OK,Hybrid_HWM,Hybrid Hospital-Wide All-Cause Risk Standardized Mortality Rate,82,4.1,2.9,5.8,07/01/2023,06/30/2024,6730975,OK,2024,0,1,1,0,0,Neither current nor planned,4.406719247264253
370016,INTEGRIS HEALTH ENID HOSPITAL,OK,Hybrid_HWM,Hybrid Hospital-Wide All-Cause Risk Standardized Mortality Rate,448,5,4,6.1,07/01/2023,06/30/2024,6730360,OK,2023,1,1,1,0,1,Planned TEFCA,6.104793232414985
370026,ST MARY'S REGIONAL MEDICAL CENTER,OK,Hybrid_HWM,Hybrid Hospital-Wide All-Cause Risk Standardized Mortality Rate,509,4.8,4,5.8,07/01/2023,06/30/2024,6730380,OK,2023,1,0,1,0,0,Neither current nor planned,6.2324480165505225
370034,MCALESTER REGIONAL HEALTH CENTER,OK,Hybrid_HWM,Hybrid Hospital-Wide All-Cause Risk Standardized Mortality Rate,497,4.3,3.4,5.4,07/01/2023,06/30/2024,6730590,OK,2023,0,0,1,0,0,Neither current nor planned,6.208590026096629
370039,HILLCREST HOSPITAL CLAREMORE,OK,Hybrid_HWM,Hybrid Hospital-Wide All-Cause Risk Standardized Mortality Rate,283,4.3,3.4,5.4,07/01/2023,06/30/2024,6730170,OK,2024,0,1,1,0,0,Neither current nor planned,5.645446897643238
370078,OKLAHOMA STATE UNIVERSITY MEDICAL CENTER,OK,Hybrid_HWM,Hybrid Hospital-Wide All-Cause Risk Standardized Mortality Rate,476,4.7,3.8,5.7,07/01/2023,06/30/2024,6739125,OK,2023,0,1,1,0,0,Neither current nor planned,6.16541785423142
370091,"SAINT FRANCIS HOSPITAL, INC",OK,Hybrid_HWM,Hybrid Hospital-Wide All-Cause Risk Standardized Mortality Rate,4044,3.2,2.8,3.6,07/01/2023,06/30/2024,6731215,OK,2023,0,0,0,0,0,Neither current nor planned,8.304989580140361
370097,SOUTHWESTERN MEDICAL CENTER,OK,Hybrid_HWM,Hybrid Hospital-Wide All-Cause Risk Standardized Mortality Rate,270,5.1,4.1,6.4,07/01/2023,06/30/2024,6730570,OK,2024,1,0,0,0,1,Planned TEFCA,5.598421958998375
370112,SEQUOYAH COUNTY-CITY OF SALLISAW HOSPITAL AUTHORIT,OK,Hybrid_HWM,Hybrid Hospital-Wide All-Cause Risk Standardized Mortality Rate,63,3.9,2.6,5.8,07/01/2023,06/30/2024,6739105,OK,2024,1,0,1,1,0,Current TEFCA,4.143134726391533
370158,PURCELL MUNICIPAL HOSPITAL,OK,Hybrid_HWM,Hybrid Hospital-Wide All-Cause Risk Standardized Mortality Rate,62,4.5,3.2,6.3,07/01/2023,06/30/2024,6730980,OK,2024,0,1,0,0,0,Neither current nor planned,4.127134385045092
370166,WAGONER COMMUNITY HOSPITAL,OK,Hybrid_HWM,Hybrid Hospital-Wide All-Cause Risk Standardized Mortality Rate,54,4.7,3.3,6.4,07/01/2023,06/30/2024,6731255,OK,2024,0,0,0,0,0,Neither current nor planned,3.9889840465642745
370227,ST JOHN OWASSO,OK,Hybrid_HWM,Hybrid Hospital-Wide All-Cause Risk Standardized Mortality Rate,109,4.2,3,5.9,07/01/2023,06/30/2024,6730069,OK,2023,1,0,1,0,1,Planned TEFCA,4.6913478822291435
370228,"BAILEY MEDICAL CENTER, LLC",OK,Hybrid_HWM,Hybrid Hospital-Wide All-Cause Risk Standardized Mortality Rate,100,3.9,2.8,5.4,07/01/2023,06/30/2024,6730072,OK,2024,0,1,1,0,0,Neither current nor planned,4.605170185988092
371303,ROGER MILLS MEMORIAL HOSPITAL,OK,Hybrid_HWM,Hybrid Hospital-Wide All-Cause Risk Standardized Mortality Rate,82,3.8,2.6,5.3,07/01/2023,06/30/2024,6730123,OK,2024,1,0,1,0,1,Planned TEFCA,4.406719247264253
371307,CIMARRON MEMORIAL HOSPITAL,OK,Hybrid_HWM,Hybrid Hospital-Wide All-Cause Risk Standardized Mortality Rate,28,3.9,2.5,6,07/01/2023,06/30/2024,6730102,OK,2023,0,0,0,0,0,Neither current nor planned,3.332204510175204
371319,"COAL COUNTY GENERAL HOSPITAL, INC.",OK,Hybrid_HWM,Hybrid Hospital-Wide All-Cause Risk Standardized Mortality Rate,36,4.6,3.1,6.7,07/01/2023,06/30/2024,6730220,OK,2023,0,0,0,0,0,Neither current nor planned,3.58351893845611
371321,HOLDENVILLE GENERAL HOSPITAL,OK,Hybrid_HWM,Hybrid Hospital-Wide All-Cause Risk Standardized Mortality Rate,43,4.2,2.8,6,07/01/2023,06/30/2024,6730505,OK,2023,0,1,0,0,1,Planned TEFCA,3.7612001156935624
371330,MANGUM REGIONAL MEDICAL CENTER,OK,Hybrid_HWM,Hybrid Hospital-Wide All-Cause Risk Standardized Mortality Rate,46,3.7,2.5,5.3,07/01/2023,06/30/2024,6730580,OK,2024,1,0,1,0,0,Neither current nor planned,3.828641396489095
371336,NEWMAN MEMORIAL HOSPITAL,OK,Hybrid_HWM,Hybrid Hospital-Wide All-Cause Risk Standardized Mortality Rate,48,4.1,2.8,5.9,07/01/2023,06/30/2024,6731030,OK,2023,0,0,0,0,0,Neither current nor planned,3.871201010907891
380004,PROVIDENCE ST VINCENT MEDICAL CENTER,OR,Hybrid_HWM,Hybrid Hospital-Wide All-Cause Risk Standardized Mortality Rate,2206,3.5,3,4.1,07/01/2023,06/30/2024,6920540,OR,2023,1,1,1,0,1,Planned TEFCA,7.698936199813447
380005,ASANTE ASHLAND COMMUNITY HOSPITAL,OR,Hybrid_HWM,Hybrid Hospital-Wide All-Cause Risk Standardized Mortality Rate,202,4.3,3.4,5.4,07/01/2023,06/30/2024,6920025,OR,2023,0,1,1,0,0,Neither current nor planned,5.308267697401205
380020,MCKENZIE-WILLAMETTE MEDICAL CENTER,OR,Hybrid_HWM,Hybrid Hospital-Wide All-Cause Risk Standardized Mortality Rate,717,4.3,3.5,5.2,07/01/2023,06/30/2024,6920741,OR,2023,0,0,0,0,0,Neither current nor planned,6.57507584059962
380021,HILLSBORO MEDICAL CENTER,OR,Hybrid_HWM,Hybrid Hospital-Wide All-Cause Risk Standardized Mortality Rate,412,3.9,3.2,4.8,07/01/2023,06/30/2024,6920004,OR,2023,1,1,0,0,0,Neither current nor planned,6.021023349349527
380037,PROVIDENCE NEWBERG MEDICAL CENTER,OR,Hybrid_HWM,Hybrid Hospital-Wide All-Cause Risk Standardized Mortality Rate,321,4.1,3.3,5.2,07/01/2023,06/30/2024,6920315,OR,2023,1,1,1,0,1,Planned TEFCA,5.771441123130016
380038,PROVIDENCE WILLAMETTE FALLS MEDICAL CENTER,OR,Hybrid_HWM,Hybrid Hospital-Wide All-Cause Risk Standardized Mortality Rate,400,3.8,3.1,4.7,07/01/2023,06/30/2024,6920350,OR,2023,1,1,1,0,1,Planned TEFCA,5.991464547107982
380050,SKY LAKES MEDICAL CENTER,OR,Hybrid_HWM,Hybrid Hospital-Wide All-Cause Risk Standardized Mortality Rate,707,4.5,3.7,5.5,07/01/2023,06/30/2024,6920207,OR,2023,1,1,1,1,0,Current TEFCA,6.561030665896573
380051,SALEM HOSPITAL,OR,Hybrid_HWM,Hybrid Hospital-Wide All-Cause Risk Standardized Mortality Rate,1824,3.5,2.9,4,07/01/2023,06/30/2024,6920708,OR,2023,1,1,0,0,0,Neither current nor planned,7.508787170634276
380052,SAINT ALPHONSUS MEDICAL CENTER ONTARIO,OR,Hybrid_HWM,Hybrid Hospital-Wide All-Cause Risk Standardized Mortality Rate,146,4.2,3.2,5.3,07/01/2023,06/30/2024,6920340,OR,2024,0,1,1,1,0,Current TEFCA,4.983606621708336
380061,PROVIDENCE PORTLAND MEDICAL CENTER,OR,Hybrid_HWM,Hybrid Hospital-Wide All-Cause Risk Standardized Mortality Rate,1366,3.7,3.1,4.4,07/01/2023,06/30/2024,6920520,OR,2023,1,1,1,0,1,Planned TEFCA,7.2196420401307355
380075,PROVIDENCE MEDFORD MEDICAL CENTER,OR,Hybrid_HWM,Hybrid Hospital-Wide All-Cause Risk Standardized Mortality Rate,812,4,3.2,4.8,07/01/2023,06/30/2024,6920290,OR,2023,1,1,1,0,1,Planned TEFCA,6.699500340161678
380082,PROVIDENCE MILWAUKIE HOSPITAL,OR,Hybrid_HWM,Hybrid Hospital-Wide All-Cause Risk Standardized Mortality Rate,275,4.1,3.3,5.1,07/01/2023,06/30/2024,6920296,OR,2023,1,1,1,0,1,Planned TEFCA,5.616771097666572
380102,SACRED HEART MEDICAL CENTER - RIVERBEND,OR,Hybrid_HWM,Hybrid Hospital-Wide All-Cause Risk Standardized Mortality Rate,2155,3.7,3.1,4.3,07/01/2023,06/30/2024,6920051,OR,2023,1,1,1,1,0,Current TEFCA,7.675546002537848
381303,PROVIDENCE SEASIDE HOSPITAL,OR,Hybrid_HWM,Hybrid Hospital-Wide All-Cause Risk Standardized Mortality Rate,262,3.8,3,4.7,07/01/2023,06/30/2024,6920725,OR,2023,1,1,1,0,1,Planned TEFCA,5.568344503761097
381304,SOUTHERN COOS HOSPITAL & HEALTH CENTER,OR,Hybrid_HWM,Hybrid Hospital-Wide All-Cause Risk Standardized Mortality Rate,113,5.3,3.9,6.8,07/01/2023,06/30/2024,6920065,OR,2024,1,0,1,0,1,Planned TEFCA,4.727387818712341
381306,WALLOWA MEMORIAL HOSPITAL,OR,Hybrid_HWM,Hybrid Hospital-Wide All-Cause Risk Standardized Mortality Rate,96,4,3,5.4,07/01/2023,06/30/2024,6920140,OR,2023,0,1,0,0,0,Neither current nor planned,4.564348191467836
381309,LAKE DISTRICT HOSPITAL,OR,Hybrid_HWM,Hybrid Hospital-Wide All-Cause Risk Standardized Mortality Rate,90,5.3,4,7,07/01/2023,06/30/2024,6920231,OR,2023,1,0,0,0,0,Neither current nor planned,4.499809670330265
381312,COQUILLE VALLEY HOSPITAL,OR,Hybrid_HWM,Hybrid Hospital-Wide All-Cause Risk Standardized Mortality Rate,74,4.5,3.3,6.1,07/01/2023,06/30/2024,6920105,OR,2023,1,0,1,0,0,Neither current nor planned,4.30406509320417
381313,ST CHARLES MEDICAL CENTER PRINEVILLE,OR,Hybrid_HWM,Hybrid Hospital-Wide All-Cause Risk Standardized Mortality Rate,82,4,2.9,5.4,07/01/2023,06/30/2024,6920610,OR,2023,1,1,1,0,0,Neither current nor planned,4.406719247264253
381315,ST. ALPHONSUS MEDICAL CENTER - BAKER CITY,OR,Hybrid_HWM,Hybrid Hospital-Wide All-Cause Risk Standardized Mortality Rate,121,4.3,3.2,5.6,07/01/2023,06/30/2024,6920060,OR,2024,0,1,1,1,0,Current TEFCA,4.795790545596741
381316,PEACE HARBOR MEDICAL CENTER,OR,Hybrid_HWM,Hybrid Hospital-Wide All-Cause Risk Standardized Mortality Rate,134,4.1,3.2,5.1,07/01/2023,06/30/2024,6920163,OR,2023,1,1,1,1,0,Current TEFCA,4.897839799950911
381318,PROVIDENCE HOOD RIVER MEMORIAL HOSPITAL,OR,Hybrid_HWM,Hybrid Hospital-Wide All-Cause Risk Standardized Mortality Rate,264,4,3.2,5,07/01/2023,06/30/2024,6920190,OR,2023,1,1,1,0,1,Planned TEFCA,5.575949103146316
381324,ST CHARLES MADRAS,OR,Hybrid_HWM,Hybrid Hospital-Wide All-Cause Risk Standardized Mortality Rate,53,4.2,3,5.7,07/01/2023,06/30/2024,6920242,OR,2024,1,0,1,1,0,Current TEFCA,3.970291913552122
390012,JEFFERSON LANSDALE HOSPITAL,PA,Hybrid_HWM,Hybrid Hospital-Wide All-Cause Risk Standardized Mortality Rate,1008,4.1,3.4,4.9,07/01/2023,06/30/2024,6231150,PA,2023,1,1,1,1,0,Current TEFCA,6.915723448631314
390035,ST LUKE'S HOSPITAL - UPPER BUCKS CAMPUS,PA,Hybrid_HWM,Hybrid Hospital-Wide All-Cause Risk Standardized Mortality Rate,751,3.7,3,4.5,07/01/2023,06/30/2024,6232820,PA,2023,1,1,0,0,1,Planned TEFCA,6.621405651764134
390049,ST LUKES HOSPITAL,PA,Hybrid_HWM,Hybrid Hospital-Wide All-Cause Risk Standardized Mortality Rate,3088,3.1,2.6,3.6,07/01/2023,06/30/2024,6230049,PA,2023,1,1,0,0,1,Planned TEFCA,8.035278911144667
390057,ST LUKE'S HOSPITAL - GRAND VIEW CAMPUS,PA,Hybrid_HWM,Hybrid Hospital-Wide All-Cause Risk Standardized Mortality Rate,1309,4.1,3.5,4.9,07/01/2023,06/30/2024,6233090,PA,2023,0,0,1,0,0,Neither current nor planned,7.1770187659099
390058,UPMC CARLISLE,PA,Hybrid_HWM,Hybrid Hospital-Wide All-Cause Risk Standardized Mortality Rate,719,3.9,3.2,4.7,07/01/2023,06/30/2024,6230340,PA,2023,1,1,1,0,1,Planned TEFCA,6.577861357721047
390067,UPMC PINNACLE HOSPITALS,PA,Hybrid_HWM,Hybrid Hospital-Wide All-Cause Risk Standardized Mortality Rate,3376,3.5,3,4.1,07/01/2023,06/30/2024,6230039,PA,2023,1,1,1,0,1,Planned TEFCA,8.124446855715847
390068,UPMC LITITZ,PA,Hybrid_HWM,Hybrid Hospital-Wide All-Cause Risk Standardized Mortality Rate,426,4,3.2,5,07/01/2023,06/30/2024,6239183,PA,2023,1,1,1,0,1,Planned TEFCA,6.054439346269371
390079,ROBERT PACKER HOSPITAL,PA,Hybrid_HWM,Hybrid Hospital-Wide All-Cause Risk Standardized Mortality Rate,1590,4.2,3.6,5,07/01/2023,06/30/2024,6232970,PA,2023,1,1,1,0,1,Planned TEFCA,7.371489295214277
390086,PENN HIGHLANDS DUBOIS,PA,Hybrid_HWM,Hybrid Hospital-Wide All-Cause Risk Standardized Mortality Rate,1144,4,3.3,4.7,07/01/2023,06/30/2024,6230615,PA,2023,0,0,0,0,0,Neither current nor planned,7.042286171939743
390101,UPMC MEMORIAL,PA,Hybrid_HWM,Hybrid Hospital-Wide All-Cause Risk Standardized Mortality Rate,768,4,3.3,4.9,07/01/2023,06/30/2024,6233549,PA,2023,1,1,1,0,1,Planned TEFCA,6.643789733147672
390113,MEADVILLE MEDICAL CENTER,PA,Hybrid_HWM,Hybrid Hospital-Wide All-Cause Risk Standardized Mortality Rate,693,4.1,3.3,5.2,07/01/2023,06/30/2024,6231335,PA,2023,1,0,1,0,0,Neither current nor planned,6.541029999189903
390115,JEFFERSON HEALTH- NORTHEAST,PA,Hybrid_HWM,Hybrid Hospital-Wide All-Cause Risk Standardized Mortality Rate,2310,3.9,3.3,4.5,07/01/2023,06/30/2024,6230054,PA,2023,1,1,1,1,0,Current TEFCA,7.745002803515839
390125,WAYNE MEMORIAL HOSPITAL,PA,Hybrid_HWM,Hybrid Hospital-Wide All-Cause Risk Standardized Mortality Rate,549,4.7,3.8,5.9,07/01/2023,06/30/2024,6230990,PA,2024,0,0,1,0,0,Neither current nor planned,6.3080984415095305
390142,JEFFERSON EINSTEIN PHILADELPHIA HOSPITAL,PA,Hybrid_HWM,Hybrid Hospital-Wide All-Cause Risk Standardized Mortality Rate,712,3.5,2.9,4.2,07/01/2023,06/30/2024,6231634,PA,2023,1,0,1,0,1,Planned TEFCA,6.568077911411976
390156,MERCY CATHOLIC MEDICAL CENTER- MERCY FITZGERALD,PA,Hybrid_HWM,Hybrid Hospital-Wide All-Cause Risk Standardized Mortality Rate,487,3.8,3.1,4.7,07/01/2023,06/30/2024,6230555,PA,2023,1,0,1,0,0,Neither current nor planned,6.18826412308259
390173,INDIANA REGIONAL MEDICAL CENTER,PA,Hybrid_HWM,Hybrid Hospital-Wide All-Cause Risk Standardized Mortality Rate,438,4.9,4,6.1,07/01/2023,06/30/2024,6231010,PA,2023,1,0,0,0,0,Neither current nor planned,6.082218910376446
390174,THOMAS JEFFERSON UNIVERSITY HOSPITAL,PA,Hybrid_HWM,Hybrid Hospital-Wide All-Cause Risk Standardized Mortality Rate,3106,3,2.5,3.6,07/01/2023,06/30/2024,6230043,PA,2023,1,1,1,1,0,Current TEFCA,8.041091003708633
390183,ST LUKE'S MINERS MEMORIAL HOSPITAL,PA,Hybrid_HWM,Hybrid Hospital-Wide All-Cause Risk Standardized Mortality Rate,363,4,3.2,4.9,07/01/2023,06/30/2024,6230440,PA,2023,1,1,0,0,1,Planned TEFCA,5.8944028342648505
390203,DOYLESTOWN HOSPITAL,PA,Hybrid_HWM,Hybrid Hospital-Wide All-Cause Risk Standardized Mortality Rate,2757,4,3.4,4.6,07/01/2023,06/30/2024,6230590,PA,2023,0,0,1,0,0,Neither current nor planned,7.921898411023797
390204,NAZARETH HOSPITAL,PA,Hybrid_HWM,Hybrid Hospital-Wide All-Cause Risk Standardized Mortality Rate,593,4.4,3.7,5.3,07/01/2023,06/30/2024,6232030,PA,2024,1,1,1,0,1,Planned TEFCA,6.385194398997726
390228,ST CLAIR HOSPITAL,PA,Hybrid_HWM,Hybrid Hospital-Wide All-Cause Risk Standardized Mortality Rate,1245,4.2,3.6,5.1,07/01/2023,06/30/2024,6232575,PA,2023,1,0,1,0,1,Planned TEFCA,7.126890808898808
390231,JEFFERSON ABINGTON HOSPITAL,PA,Hybrid_HWM,Hybrid Hospital-Wide All-Cause Risk Standardized Mortality Rate,4093,3.8,3.4,4.3,07/01/2023,06/30/2024,6230010,PA,2023,1,1,1,1,0,Current TEFCA,8.317033476492403
390233,UPMC HANOVER,PA,Hybrid_HWM,Hybrid Hospital-Wide All-Cause Risk Standardized Mortality Rate,1008,4,3.4,4.8,07/01/2023,06/30/2024,6230880,PA,2023,1,1,1,0,1,Planned TEFCA,6.915723448631314
390237,REGIONAL HOSPITAL OF SCRANTON,PA,Hybrid_HWM,Hybrid Hospital-Wide All-Cause Risk Standardized Mortality Rate,1372,4.8,4.1,5.6,07/01/2023,06/30/2024,6233000,PA,2024,1,0,0,0,0,Neither current nor planned,7.22402480828583
390258,ST MARY MEDICAL CENTER,PA,Hybrid_HWM,Hybrid Hospital-Wide All-Cause Risk Standardized Mortality Rate,2499,4.5,3.9,5.2,07/01/2023,06/30/2024,6231130,PA,2024,0,1,1,0,1,Planned TEFCA,7.823645930834952
390329,JEFFERSON EINSTEIN MONTGOMERY HOSPITAL,PA,Hybrid_HWM,Hybrid Hospital-Wide All-Cause Risk Standardized Mortality Rate,1282,3.7,3.1,4.3,07/01/2023,06/30/2024,6230515,PA,2023,1,0,1,0,1,Planned TEFCA,7.156176637480615
390330,ST LUKE'S HOSPITAL - MONROE CAMPUS,PA,Hybrid_HWM,Hybrid Hospital-Wide All-Cause Risk Standardized Mortality Rate,1076,3.5,2.9,4.2,07/01/2023,06/30/2024,6230552,PA,2023,1,1,0,0,1,Planned TEFCA,6.98100574072173
390332,GEISINGER ST. LUKE'S  HOSPITAL,PA,Hybrid_HWM,Hybrid Hospital-Wide All-Cause Risk Standardized Mortality Rate,659,3.4,2.7,4.1,07/01/2023,06/30/2024,6230563,PA,2023,1,1,0,0,1,Planned TEFCA,6.490723534502507
410008,SOUTH COUNTY HOSPITAL INC,RI,Hybrid_HWM,Hybrid Hospital-Wide All-Cause Risk Standardized Mortality Rate,863,4.4,3.6,5.4,07/01/2023,06/30/2024,6150200,RI,2023,0,0,1,0,0,Neither current nor planned,6.760414691083428
410013,WESTERLY HOSPITAL,RI,Hybrid_HWM,Hybrid Hospital-Wide All-Cause Risk Standardized Mortality Rate,528,4.4,3.6,5.3,07/01/2023,06/30/2024,6150220,RI,2024,1,1,1,0,1,Planned TEFCA,6.269096283706261
420004,MUSC MEDICAL CENTER,SC,Hybrid_HWM,Hybrid Hospital-Wide All-Cause Risk Standardized Mortality Rate,3565,3.6,3.1,4.2,07/01/2023,06/30/2024,6370085,SC,2023,1,1,1,0,1,Planned TEFCA,8.178919332848396
420023,ST FRANCIS-DOWNTOWN,SC,Hybrid_HWM,Hybrid Hospital-Wide All-Cause Risk Standardized Mortality Rate,2642,3.1,2.6,3.7,07/01/2023,06/30/2024,6370330,SC,2024,0,1,1,0,1,Planned TEFCA,7.879291485082271
420027,ANMED HEALTH,SC,Hybrid_HWM,Hybrid Hospital-Wide All-Cause Risk Standardized Mortality Rate,2048,4.5,3.9,5.2,07/01/2023,06/30/2024,6370030,SC,2024,1,1,1,1,0,Current TEFCA,7.6246189861593985
420065,BON SECOURS-ST FRANCIS XAVIER HOSPITAL,SC,Hybrid_HWM,Hybrid Hospital-Wide All-Cause Risk Standardized Mortality Rate,1049,3.4,2.7,4.2,07/01/2023,06/30/2024,6370100,SC,2024,0,1,1,0,1,Planned TEFCA,6.955592608396297
420087,ROPER HOSPITAL,SC,Hybrid_HWM,Hybrid Hospital-Wide All-Cause Risk Standardized Mortality Rate,2344,3.5,2.9,4.1,07/01/2023,06/30/2024,6370090,SC,2024,0,1,1,0,1,Planned TEFCA,7.759614150696903
420098,TIDELANDS WACCAMAW COMMUNITY HOSPITAL,SC,Hybrid_HWM,Hybrid Hospital-Wide All-Cause Risk Standardized Mortality Rate,1383,4.2,3.5,4.9,07/01/2023,06/30/2024,6370018,SC,2023,1,0,1,0,1,Planned TEFCA,7.232010331664759
420104,MOUNT PLEASANT HOSPITAL,SC,Hybrid_HWM,Hybrid Hospital-Wide All-Cause Risk Standardized Mortality Rate,701,3.5,2.8,4.4,07/01/2023,06/30/2024,6370035,SC,2024,0,1,1,0,1,Planned TEFCA,6.55250788703459
420110,ROPER ST FRANCIS HOSPITAL-BERKELEY INC,SC,Hybrid_HWM,Hybrid Hospital-Wide All-Cause Risk Standardized Mortality Rate,417,4.3,3.5,5.4,07/01/2023,06/30/2024,6370433,SC,2024,0,1,1,0,1,Planned TEFCA,6.0330862217988015
430012,AVERA SACRED HEART HOSPITAL,SD,Hybrid_HWM,Hybrid Hospital-Wide All-Cause Risk Standardized Mortality Rate,476,4.1,3.3,5.1,07/01/2023,06/30/2024,6650530,SD,2024,1,0,1,0,0,Neither current nor planned,6.16541785423142
430014,AVERA ST LUKES,SD,Hybrid_HWM,Hybrid Hospital-Wide All-Cause Risk Standardized Mortality Rate,630,4.4,3.6,5.4,07/01/2023,06/30/2024,6650004,SD,2024,1,0,1,0,0,Neither current nor planned,6.4457198193855785
430015,AVERA ST MARY'S HOSPITAL,SD,Hybrid_HWM,Hybrid Hospital-Wide All-Cause Risk Standardized Mortality Rate,262,4.1,3.2,5,07/01/2023,06/30/2024,6650330,SD,2024,1,0,1,0,0,Neither current nor planned,5.568344503761097
430016,AVERA MCKENNAN HOSPITAL & UNIVERSITY HEALTH CENTER,SD,Hybrid_HWM,Hybrid Hospital-Wide All-Cause Risk Standardized Mortality Rate,2254,3.2,2.7,3.8,07/01/2023,06/30/2024,6650420,SD,2024,1,0,1,0,0,Neither current nor planned,7.720461694599722
431302,AVERA MISSOURI RIVER HEALTH CENTER,SD,Hybrid_HWM,Hybrid Hospital-Wide All-Cause Risk Standardized Mortality Rate,36,4.9,3.4,7,07/01/2023,06/30/2024,6650145,SD,2024,1,0,1,0,0,Neither current nor planned,3.58351893845611
431306,PLATTE HEALTH CENTER,SD,Hybrid_HWM,Hybrid Hospital-Wide All-Cause Risk Standardized Mortality Rate,60,4,2.7,5.8,07/01/2023,06/30/2024,6650345,SD,2024,1,0,1,0,0,Neither current nor planned,4.0943445622221
431310,AVERA FLANDREAU HOSPITAL - CAH,SD,Hybrid_HWM,Hybrid Hospital-Wide All-Cause Risk Standardized Mortality Rate,35,4.4,3.1,5.9,07/01/2023,06/30/2024,6650110,SD,2024,1,0,1,0,0,Neither current nor planned,3.5553480614894135
431312,MARSHALL COUNTY HEALTHCARE CENTER - CAH,SD,Hybrid_HWM,Hybrid Hospital-Wide All-Cause Risk Standardized Mortality Rate,37,4.2,3,5.8,07/01/2023,06/30/2024,6659005,SD,2024,1,0,1,0,0,Neither current nor planned,3.6109179126442243
431315,WAGNER COMMUNITY MEMORIAL HOSPITAL - CAH,SD,Hybrid_HWM,Hybrid Hospital-Wide All-Cause Risk Standardized Mortality Rate,30,4.1,2.9,5.7,07/01/2023,06/30/2024,6650470,SD,2024,1,0,1,0,0,Neither current nor planned,3.4011973816621555
431319,HANS P PETERSON MEMORIAL HOSPITAL - CAH,SD,Hybrid_HWM,Hybrid Hospital-Wide All-Cause Risk Standardized Mortality Rate,62,4.4,3.3,5.7,07/01/2023,06/30/2024,6650325,SD,2023,1,1,1,0,1,Planned TEFCA,4.127134385045092
431326,MILBANK AREA HOSPITAL/AVERA HEALTH,SD,Hybrid_HWM,Hybrid Hospital-Wide All-Cause Risk Standardized Mortality Rate,54,4.3,3.1,5.8,07/01/2023,06/30/2024,6650260,SD,2024,1,0,1,0,0,Neither current nor planned,3.9889840465642745
431327,ST MICHAEL'S HOSPITAL - CAH,SD,Hybrid_HWM,Hybrid Hospital-Wide All-Cause Risk Standardized Mortality Rate,35,4.5,3.1,6.4,07/01/2023,06/30/2024,6650445,SD,2024,1,0,1,0,0,Neither current nor planned,3.5553480614894135
431330,AVERA ST BENEDICT HEALTH CENTER - CAH,SD,Hybrid_HWM,Hybrid Hospital-Wide All-Cause Risk Standardized Mortality Rate,69,4.7,3.5,6.2,07/01/2023,06/30/2024,6650320,SD,2024,1,0,1,0,0,Neither current nor planned,4.23410650459726
431331,AVERA DELLS AREA HOSPITAL  - CAH,SD,Hybrid_HWM,Hybrid Hospital-Wide All-Cause Risk Standardized Mortality Rate,39,4.2,3,5.7,07/01/2023,06/30/2024,6650065,SD,2024,1,0,1,0,0,Neither current nor planned,3.6635616461296463
431337,AVERA HAND COUNTY MEMORIAL HOSPITAL AND CLINIC,SD,Hybrid_HWM,Hybrid Hospital-Wide All-Cause Risk Standardized Mortality Rate,52,4.8,3.5,6.5,07/01/2023,06/30/2024,6650270,SD,2024,1,0,1,0,0,Neither current nor planned,3.9512437185814275
431338,AVERA GREGORY HOSPITAL,SD,Hybrid_HWM,Hybrid Hospital-Wide All-Cause Risk Standardized Mortality Rate,80,4,3,5.5,07/01/2023,06/30/2024,6650149,SD,2024,1,0,1,0,0,Neither current nor planned,4.382026634673881
431340,AVERA QUEEN OF PEACE,SD,Hybrid_HWM,Hybrid Hospital-Wide All-Cause Risk Standardized Mortality Rate,306,4.5,3.6,5.7,07/01/2023,06/30/2024,6650003,SD,2024,1,0,1,0,0,Neither current nor planned,5.723585101952381
440057,CLAIBORNE MEDICAL CENTER,TN,Hybrid_HWM,Hybrid Hospital-Wide All-Cause Risk Standardized Mortality Rate,122,5,3.8,6.4,07/01/2023,06/30/2024,6521222,TN,2024,1,1,1,0,1,Planned TEFCA,4.804021044733257
440065,TRISTAR NORTHCREST MEDICAL CENTER,TN,Hybrid_HWM,Hybrid Hospital-Wide All-Cause Risk Standardized Mortality Rate,349,4.2,3.4,5.2,07/01/2023,06/30/2024,6521210,TN,2024,1,0,1,0,0,Neither current nor planned,5.855071922202427
440102,LINCOLN MEDICAL CENTER,TN,Hybrid_HWM,Hybrid Hospital-Wide All-Cause Risk Standardized Mortality Rate,137,4.4,3.5,5.5,07/01/2023,06/30/2024,6520280,TN,2023,1,1,1,0,0,Neither current nor planned,4.919980925828125
440152,REGIONAL ONE HEALTH,TN,Hybrid_HWM,Hybrid Hospital-Wide All-Cause Risk Standardized Mortality Rate,272,5.1,4,6.5,07/01/2023,06/30/2024,6520695,TN,2023,1,0,0,0,0,Neither current nor planned,5.605802066295998
450028,VALLEY BAPTIST MEDICAL CENTER- BROWNSVILLE,TX,Hybrid_HWM,Hybrid Hospital-Wide All-Cause Risk Standardized Mortality Rate,391,4.3,3.6,5.1,07/01/2023,06/30/2024,6740460,TX,2023,1,0,0,0,0,Neither current nor planned,5.968707559985366
450040,COVENANT MEDICAL CENTER,TX,Hybrid_HWM,Hybrid Hospital-Wide All-Cause Risk Standardized Mortality Rate,2176,4,3.5,4.6,07/01/2023,06/30/2024,6742360,TX,2023,1,1,1,0,1,Planned TEFCA,7.685243607975833
450119,SOUTH TEXAS HEALTH SYSTEM,TX,Hybrid_HWM,Hybrid Hospital-Wide All-Cause Risk Standardized Mortality Rate,948,4.4,3.7,5.1,07/01/2023,06/30/2024,6740646,TX,2023,1,0,1,0,0,Neither current nor planned,6.854354502255021
450147,DE TAR HOSPITAL NAVARRO,TX,Hybrid_HWM,Hybrid Hospital-Wide All-Cause Risk Standardized Mortality Rate,759,5,4.2,5.8,07/01/2023,06/30/2024,6743630,TX,2023,0,0,0,0,0,Neither current nor planned,6.63200177739563
450194,UT HEALTH EAST TEXAS JACKSONVILLE HOSPITAL,TX,Hybrid_HWM,Hybrid Hospital-Wide All-Cause Risk Standardized Mortality Rate,78,4.6,3.6,5.8,07/01/2023,06/30/2024,6742070,TX,2024,0,0,0,0,0,Neither current nor planned,4.356708826689592
450229,HENDRICK MEDICAL CENTER,TX,Hybrid_HWM,Hybrid Hospital-Wide All-Cause Risk Standardized Mortality Rate,3324,4.2,3.6,4.9,07/01/2023,06/30/2024,6740020,TX,2024,0,0,1,0,0,Neither current nor planned,8.10892415597534
450235,MEMORIAL HOSPITAL,TX,Hybrid_HWM,Hybrid Hospital-Wide All-Cause Risk Standardized Mortality Rate,79,4.4,3.2,5.9,07/01/2023,06/30/2024,6741690,TX,2024,1,0,1,1,0,Current TEFCA,4.3694478524670215
450241,FAITH COMMUNITY HOSPITAL,TX,Hybrid_HWM,Hybrid Hospital-Wide All-Cause Risk Standardized Mortality Rate,63,4.5,3.2,6.3,07/01/2023,06/30/2024,6742058,TX,2024,0,0,1,0,1,Planned TEFCA,4.143134726391533
450346,BAPTIST BEAUMONT HOSPITAL,TX,Hybrid_HWM,Hybrid Hospital-Wide All-Cause Risk Standardized Mortality Rate,1201,5.2,4.5,6,07/01/2023,06/30/2024,6740091,TX,2024,1,0,1,0,0,Neither current nor planned,7.0909098220799835
450465,MATAGORDA REGIONAL MEDICAL CENTER,TX,Hybrid_HWM,Hybrid Hospital-Wide All-Cause Risk Standardized Mortality Rate,155,4,3.1,5.1,07/01/2023,06/30/2024,6740235,TX,2024,0,0,0,0,0,Neither current nor planned,5.043425116919247
450518,THE MEDICAL CENTER OF SOUTHEAST TEXAS,TX,Hybrid_HWM,Hybrid Hospital-Wide All-Cause Risk Standardized Mortality Rate,292,4.3,3.4,5.3,07/01/2023,06/30/2024,6740316,TX,2023,1,0,0,0,1,Planned TEFCA,5.676753802268282
450539,COVENANT HOSPITAL PLAINVIEW,TX,Hybrid_HWM,Hybrid Hospital-Wide All-Cause Risk Standardized Mortality Rate,112,4.2,3.2,5.3,07/01/2023,06/30/2024,6742840,TX,2023,1,1,1,0,1,Planned TEFCA,4.718498871295094
450604,HILL COUNTRY MEMORIAL HOSPITAL,TX,Hybrid_HWM,Hybrid Hospital-Wide All-Cause Risk Standardized Mortality Rate,465,4.7,3.8,5.7,07/01/2023,06/30/2024,6741511,TX,2024,1,0,1,0,0,Neither current nor planned,6.142037405587356
450656,NACOGDOCHES MEDICAL CENTER,TX,Hybrid_HWM,Hybrid Hospital-Wide All-Cause Risk Standardized Mortality Rate,646,4.3,3.6,5.1,07/01/2023,06/30/2024,6742583,TX,2024,1,0,1,0,0,Neither current nor planned,6.470799503782602
450678,WHITE ROCK MEDICAL CENTER,TX,Hybrid_HWM,Hybrid Hospital-Wide All-Cause Risk Standardized Mortality Rate,171,4.7,3.8,5.9,07/01/2023,06/30/2024,6740964,TX,2023,1,0,1,0,1,Planned TEFCA,5.14166355650266
450690,THE UNIVERSITY OF TEXAS HEALTH SCIENCE CENTER AT TYLER,TX,Hybrid_HWM,Hybrid Hospital-Wide All-Cause Risk Standardized Mortality Rate,85,4.1,2.8,5.9,07/01/2023,06/30/2024,6743556,TX,2024,0,0,0,0,0,Neither current nor planned,4.442651256490317
450755,COVENANT HOSPITAL LEVELLAND,TX,Hybrid_HWM,Hybrid Hospital-Wide All-Cause Risk Standardized Mortality Rate,28,4.4,2.9,6.3,07/01/2023,06/30/2024,6742250,TX,2023,1,1,1,0,1,Planned TEFCA,3.332204510175204
450869,DOCTORS HOSPTAL AT RENAISSANCE,TX,Hybrid_HWM,Hybrid Hospital-Wide All-Cause Risk Standardized Mortality Rate,684,4.7,3.9,5.5,07/01/2023,06/30/2024,6740232,TX,2023,0,0,0,0,0,Neither current nor planned,6.52795791762255
450874,BAYLOR SURGICAL HOSPITAL AT LAS COLINAS,TX,Hybrid_HWM,Hybrid Hospital-Wide All-Cause Risk Standardized Mortality Rate,93,4.1,2.5,6.7,07/01/2023,06/30/2024,6740291,TX,2023,1,0,0,0,0,Neither current nor planned,4.532599493153256
450883,BAYLOR MEDICAL CENTER AT TROPHY CLUB,TX,Hybrid_HWM,Hybrid Hospital-Wide All-Cause Risk Standardized Mortality Rate,66,4.1,2.5,6.6,07/01/2023,06/30/2024,6740313,TX,2023,0,1,0,0,0,Neither current nor planned,4.189654742026425
451306,KIMBLE HOSPITAL,TX,Hybrid_HWM,Hybrid Hospital-Wide All-Cause Risk Standardized Mortality Rate,32,4.3,3,6.1,07/01/2023,06/30/2024,6742098,TX,2023,0,0,0,0,0,Neither current nor planned,3.4657359027997265
451310,BALLINGER MEMORIAL HOSPITAL,TX,Hybrid_HWM,Hybrid Hospital-Wide All-Cause Risk Standardized Mortality Rate,31,4.2,2.9,5.8,07/01/2023,06/30/2024,6740226,TX,2024,1,1,1,0,1,Planned TEFCA,3.4339872044851463
451333,MARTIN COUNTY HOSPITAL DISTRICT,TX,Hybrid_HWM,Hybrid Hospital-Wide All-Cause Risk Standardized Mortality Rate,28,3.9,2.4,6.3,07/01/2023,06/30/2024,6749520,TX,2024,1,1,1,1,0,Current TEFCA,3.332204510175204
451347,COLEMAN COUNTY MEDICAL CENTER COMPANY,TX,Hybrid_HWM,Hybrid Hospital-Wide All-Cause Risk Standardized Mortality Rate,100,4.7,3.4,6.4,07/01/2023,06/30/2024,6740660,TX,2023,0,0,0,0,0,Neither current nor planned,4.605170185988092
451356,MEMORIAL MEDICAL CENTER,TX,Hybrid_HWM,Hybrid Hospital-Wide All-Cause Risk Standardized Mortality Rate,77,4.4,3.2,6,07/01/2023,06/30/2024,6742853,TX,2024,1,0,0,0,0,Neither current nor planned,4.343805421853684
451361,SABINE COUNTY HOSPITAL,TX,Hybrid_HWM,Hybrid Hospital-Wide All-Cause Risk Standardized Mortality Rate,47,4.4,2.9,6.5,07/01/2023,06/30/2024,6749260,TX,2023,0,0,0,0,0,Neither current nor planned,3.8501476017100584
451379,CORYELL MEMORIAL HOSPITAL,TX,Hybrid_HWM,Hybrid Hospital-Wide All-Cause Risk Standardized Mortality Rate,163,4.9,3.6,6.3,07/01/2023,06/30/2024,6741620,TX,2024,1,0,0,0,0,Neither current nor planned,5.093750200806762
451395,HILL REGIONAL HOSPITAL,TX,Hybrid_HWM,Hybrid Hospital-Wide All-Cause Risk Standardized Mortality Rate,142,5,3.8,6.5,07/01/2023,06/30/2024,6741840,TX,2024,1,0,1,0,0,Neither current nor planned,4.955827057601261
460001,INTERMOUNTAIN HEALTH UTAH VALLEY HOSPITAL,UT,Hybrid_HWM,Hybrid Hospital-Wide All-Cause Risk Standardized Mortality Rate,1789,3.9,3.3,4.6,07/01/2023,06/30/2024,6870220,UT,2023,1,1,1,0,1,Planned TEFCA,7.489412083508719
460004,MCKAY-DEE HOSPITAL,UT,Hybrid_HWM,Hybrid Hospital-Wide All-Cause Risk Standardized Mortality Rate,1536,4.1,3.5,4.7,07/01/2023,06/30/2024,6870160,UT,2023,1,1,1,0,1,Planned TEFCA,7.336936913707618
460006,LDS HOSPITAL,UT,Hybrid_HWM,Hybrid Hospital-Wide All-Cause Risk Standardized Mortality Rate,412,4.7,3.7,5.7,07/01/2023,06/30/2024,6870260,UT,2023,1,1,1,0,1,Planned TEFCA,6.021023349349527
460007,CEDAR CITY HOSPITAL,UT,Hybrid_HWM,Hybrid Hospital-Wide All-Cause Risk Standardized Mortality Rate,222,5.1,4,6.4,07/01/2023,06/30/2024,6870050,UT,2023,1,1,1,0,1,Planned TEFCA,5.402677381872279
460010,INTERMOUNTAIN MEDICAL CENTER,UT,Hybrid_HWM,Hybrid Hospital-Wide All-Cause Risk Standardized Mortality Rate,2333,4,3.5,4.6,07/01/2023,06/30/2024,6870141,UT,2023,1,1,1,0,1,Planned TEFCA,7.75491027202143
460014,MOUNTAIN WEST MEDICAL CENTER,UT,Hybrid_HWM,Hybrid Hospital-Wide All-Cause Risk Standardized Mortality Rate,160,3.9,3,5,07/01/2023,06/30/2024,6870333,UT,2023,1,1,1,0,0,Neither current nor planned,5.075173815233827
460015,INTERMOUNTAIN HEALTH LOGAN REGIONAL HOSPITAL,UT,Hybrid_HWM,Hybrid Hospital-Wide All-Cause Risk Standardized Mortality Rate,465,4.5,3.7,5.4,07/01/2023,06/30/2024,6870120,UT,2023,1,1,1,0,1,Planned TEFCA,6.142037405587356
460019,UINTAH BASIN MEDICAL CENTER,UT,Hybrid_HWM,Hybrid Hospital-Wide All-Cause Risk Standardized Mortality Rate,156,5,3.8,6.5,07/01/2023,06/30/2024,6870235,UT,2023,1,0,1,0,0,Neither current nor planned,5.049856007249537
460021,ST. GEORGE REGIONAL HOSPITAL,UT,Hybrid_HWM,Hybrid Hospital-Wide All-Cause Risk Standardized Mortality Rate,2797,3.9,3.4,4.5,07/01/2023,06/30/2024,6870245,UT,2023,1,1,1,0,1,Planned TEFCA,7.936302693201959
460023,AMERICAN FORK HOSPITAL,UT,Hybrid_HWM,Hybrid Hospital-Wide All-Cause Risk Standardized Mortality Rate,355,3.9,3.1,5,07/01/2023,06/30/2024,6870010,UT,2023,1,1,1,0,1,Planned TEFCA,5.872117789475416
460026,INTERMOUNTAIN HEALTH SEVIER VALLEY HOSPITAL,UT,Hybrid_HWM,Hybrid Hospital-Wide All-Cause Risk Standardized Mortality Rate,123,4.3,3.3,5.5,07/01/2023,06/30/2024,6870230,UT,2023,1,1,1,0,1,Planned TEFCA,4.812184355372417
460039,BEAR RIVER VALLEY HOSPITAL,UT,Hybrid_HWM,Hybrid Hospital-Wide All-Cause Risk Standardized Mortality Rate,36,4,3,5.2,07/01/2023,06/30/2024,6870365,UT,2023,1,1,1,0,1,Planned TEFCA,3.58351893845611
460044,INTERMOUNTAIN HEALTH ALTA VIEW HOSPITAL,UT,Hybrid_HWM,Hybrid Hospital-Wide All-Cause Risk Standardized Mortality Rate,273,3.8,3,4.7,07/01/2023,06/30/2024,6870500,UT,2023,1,1,1,0,1,Planned TEFCA,5.60947179518496
460057,PARK CITY HOSPITAL,UT,Hybrid_HWM,Hybrid Hospital-Wide All-Cause Risk Standardized Mortality Rate,168,4.1,3.1,5.4,07/01/2023,06/30/2024,6870189,UT,2023,1,1,1,0,1,Planned TEFCA,5.123963979403259
460058,INTERMOUNTAIN HEALTH RIVERTON HOSPITAL,UT,Hybrid_HWM,Hybrid Hospital-Wide All-Cause Risk Standardized Mortality Rate,276,4,3.1,5,07/01/2023,06/30/2024,6870124,UT,2023,1,1,1,0,1,Planned TEFCA,5.62040086571715
460061,INTERMOUNTAIN HEALTH LAYTON HOSPITAL,UT,Hybrid_HWM,Hybrid Hospital-Wide All-Cause Risk Standardized Mortality Rate,226,3.9,3.1,5,07/01/2023,06/30/2024,6870379,UT,2023,1,1,1,0,1,Planned TEFCA,5.420534999272286
460062,INTERMOUNTAIN HEALTH SPANISH FORK HOSPITAL,UT,Hybrid_HWM,Hybrid Hospital-Wide All-Cause Risk Standardized Mortality Rate,92,4,3.1,5.1,07/01/2023,06/30/2024,6870417,UT,2023,1,1,1,0,1,Planned TEFCA,4.5217885770490405
461300,INTERMOUNTAIN HEALTH DELTA COMMUNITY HOSPITAL,UT,Hybrid_HWM,Hybrid Hospital-Wide All-Cause Risk Standardized Mortality Rate,43,3.9,2.7,5.4,07/01/2023,06/30/2024,6870055,UT,2023,1,1,1,0,1,Planned TEFCA,3.7612001156935624
461301,INTERMOUNTAIN HEALTH FILLMORE COMMUNITY HOSPITAL,UT,Hybrid_HWM,Hybrid Hospital-Wide All-Cause Risk Standardized Mortality Rate,43,4.1,2.9,5.6,07/01/2023,06/30/2024,6870070,UT,2023,1,1,1,0,1,Planned TEFCA,3.7612001156935624
461302,MOAB REGIONAL HOSPITAL,UT,Hybrid_HWM,Hybrid Hospital-Wide All-Cause Risk Standardized Mortality Rate,75,4.2,3.2,5.7,07/01/2023,06/30/2024,6870130,UT,2023,0,0,0,0,0,Neither current nor planned,4.31748811353631
461303,INTERMOUNTAIN HEALTH SANPETE VALLEY HOSPITAL,UT,Hybrid_HWM,Hybrid Hospital-Wide All-Cause Risk Standardized Mortality Rate,55,4.1,3.1,5.5,07/01/2023,06/30/2024,6870135,UT,2023,1,1,1,0,1,Planned TEFCA,4.007333185232471
461304,CENTRAL VALLEY MEDICAL CENTER - CAH,UT,Hybrid_HWM,Hybrid Hospital-Wide All-Cause Risk Standardized Mortality Rate,87,4.2,3,5.6,07/01/2023,06/30/2024,6870145,UT,2023,1,1,1,0,0,Neither current nor planned,4.465908118654584
461307,INTERMOUNTAIN HEALTH HEBER VALLEY HOSPITAL,UT,Hybrid_HWM,Hybrid Hospital-Wide All-Cause Risk Standardized Mortality Rate,74,3.9,2.9,5.1,07/01/2023,06/30/2024,6870091,UT,2023,1,1,1,0,1,Planned TEFCA,4.30406509320417
461310,BLUE MOUNTAIN HOSPITAL,UT,Hybrid_HWM,Hybrid Hospital-Wide All-Cause Risk Standardized Mortality Rate,49,4.6,3.4,6.2,07/01/2023,06/30/2024,6879346,UT,2024,0,0,1,0,1,Planned TEFCA,3.8918202981106265
461333,INTERMOUNTAIN HEALTH GARFIELD MEMORIAL HOSPITAL,UT,Hybrid_HWM,Hybrid Hospital-Wide All-Cause Risk Standardized Mortality Rate,60,4.3,2.9,5.9,07/01/2023,06/30/2024,6879080,UT,2023,1,1,1,0,1,Planned TEFCA,4.0943445622221
490005,WINCHESTER MEDICAL CENTER,VA,Hybrid_HWM,Hybrid Hospital-Wide All-Cause Risk Standardized Mortality Rate,3865,3.7,3.2,4.3,07/01/2023,06/30/2024,6341200,VA,2024,1,1,1,0,1,Planned TEFCA,8.259716961021523
490009,UNIVERSITY OF VIRGINIA MEDICAL CENTER,VA,Hybrid_HWM,Hybrid Hospital-Wide All-Cause Risk Standardized Mortality Rate,3275,3.3,2.8,3.9,07/01/2023,06/30/2024,6344000,VA,2023,1,1,1,1,0,Current TEFCA,8.094073148069352
490017,BON SECOURS MARYVIEW MEDICAL CENTER,VA,Hybrid_HWM,Hybrid Hospital-Wide All-Cause Risk Standardized Mortality Rate,872,3.6,2.9,4.4,07/01/2023,06/30/2024,6340740,VA,2024,0,1,1,0,1,Planned TEFCA,6.77078942390898
490019,UVA HEALTH CULPEPER MEDICAL CENTER,VA,Hybrid_HWM,Hybrid Hospital-Wide All-Cause Risk Standardized Mortality Rate,591,4.7,3.8,5.6,07/01/2023,06/30/2024,6340195,VA,2023,1,1,1,1,0,Current TEFCA,6.3818160174060985
490021,CENTRA HEALTH -  LYNCHBURG GEN HOSPITAL,VA,Hybrid_HWM,Hybrid Hospital-Wide All-Cause Risk Standardized Mortality Rate,3420,3.7,3.3,4.3,07/01/2023,06/30/2024,6340013,VA,2023,1,1,1,0,1,Planned TEFCA,8.13739583005665
490041,MARY IMMACULATE HOSPITAL,VA,Hybrid_HWM,Hybrid Hospital-Wide All-Cause Risk Standardized Mortality Rate,570,3.9,3.1,4.8,07/01/2023,06/30/2024,6340510,VA,2024,0,1,1,0,1,Planned TEFCA,6.345636360828596
490045,NOVANT PRINCE WILLIAM MEDICAL CENTER,VA,Hybrid_HWM,Hybrid Hospital-Wide All-Cause Risk Standardized Mortality Rate,705,5.2,4.3,6.1,07/01/2023,06/30/2024,6340454,VA,2023,1,1,1,1,0,Current TEFCA,6.558197802812269
490053,JOHNSTON MEMORIAL HOSPITAL,VA,Hybrid_HWM,Hybrid Hospital-Wide All-Cause Risk Standardized Mortality Rate,734,4,3.3,4.9,07/01/2023,06/30/2024,6340010,VA,2023,1,1,1,0,1,Planned TEFCA,6.598509028614515
490059,BON SECOURS ST MARYS HOSPITAL,VA,Hybrid_HWM,Hybrid Hospital-Wide All-Cause Risk Standardized Mortality Rate,2552,3.2,2.7,3.8,07/01/2023,06/30/2024,6340921,VA,2024,0,1,1,0,1,Planned TEFCA,7.844632644464681
490067,BON SECOURS SOUTHSIDE MEDICAL CENTER,VA,Hybrid_HWM,Hybrid Hospital-Wide All-Cause Risk Standardized Mortality Rate,1279,4.1,3.5,4.8,07/01/2023,06/30/2024,6340710,VA,2024,0,1,1,0,1,Planned TEFCA,7.153833801578843
490069,BON SECOURS MEMORIAL REGIONAL MEDICAL CENTER,VA,Hybrid_HWM,Hybrid Hospital-Wide All-Cause Risk Standardized Mortality Rate,2578,3.4,2.9,4,07/01/2023,06/30/2024,6340896,VA,2024,0,1,1,0,1,Planned TEFCA,7.8547691834991324
490092,BON SECOURS SOUTHAMPTON MEMORIAL HOSPITAL,VA,Hybrid_HWM,Hybrid Hospital-Wide All-Cause Risk Standardized Mortality Rate,197,4.5,3.6,5.6,07/01/2023,06/30/2024,6340280,VA,2024,0,1,1,0,1,Planned TEFCA,5.2832037287379885
490097,BON SECOURS SOUTHERN VIRGINIA MEDICAL CENTER,VA,Hybrid_HWM,Hybrid Hospital-Wide All-Cause Risk Standardized Mortality Rate,60,4.6,3.3,6.1,07/01/2023,06/30/2024,6340227,VA,2024,0,1,1,0,1,Planned TEFCA,4.0943445622221
490120,CHESAPEAKE GENERAL HOSPITAL,VA,Hybrid_HWM,Hybrid Hospital-Wide All-Cause Risk Standardized Mortality Rate,2237,3.6,3.1,4.2,07/01/2023,06/30/2024,6340145,VA,2023,1,1,1,0,1,Planned TEFCA,7.71289096149013
490136,BON SECOURS ST FRANCIS MEDICAL CENTER,VA,Hybrid_HWM,Hybrid Hospital-Wide All-Cause Risk Standardized Mortality Rate,1743,3.7,3.1,4.4,07/01/2023,06/30/2024,6340021,VA,2024,0,1,1,0,1,Planned TEFCA,7.463363045520021
490144,UVA HEALTH HAYMARKET MEDICAL CENTER,VA,Hybrid_HWM,Hybrid Hospital-Wide All-Cause Risk Standardized Mortality Rate,549,5,4.1,5.9,07/01/2023,06/30/2024,6340429,VA,2023,1,1,1,1,0,Current TEFCA,6.3080984415095305
491305,SHENANDOAH MEMORIAL HOSPITAL,VA,Hybrid_HWM,Hybrid Hospital-Wide All-Cause Risk Standardized Mortality Rate,298,3.8,3,4.8,07/01/2023,06/30/2024,6341215,VA,2024,1,1,1,0,1,Planned TEFCA,5.697093486505405
491307,"PAGE MEMORIAL HOSPITAL, INC",VA,Hybrid_HWM,Hybrid Hospital-Wide All-Cause Risk Standardized Mortality Rate,178,3.8,2.8,4.8,07/01/2023,06/30/2024,6340420,VA,2024,1,1,1,0,1,Planned TEFCA,5.181783550292085
491308,RAPPAHANNOCK GENERAL HOSPITAL,VA,Hybrid_HWM,Hybrid Hospital-Wide All-Cause Risk Standardized Mortality Rate,202,3.8,2.9,4.9,07/01/2023,06/30/2024,6340385,VA,2024,0,1,1,0,1,Planned TEFCA,5.308267697401205
500002,PROVIDENCE ST MARY MEDICAL CENTER,WA,Hybrid_HWM,Hybrid Hospital-Wide All-Cause Risk Standardized Mortality Rate,876,4.1,3.4,4.9,07/01/2023,06/30/2024,6911170,WA,2023,1,1,1,0,1,Planned TEFCA,6.775366090936392
500003,SKAGIT VALLEY HOSPITAL,WA,Hybrid_HWM,Hybrid Hospital-Wide All-Cause Risk Standardized Mortality Rate,1014,4.5,3.8,5.3,07/01/2023,06/30/2024,6910420,WA,2023,1,1,1,0,0,Neither current nor planned,6.921658184151129
500016,CONFLUENCE HEALTH HOSPITAL,WA,Hybrid_HWM,Hybrid Hospital-Wide All-Cause Risk Standardized Mortality Rate,1745,3.6,3,4.2,07/01/2023,06/30/2024,6911195,WA,2024,1,1,1,0,1,Planned TEFCA,7.4645098346365275
500030,ST JOSEPH HOSPITAL,WA,Hybrid_HWM,Hybrid Hospital-Wide All-Cause Risk Standardized Mortality Rate,2271,3.8,3.2,4.4,07/01/2023,06/30/2024,6910001,WA,2023,1,1,1,1,0,Current TEFCA,7.7279755421055585
500036,YAKIMA VALLEY MEMORIAL,WA,Hybrid_HWM,Hybrid Hospital-Wide All-Cause Risk Standardized Mortality Rate,1489,3.9,3.3,4.6,07/01/2023,06/30/2024,6911260,WA,2023,1,0,0,0,0,Neither current nor planned,7.305860032684009
500041,PEACEHEALTH ST JOHN MEDICAL CENTER,WA,Hybrid_HWM,Hybrid Hospital-Wide All-Cause Risk Standardized Mortality Rate,644,4,3.3,4.8,07/01/2023,06/30/2024,6910355,WA,2023,1,1,1,1,0,Current TEFCA,6.467698726104354
500050,PEACEHEALTH SOUTHWEST MEDICAL CENTER,WA,Hybrid_HWM,Hybrid Hospital-Wide All-Cause Risk Standardized Mortality Rate,1786,4,3.4,4.6,07/01/2023,06/30/2024,6911130,WA,2023,1,1,1,1,0,Current TEFCA,7.487733761436444
500051,OVERLAKE HOSPITAL MEDICAL CENTER,WA,Hybrid_HWM,Hybrid Hospital-Wide All-Cause Risk Standardized Mortality Rate,1601,3.7,3.1,4.4,07/01/2023,06/30/2024,6910060,WA,2024,1,1,1,0,1,Planned TEFCA,7.3783837129967145
500054,PROV SACRED HRT MED CTR & CHILDS HOSP.,WA,Hybrid_HWM,Hybrid Hospital-Wide All-Cause Risk Standardized Mortality Rate,2498,4,3.4,4.6,07/01/2023,06/30/2024,6910980,WA,2023,1,1,1,0,1,Planned TEFCA,7.823245690685523
500058,KADLEC REGIONAL MEDICAL CENTER,WA,Hybrid_HWM,Hybrid Hospital-Wide All-Cause Risk Standardized Mortality Rate,2790,3.7,3.2,4.3,07/01/2023,06/30/2024,6910530,WA,2023,1,1,1,0,1,Planned TEFCA,7.933796874815411
500072,OLYMPIC MEDICAL CENTER,WA,Hybrid_HWM,Hybrid Hospital-Wide All-Cause Risk Standardized Mortality Rate,775,3.9,3.2,4.6,07/01/2023,06/30/2024,6910480,WA,2023,0,1,1,0,0,Neither current nor planned,6.652863029353347
500077,PROVIDENCE HOLY FAMILY HOSPITAL,WA,Hybrid_HWM,Hybrid Hospital-Wide All-Cause Risk Standardized Mortality Rate,845,3.8,3.2,4.5,07/01/2023,06/30/2024,6910894,WA,2023,1,1,1,0,1,Planned TEFCA,6.739336627357174
500129,TACOMA GENERAL ALLENMORE HOSPITAL,WA,Hybrid_HWM,Hybrid Hospital-Wide All-Cause Risk Standardized Mortality Rate,2186,3.3,2.8,3.9,07/01/2023,06/30/2024,6911018,WA,2023,1,1,1,0,0,Neither current nor planned,7.689828668736484
501309,PROVIDENCE ST JOSEPH HOSPITAL,WA,Hybrid_HWM,Hybrid Hospital-Wide All-Cause Risk Standardized Mortality Rate,59,4.5,3.3,5.9,07/01/2023,06/30/2024,6910160,WA,2023,1,1,1,0,1,Planned TEFCA,4.07753744390572
501312,PROSSER MEMORIAL HOSPITAL,WA,Hybrid_HWM,Hybrid Hospital-Wide All-Cause Risk Standardized Mortality Rate,190,4,3.1,5.1,07/01/2023,06/30/2024,6910492,WA,2023,1,0,0,0,0,Neither current nor planned,5.247024072160486
501323,JEFFERSON HEALTHCARE,WA,Hybrid_HWM,Hybrid Hospital-Wide All-Cause Risk Standardized Mortality Rate,437,4.4,3.6,5.4,07/01/2023,06/30/2024,6910490,WA,2023,0,1,0,0,0,Neither current nor planned,6.07993319509559
501326,PROVIDENCE MOUNT CARMEL HOSPITAL,WA,Hybrid_HWM,Hybrid Hospital-Wide All-Cause Risk Standardized Mortality Rate,123,4.5,3.5,5.7,07/01/2023,06/30/2024,6910200,WA,2023,1,1,1,0,1,Planned TEFCA,4.812184355372417
501329,PEACEHEALTH UNITED GENERAL MEDICAL CENTER,WA,Hybrid_HWM,Hybrid Hospital-Wide All-Cause Risk Standardized Mortality Rate,110,3.9,2.9,5.2,07/01/2023,06/30/2024,6910810,WA,2023,1,1,1,1,0,Current TEFCA,4.700480365792417
501331,PULLMAN REGIONAL HOSPITAL,WA,Hybrid_HWM,Hybrid Hospital-Wide All-Cause Risk Standardized Mortality Rate,172,4.6,3.6,5.9,07/01/2023,06/30/2024,6910495,WA,2023,1,1,1,0,1,Planned TEFCA,5.147494476813453
510024,MON HEALTH MEDICAL CENTER,WV,Hybrid_HWM,Hybrid Hospital-Wide All-Cause Risk Standardized Mortality Rate,948,4.8,3.9,5.8,07/01/2023,06/30/2024,6350555,WV,2024,0,0,1,0,0,Neither current nor planned,6.854354502255021
511309,VALLEY HEALTH WAR MEMORIAL HOSPITAL,WV,Hybrid_HWM,Hybrid Hospital-Wide All-Cause Risk Standardized Mortality Rate,124,3.9,2.9,5.2,07/01/2023,06/30/2024,6350060,WV,2024,1,1,1,0,1,Planned TEFCA,4.820281565605037
511311,HAMPSHIRE MEMORIAL HOSPITAL,WV,Hybrid_HWM,Hybrid Hospital-Wide All-Cause Risk Standardized Mortality Rate,81,3.8,2.4,5.8,07/01/2023,06/30/2024,6350675,WV,2024,1,1,1,0,1,Planned TEFCA,4.394449154672439
511317,"CAMC PLATEAU MEDICAL CENTER, INC",WV,Hybrid_HWM,Hybrid Hospital-Wide All-Cause Risk Standardized Mortality Rate,91,4.4,3.3,5.8,07/01/2023,06/30/2024,6350590,WV,2024,0,0,0,0,1,Planned TEFCA,4.51085950651685
520066,MERCY HEALTH SYSTEM CORP,WI,Hybrid_HWM,Hybrid Hospital-Wide All-Cause Risk Standardized Mortality Rate,693,3.9,3.2,4.7,07/01/2023,06/30/2024,6450015,WI,2024,1,1,0,1,0,Current TEFCA,6.541029999189903
520071,FORT MEMORIAL HOSPITAL,WI,Hybrid_HWM,Hybrid Hospital-Wide All-Cause Risk Standardized Mortality Rate,195,4.7,3.7,5.8,07/01/2023,06/30/2024,6450390,WI,2023,1,0,0,0,0,Neither current nor planned,5.272999558563747
521308,AMERY HOSPITAL & CLINIC,WI,Hybrid_HWM,Hybrid Hospital-Wide All-Cause Risk Standardized Mortality Rate,97,4.1,3,5.4,07/01/2023,06/30/2024,6450035,WI,2023,1,1,1,0,1,Planned TEFCA,4.574710978503383
521320,TOMAH MEMORIAL HOSPITAL,WI,Hybrid_HWM,Hybrid Hospital-Wide All-Cause Risk Standardized Mortality Rate,141,4,3,5.2,07/01/2023,06/30/2024,6451895,WI,2024,1,1,1,0,0,Neither current nor planned,4.948759890378168
521330,CROSSING RIVERS HEALTH MEDICAL CENTER,WI,Hybrid_HWM,Hybrid Hospital-Wide All-Cause Risk Standardized Mortality Rate,83,4.7,3.4,6.5,07/01/2023,06/30/2024,6451515,WI,2023,0,1,1,0,0,Neither current nor planned,4.418840607796598
521331,BURNETT MEDICAL CENTER,WI,Hybrid_HWM,Hybrid Hospital-Wide All-Cause Risk Standardized Mortality Rate,36,4.1,2.9,5.7,07/01/2023,06/30/2024,6450410,WI,2023,0,0,0,0,0,Neither current nor planned,3.58351893845611
521344,GUNDERSEN BOSCOBEL AREA HOSPITAL AND CLINICS,WI,Hybrid_HWM,Hybrid Hospital-Wide All-Cause Risk Standardized Mortality Rate,32,4.5,2.9,6.7,07/01/2023,06/30/2024,6450195,WI,2024,0,1,1,0,0,Neither current nor planned,3.4657359027997265
521357,MERCY WALWORTH HOSPITAL & MEDICAL CENTER,WI,Hybrid_HWM,Hybrid Hospital-Wide All-Cause Risk Standardized Mortality Rate,210,5.1,3.9,6.5,07/01/2023,06/30/2024,6450038,WI,2024,1,1,0,1,0,Current TEFCA,5.3471075307174685
521358,DOOR COUNTY MEDICAL CENTER,WI,Hybrid_HWM,Hybrid Hospital-Wide All-Cause Risk Standardized Mortality Rate,164,4.7,3.6,6,07/01/2023,06/30/2024,6451850,WI,2024,1,0,1,0,1,Planned TEFCA,5.099866427824199
521359,TAMARACK HEALTH ASHLAND MEDICAL CENTER,WI,Hybrid_HWM,Hybrid Hospital-Wide All-Cause Risk Standardized Mortality Rate,215,4.8,3.7,6,07/01/2023,06/30/2024,6450078,WI,2023,1,0,1,0,0,Neither current nor planned,5.3706380281276624
530012,BANNER WYOMING MEDICAL CENTER,WY,Hybrid_HWM,Hybrid Hospital-Wide All-Cause Risk Standardized Mortality Rate,1518,4.6,3.9,5.4,07/01/2023,06/30/2024,6830040,WY,2024,1,0,1,0,1,Planned TEFCA,7.325148957955575
530015,ST JOHNS MEDICAL CENTER,WY,Hybrid_HWM,Hybrid Hospital-Wide All-Cause Risk Standardized Mortality Rate,423,3.6,2.8,4.6,07/01/2023,06/30/2024,6830150,WY,2024,1,0,0,0,0,Neither current nor planned,6.0473721790462776
531302,MEMORIAL HOSPITAL OF CONVERSE COUNTY,WY,Hybrid_HWM,Hybrid Hospital-Wide All-Cause Risk Standardized Mortality Rate,172,4.7,3.5,6.3,07/01/2023,06/30/2024,6830080,WY,2024,0,0,1,0,0,Neither current nor planned,5.147494476813453
531304,HOT SPRINGS COUNTY MEMORIAL HOSPITAL,WY,Hybrid_HWM,Hybrid Hospital-Wide All-Cause Risk Standardized Mortality Rate,73,4.1,3.1,5.3,07/01/2023,06/30/2024,6830262,WY,2023,0,0,0,0,0,Neither current nor planned,4.290459441148391
531305,PLATTE COUNTY HOSPITAL,WY,Hybrid_HWM,Hybrid Hospital-Wide All-Cause Risk Standardized Mortality Rate,86,4.2,3.2,5.6,07/01/2023,06/30/2024,6830268,WY,2024,1,0,1,0,1,Planned TEFCA,4.454347296253507
531306,WASHAKIE MEDICAL CENTER,WY,Hybrid_HWM,Hybrid Hospital-Wide All-Cause Risk Standardized Mortality Rate,91,4.3,3.2,5.6,07/01/2023,06/30/2024,6830280,WY,2024,1,0,1,0,1,Planned TEFCA,4.51085950651685
531307,COMMUNITY HOSPITAL,WY,Hybrid_HWM,Hybrid Hospital-Wide All-Cause Risk Standardized Mortality Rate,158,4.7,3.6,6,07/01/2023,06/30/2024,6830265,WY,2024,1,0,1,0,1,Planned TEFCA,5.062595033026967
531309,NORTH BIG HORN HOSPITAL DISTRICT,WY,Hybrid_HWM,Hybrid Hospital-Wide All-Cause Risk Standardized Mortality Rate,66,4.9,3.7,6.3,07/01/2023,06/30/2024,6830205,WY,2023,1,0,1,0,1,Planned TEFCA,4.189654742026425
670078,BAPTIST NEIGHBORHOOD HOSPITAL THOUSAND OAKS,TX,Hybrid_HWM,Hybrid Hospital-Wide All-Cause Risk Standardized Mortality Rate,131,3.6,2.4,5.3,07/01/2023,06/30/2024,6740937,TX,2024,0,0,0,0,0,Neither current nor planned,4.875197323201151
670090,CRESCENT MEDICAL CENTER LANCASTER,TX,Hybrid_HWM,Hybrid Hospital-Wide All-Cause Risk Standardized Mortality Rate,57,4.2,3.2,5.4,07/01/2023,06/30/2024,6740984,TX,2023,0,0,1,0,0,Neither current nor planned,4.04305126783455
670267,THE WOODLANDS SPECIALTY HOSPITAL,TX,Hybrid_HWM,Hybrid Hospital-Wide All-Cause Risk Standardized Mortality Rate,28,4.1,2.5,6.9,07/01/2023,06/30/2024,6741019,TX,2024,0,0,0,0,0,Neither current nor planned,3.332204510175204
