facility_id,facility_name,cms_state,measure_id,measure_name,denominator,score,lower_estimate,higher_estimate,start_date,end_date,aha_id,mstate,year,national_network,vendor_network,hio,tefca_part,tefca_plan,tefca_status,log_denominator
010007,MIZELL MEMORIAL HOSPITAL,AL,MORT_30_HF,Death rate for heart failure patients,34,13.4,8.6,20.3,07/01/2021,06/30/2024,6530765,AL,2023,0,0,0,1,0,Current TEFCA,3.5263605246161616
010007,MIZELL MEMORIAL HOSPITAL,AL,MORT_30_PN,Death rate for pneumonia patients,98,25.4,19.5,32.7,07/01/2021,06/30/2024,6530765,AL,2023,0,0,0,1,0,Current TEFCA,4.584967478670572
010023,BAPTIST MEDICAL CENTER SOUTH,AL,MORT_30_HF,Death rate for heart failure patients,251,12.5,9.4,16.2,07/01/2021,06/30/2024,6530705,AL,2024,1,1,1,1,0,Current TEFCA,5.5254529391317835
010023,BAPTIST MEDICAL CENTER SOUTH,AL,MORT_30_PN,Death rate for pneumonia patients,165,17.4,13.6,21.6,07/01/2021,06/30/2024,6530705,AL,2024,1,1,1,1,0,Current TEFCA,5.10594547390058
010029,THE EAST ALABAMA HEALTHCARE AUTHORITY,AL,MORT_30_HF,Death rate for heart failure patients,272,13.7,10.5,18.1,07/01/2021,06/30/2024,6530760,AL,2024,0,0,0,0,0,Neither current nor planned,5.605802066295998
010029,THE EAST ALABAMA HEALTHCARE AUTHORITY,AL,MORT_30_PN,Death rate for pneumonia patients,267,17.7,14,22.1,07/01/2021,06/30/2024,6530760,AL,2024,0,0,0,0,0,Neither current nor planned,5.58724865840025
010045,FAYETTE MEDICAL CENTER,AL,MORT_30_HF,Death rate for heart failure patients,47,10.8,6.7,17,07/01/2021,06/30/2024,6530425,AL,2023,0,0,1,0,1,Planned TEFCA,3.8501476017100584
010045,FAYETTE MEDICAL CENTER,AL,MORT_30_PN,Death rate for pneumonia patients,68,15.9,11.1,22.8,07/01/2021,06/30/2024,6530425,AL,2023,0,0,1,0,1,Planned TEFCA,4.219507705176107
010087,USA HEALTH UNIVERSITY HOSPITAL,AL,MORT_30_HF,Death rate for heart failure patients,50,12.5,8,19.1,07/01/2021,06/30/2024,6530600,AL,2023,1,0,1,0,1,Planned TEFCA,3.912023005428146
010087,USA HEALTH UNIVERSITY HOSPITAL,AL,MORT_30_PN,Death rate for pneumonia patients,47,16.4,11.6,22.7,07/01/2021,06/30/2024,6530600,AL,2023,1,0,1,0,1,Planned TEFCA,3.8501476017100584
010092,DCH REGIONAL MEDICAL CENTER,AL,MORT_30_HF,Death rate for heart failure patients,521,13.6,10.9,16.8,07/01/2021,06/30/2024,6530960,AL,2023,0,0,1,0,1,Planned TEFCA,6.255750041753367
010092,DCH REGIONAL MEDICAL CENTER,AL,MORT_30_PN,Death rate for pneumonia patients,588,16.2,13.5,19.3,07/01/2021,06/30/2024,6530960,AL,2023,0,0,1,0,1,Planned TEFCA,6.376726947898627
010097,ELMORE COMMUNITY HOSPITAL,AL,MORT_30_PN,Death rate for pneumonia patients,40,17.9,11.7,27,07/01/2021,06/30/2024,6531017,AL,2023,0,0,0,0,0,Neither current nor planned,3.6888794541139363
010126,TROY REGIONAL MEDICAL CENTER,AL,MORT_30_HF,Death rate for heart failure patients,29,12.3,7.5,19.6,07/01/2021,06/30/2024,653095A,AL,2023,0,0,0,0,0,Neither current nor planned,3.367295829986474
010126,TROY REGIONAL MEDICAL CENTER,AL,MORT_30_PN,Death rate for pneumonia patients,50,17.8,12,25.9,07/01/2021,06/30/2024,653095A,AL,2023,0,0,0,0,0,Neither current nor planned,3.912023005428146
010148,EVERGREEN MEDICAL CENTER,AL,MORT_30_HF,Death rate for heart failure patients,52,9.8,5.9,16,07/01/2021,06/30/2024,6530415,AL,2024,0,0,0,0,0,Neither current nor planned,3.9512437185814275
010148,EVERGREEN MEDICAL CENTER,AL,MORT_30_PN,Death rate for pneumonia patients,77,21.3,14.4,31.3,07/01/2021,06/30/2024,6530415,AL,2024,0,0,0,0,0,Neither current nor planned,4.343805421853684
010149,BAPTIST MEDICAL CENTER EAST,AL,MORT_30_HF,Death rate for heart failure patients,233,10.4,7.8,14.1,07/01/2021,06/30/2024,6530800,AL,2024,1,1,1,1,0,Current TEFCA,5.4510384535657
010149,BAPTIST MEDICAL CENTER EAST,AL,MORT_30_PN,Death rate for pneumonia patients,253,16.3,13,20.1,07/01/2021,06/30/2024,6530800,AL,2024,1,1,1,1,0,Current TEFCA,5.53338948872752
020012,FAIRBANKS MEMORIAL HOSPITAL,AK,MORT_30_HF,Death rate for heart failure patients,124,18.2,13.5,24.3,07/01/2021,06/30/2024,6940058,AK,2023,1,0,1,0,0,Neither current nor planned,4.820281565605037
020012,FAIRBANKS MEMORIAL HOSPITAL,AK,MORT_30_PN,Death rate for pneumonia patients,138,22.8,17.6,29.3,07/01/2021,06/30/2024,6940058,AK,2023,1,0,1,0,0,Neither current nor planned,4.927253685157205
020026,ALASKA NATIVE MEDICAL CENTER,AK,MORT_30_HF,Death rate for heart failure patients,109,13.5,9.5,18.6,07/01/2021,06/30/2024,6940010,AK,2024,1,0,1,0,1,Planned TEFCA,4.6913478822291435
020026,ALASKA NATIVE MEDICAL CENTER,AK,MORT_30_PN,Death rate for pneumonia patients,171,13.7,10.1,18.3,07/01/2021,06/30/2024,6940010,AK,2024,1,0,1,0,1,Planned TEFCA,5.14166355650266
021311,PEACEHEALTH KETCHIKAN MEDICAL CENTER,AK,MORT_30_HF,Death rate for heart failure patients,42,10.6,7.2,15.5,07/01/2021,06/30/2024,6940100,AK,2023,1,1,1,1,0,Current TEFCA,3.7376696182833684
021311,PEACEHEALTH KETCHIKAN MEDICAL CENTER,AK,MORT_30_PN,Death rate for pneumonia patients,64,13.3,9.4,18.3,07/01/2021,06/30/2024,6940100,AK,2023,1,1,1,1,0,Current TEFCA,4.1588830833596715
030002,BANNER - UNIVERSITY MEDICAL CENTER PHOENIX,AZ,MORT_30_HF,Death rate for heart failure patients,240,9.1,6.8,12.3,07/01/2021,06/30/2024,6860250,AZ,2024,1,0,1,0,1,Planned TEFCA,5.480638923341991
030002,BANNER - UNIVERSITY MEDICAL CENTER PHOENIX,AZ,MORT_30_PN,Death rate for pneumonia patients,243,13.7,10.8,17.2,07/01/2021,06/30/2024,6860250,AZ,2024,1,0,1,0,1,Planned TEFCA,5.493061443340548
030006,TUCSON MEDICAL CENTER,AZ,MORT_30_HF,Death rate for heart failure patients,584,14.6,12.1,17.5,07/01/2021,06/30/2024,6860020,AZ,2023,1,1,1,0,1,Planned TEFCA,6.369900982828227
030006,TUCSON MEDICAL CENTER,AZ,MORT_30_PN,Death rate for pneumonia patients,575,18.4,15.6,21.6,07/01/2021,06/30/2024,6860020,AZ,2023,1,1,1,0,1,Planned TEFCA,6.354370040797351
030016,BANNER CASA GRANDE MEDICAL CENTER,AZ,MORT_30_HF,Death rate for heart failure patients,174,11.8,8.7,16.1,07/01/2021,06/30/2024,6860025,AZ,2024,1,0,1,0,1,Planned TEFCA,5.159055299214529
030016,BANNER CASA GRANDE MEDICAL CENTER,AZ,MORT_30_PN,Death rate for pneumonia patients,295,14.4,11.3,18,07/01/2021,06/30/2024,6860025,AZ,2024,1,0,1,0,1,Planned TEFCA,5.68697535633982
030061,BANNER BOSWELL MEDICAL CENTER,AZ,MORT_30_HF,Death rate for heart failure patients,660,11.7,9.8,14.1,07/01/2021,06/30/2024,6860378,AZ,2024,1,0,1,0,1,Planned TEFCA,6.492239835020471
030061,BANNER BOSWELL MEDICAL CENTER,AZ,MORT_30_PN,Death rate for pneumonia patients,890,19,16.6,21.5,07/01/2021,06/30/2024,6860378,AZ,2024,1,0,1,0,1,Planned TEFCA,6.7912214627261855
030064,BANNER - UNIVERSITY MEDICAL CENTER TUCSON CAMPUS,AZ,MORT_30_HF,Death rate for heart failure patients,202,10,7.3,13.1,07/01/2021,06/30/2024,6860516,AZ,2024,1,0,1,0,1,Planned TEFCA,5.308267697401205
030064,BANNER - UNIVERSITY MEDICAL CENTER TUCSON CAMPUS,AZ,MORT_30_PN,Death rate for pneumonia patients,308,15.1,12.4,18.3,07/01/2021,06/30/2024,6860516,AZ,2024,1,0,1,0,1,Planned TEFCA,5.730099782973574
030065,BANNER DESERT MEDICAL CENTER,AZ,MORT_30_HF,Death rate for heart failure patients,295,11.9,9.1,15.2,07/01/2021,06/30/2024,6860016,AZ,2024,1,0,1,0,1,Planned TEFCA,5.68697535633982
030065,BANNER DESERT MEDICAL CENTER,AZ,MORT_30_PN,Death rate for pneumonia patients,593,19.3,16.5,22.3,07/01/2021,06/30/2024,6860016,AZ,2024,1,0,1,0,1,Planned TEFCA,6.385194398997726
030088,BANNER BAYWOOD MEDICAL CENTER,AZ,MORT_30_HF,Death rate for heart failure patients,338,11.5,9,14.6,07/01/2021,06/30/2024,6860185,AZ,2024,1,0,1,0,1,Planned TEFCA,5.823045895483019
030088,BANNER BAYWOOD MEDICAL CENTER,AZ,MORT_30_PN,Death rate for pneumonia patients,839,21.2,18.7,23.7,07/01/2021,06/30/2024,6860185,AZ,2024,1,0,1,0,1,Planned TEFCA,6.732210706467206
030089,BANNER THUNDERBIRD MEDICAL CENTER,AZ,MORT_30_HF,Death rate for heart failure patients,342,9.9,7.6,12.8,07/01/2021,06/30/2024,6860013,AZ,2024,1,0,1,0,1,Planned TEFCA,5.834810737062605
030089,BANNER THUNDERBIRD MEDICAL CENTER,AZ,MORT_30_PN,Death rate for pneumonia patients,545,14.7,12.2,17.5,07/01/2021,06/30/2024,6860013,AZ,2024,1,0,1,0,1,Planned TEFCA,6.300785794663244
030093,BANNER DEL E. WEBB MEDICAL CENTER,AZ,MORT_30_HF,Death rate for heart failure patients,673,10.9,9.1,13,07/01/2021,06/30/2024,6860430,AZ,2024,1,0,1,0,1,Planned TEFCA,6.511745329644728
030093,BANNER DEL E. WEBB MEDICAL CENTER,AZ,MORT_30_PN,Death rate for pneumonia patients,1045,17.7,15.7,19.9,07/01/2021,06/30/2024,6860430,AZ,2024,1,0,1,0,1,Planned TEFCA,6.951772164398911
030103,MAYO CLINIC HOSPITAL,AZ,MORT_30_HF,Death rate for heart failure patients,857,9.1,7.6,10.8,07/01/2021,06/30/2024,6860019,AZ,2023,0,1,1,0,1,Planned TEFCA,6.75343791859778
030103,MAYO CLINIC HOSPITAL,AZ,MORT_30_PN,Death rate for pneumonia patients,1004,11.6,9.9,13.4,07/01/2021,06/30/2024,6860019,AZ,2023,0,1,1,0,1,Planned TEFCA,6.911747300251674
030111,BANNER-UNIVERSITY MEDICAL CENTER SOUTH CAMPUS,AZ,MORT_30_HF,Death rate for heart failure patients,75,8.3,5.5,12.3,07/01/2021,06/30/2024,6860450,AZ,2024,1,0,1,0,1,Planned TEFCA,4.31748811353631
030111,BANNER-UNIVERSITY MEDICAL CENTER SOUTH CAMPUS,AZ,MORT_30_PN,Death rate for pneumonia patients,130,13.2,9.5,17.7,07/01/2021,06/30/2024,6860450,AZ,2024,1,0,1,0,1,Planned TEFCA,4.867534450455582
030115,BANNER ESTRELLA MEDICAL CENTER,AZ,MORT_30_HF,Death rate for heart failure patients,272,8,5.7,11.1,07/01/2021,06/30/2024,6860036,AZ,2024,1,0,1,0,1,Planned TEFCA,5.605802066295998
030115,BANNER ESTRELLA MEDICAL CENTER,AZ,MORT_30_PN,Death rate for pneumonia patients,318,17.8,14.5,21.7,07/01/2021,06/30/2024,6860036,AZ,2024,1,0,1,0,1,Planned TEFCA,5.762051382780177
030122,BANNER GATEWAY MEDICAL CENTER,AZ,MORT_30_HF,Death rate for heart failure patients,91,10.5,7.1,15.1,07/01/2021,06/30/2024,6860043,AZ,2024,1,0,1,0,1,Planned TEFCA,4.51085950651685
030122,BANNER GATEWAY MEDICAL CENTER,AZ,MORT_30_PN,Death rate for pneumonia patients,385,14,11.4,16.7,07/01/2021,06/30/2024,6860043,AZ,2024,1,0,1,0,1,Planned TEFCA,5.953243334287785
030130,BANNER IRONWOOD MEDICAL CENTER,AZ,MORT_30_HF,Death rate for heart failure patients,85,14.6,10.2,20.3,07/01/2021,06/30/2024,6860059,AZ,2024,1,0,1,0,1,Planned TEFCA,4.442651256490317
030130,BANNER IRONWOOD MEDICAL CENTER,AZ,MORT_30_PN,Death rate for pneumonia patients,234,16.5,12.7,21.1,07/01/2021,06/30/2024,6860059,AZ,2024,1,0,1,0,1,Planned TEFCA,5.455321115357702
030134,BANNER GOLDFIELD MEDICAL CENTER,AZ,MORT_30_HF,Death rate for heart failure patients,35,9,5.5,14.6,07/01/2021,06/30/2024,6860263,AZ,2024,1,0,1,0,1,Planned TEFCA,3.5553480614894135
030134,BANNER GOLDFIELD MEDICAL CENTER,AZ,MORT_30_PN,Death rate for pneumonia patients,102,12.8,8.8,18.3,07/01/2021,06/30/2024,6860263,AZ,2024,1,0,1,0,1,Planned TEFCA,4.624972813284271
030147,BANNER OCOTILLO MEDICAL CENTER,AZ,MORT_30_HF,Death rate for heart failure patients,98,9.5,6.3,13.7,07/01/2021,06/30/2024,6860473,AZ,2024,1,0,1,0,1,Planned TEFCA,4.584967478670572
030147,BANNER OCOTILLO MEDICAL CENTER,AZ,MORT_30_PN,Death rate for pneumonia patients,202,15.6,12.1,20,07/01/2021,06/30/2024,6860473,AZ,2024,1,0,1,0,1,Planned TEFCA,5.308267697401205
031317,LA PAZ REGIONAL HOSPITAL,AZ,MORT_30_PN,Death rate for pneumonia patients,50,19.9,13.4,28.9,07/01/2021,06/30/2024,6860205,AZ,2023,0,1,1,0,0,Neither current nor planned,3.912023005428146
031318,BANNER PAYSON MEDICAL CENTER,AZ,MORT_30_HF,Death rate for heart failure patients,44,14.6,9.8,20.8,07/01/2021,06/30/2024,6860225,AZ,2024,1,0,1,0,1,Planned TEFCA,3.784189633918261
031318,BANNER PAYSON MEDICAL CENTER,AZ,MORT_30_PN,Death rate for pneumonia patients,92,17.4,12.8,23.2,07/01/2021,06/30/2024,6860225,AZ,2024,1,0,1,0,1,Planned TEFCA,4.5217885770490405
040019,FORREST CITY MEDICAL CENTER,AR,MORT_30_PN,Death rate for pneumonia patients,69,20.3,14.2,27.8,07/01/2021,06/30/2024,6710198,AR,2024,0,0,0,0,0,Neither current nor planned,4.23410650459726
040039,ARKANSAS METHODIST MEDICAL CENTER,AR,MORT_30_HF,Death rate for heart failure patients,77,11.9,7.9,17.3,07/01/2021,06/30/2024,6710510,AR,2023,0,0,1,0,0,Neither current nor planned,4.343805421853684
040039,ARKANSAS METHODIST MEDICAL CENTER,AR,MORT_30_PN,Death rate for pneumonia patients,145,15.6,11.5,20.7,07/01/2021,06/30/2024,6710510,AR,2023,0,0,1,0,0,Neither current nor planned,4.976733742420574
040050,OUACHITA COUNTY MEDICAL CENTER,AR,MORT_30_HF,Death rate for heart failure patients,34,11.6,7.3,17.6,07/01/2021,06/30/2024,6710083,AR,2024,1,0,1,0,0,Neither current nor planned,3.5263605246161616
040050,OUACHITA COUNTY MEDICAL CENTER,AR,MORT_30_PN,Death rate for pneumonia patients,74,18.7,13.2,25.8,07/01/2021,06/30/2024,6710083,AR,2024,1,0,1,0,0,Neither current nor planned,4.30406509320417
040069,GREAT RIVER MEDICAL CENTER,AR,MORT_30_PN,Death rate for pneumonia patients,67,17,11.8,23.9,07/01/2021,06/30/2024,6710055,AR,2024,0,1,1,1,0,Current TEFCA,4.204692619390966
040071,JEFFERSON REGIONAL MEDICAL CENTER,AR,MORT_30_HF,Death rate for heart failure patients,287,10.2,7.6,13.7,07/01/2021,06/30/2024,6710520,AR,2023,0,0,1,0,0,Neither current nor planned,5.659482215759621
040071,JEFFERSON REGIONAL MEDICAL CENTER,AR,MORT_30_PN,Death rate for pneumonia patients,209,16.8,13.2,21.2,07/01/2021,06/30/2024,6710520,AR,2023,0,0,1,0,0,Neither current nor planned,5.342334251964811
040088,SOUTH ARKANSAS REGIONAL HOSPITAL LLC,AR,MORT_30_HF,Death rate for heart failure patients,139,13.3,9.7,18.1,07/01/2021,06/30/2024,6710145,AR,2024,0,0,1,0,0,Neither current nor planned,4.9344739331306915
040088,SOUTH ARKANSAS REGIONAL HOSPITAL LLC,AR,MORT_30_PN,Death rate for pneumonia patients,186,19.9,15.2,25.6,07/01/2021,06/30/2024,6710145,AR,2024,0,0,1,0,0,Neither current nor planned,5.225746673713202
041330,PIGGOTT COMMUNITY HOSPITAL,AR,MORT_30_HF,Death rate for heart failure patients,41,15.8,10.3,23.6,07/01/2021,06/30/2024,6710515,AR,2023,1,0,1,0,0,Neither current nor planned,3.713572066704308
041330,PIGGOTT COMMUNITY HOSPITAL,AR,MORT_30_PN,Death rate for pneumonia patients,129,19,14.1,25.7,07/01/2021,06/30/2024,6710515,AR,2023,1,0,1,0,0,Neither current nor planned,4.859812404361672
050063,HOLLYWOOD PRESBYTERIAN MEDICAL CENTER,CA,MORT_30_HF,Death rate for heart failure patients,180,7.8,5.6,10.9,07/01/2021,06/30/2024,6931670,CA,2024,0,0,1,1,0,Current TEFCA,5.19295685089021
050063,HOLLYWOOD PRESBYTERIAN MEDICAL CENTER,CA,MORT_30_PN,Death rate for pneumonia patients,281,16,13.2,19.1,07/01/2021,06/30/2024,6931670,CA,2024,0,0,1,1,0,Current TEFCA,5.638354669333745
050090,SONOMA VALLEY HOSPITAL,CA,MORT_30_HF,Death rate for heart failure patients,38,12.4,8.2,17.8,07/01/2021,06/30/2024,6933520,CA,2024,1,1,1,1,0,Current TEFCA,3.6375861597263857
050090,SONOMA VALLEY HOSPITAL,CA,MORT_30_PN,Death rate for pneumonia patients,73,16.6,12,22.4,07/01/2021,06/30/2024,6933520,CA,2024,1,1,1,1,0,Current TEFCA,4.290459441148391
050091,COMMUNITY HOSPITAL OF HUNTINGTON PARK,CA,MORT_30_HF,Death rate for heart failure patients,61,8.7,5.5,13.3,07/01/2021,06/30/2024,6930048,CA,2023,0,0,0,0,0,Neither current nor planned,4.110873864173311
050091,COMMUNITY HOSPITAL OF HUNTINGTON PARK,CA,MORT_30_PN,Death rate for pneumonia patients,71,12.8,9.4,17.2,07/01/2021,06/30/2024,6930048,CA,2023,0,0,0,0,0,Neither current nor planned,4.2626798770413155
050093,SAINT AGNES MEDICAL CENTER,CA,MORT_30_HF,Death rate for heart failure patients,792,11.4,9.5,13.5,07/01/2021,06/30/2024,6930810,CA,2024,0,0,1,1,0,Current TEFCA,6.674561391814426
050093,SAINT AGNES MEDICAL CENTER,CA,MORT_30_PN,Death rate for pneumonia patients,938,17.5,15.5,19.7,07/01/2021,06/30/2024,6930810,CA,2024,0,0,1,1,0,Current TEFCA,6.843749949006225
050110,LOMPOC VALLEY MEDICAL CENTER,CA,MORT_30_HF,Death rate for heart failure patients,85,14.2,9.5,20.4,07/01/2021,06/30/2024,6931300,CA,2023,0,0,1,0,0,Neither current nor planned,4.442651256490317
050110,LOMPOC VALLEY MEDICAL CENTER,CA,MORT_30_PN,Death rate for pneumonia patients,137,25.1,19.8,31.6,07/01/2021,06/30/2024,6931300,CA,2023,0,0,1,0,0,Neither current nor planned,4.919980925828125
050122,DAMERON HOSPITAL,CA,MORT_30_HF,Death rate for heart failure patients,70,14.6,10,21.1,07/01/2021,06/30/2024,6933610,CA,2024,0,0,1,1,0,Current TEFCA,4.248495242049359
050122,DAMERON HOSPITAL,CA,MORT_30_PN,Death rate for pneumonia patients,125,19.7,15,25.8,07/01/2021,06/30/2024,6933610,CA,2024,0,0,1,1,0,Current TEFCA,4.8283137373023015
050152,UCSF HEALTH SAINT FRANCIS HOSPITAL,CA,MORT_30_HF,Death rate for heart failure patients,62,13,8.5,18.9,07/01/2021,06/30/2024,6933020,CA,2024,1,0,1,0,1,Planned TEFCA,4.127134385045092
050152,UCSF HEALTH SAINT FRANCIS HOSPITAL,CA,MORT_30_PN,Death rate for pneumonia patients,70,15.4,11.3,20.1,07/01/2021,06/30/2024,6933020,CA,2024,1,0,1,0,1,Planned TEFCA,4.248495242049359
050159,VENTURA COUNTY MEDICAL CENTER,CA,MORT_30_HF,Death rate for heart failure patients,98,13.9,9.8,19,07/01/2021,06/30/2024,6933820,CA,2024,1,0,1,0,0,Neither current nor planned,4.584967478670572
050159,VENTURA COUNTY MEDICAL CENTER,CA,MORT_30_PN,Death rate for pneumonia patients,127,17.4,12.7,22.8,07/01/2021,06/30/2024,6933820,CA,2024,1,0,1,0,0,Neither current nor planned,4.844187086458591
050180,JOHN MUIR MEDICAL CENTER - WALNUT CREEK CAMPUS,CA,MORT_30_HF,Death rate for heart failure patients,679,9.3,7.7,11.2,07/01/2021,06/30/2024,6933853,CA,2024,1,1,0,0,1,Planned TEFCA,6.520621127558696
050180,JOHN MUIR MEDICAL CENTER - WALNUT CREEK CAMPUS,CA,MORT_30_PN,Death rate for pneumonia patients,756,13.3,11.6,15.3,07/01/2021,06/30/2024,6933853,CA,2024,1,1,0,0,1,Planned TEFCA,6.628041376179533
050204,PALMDALE REGIONAL MEDICAL CENTER,CA,MORT_30_HF,Death rate for heart failure patients,140,10.7,7.5,14.8,07/01/2021,06/30/2024,6931180,CA,2024,1,0,1,0,0,Neither current nor planned,4.941642422609304
050204,PALMDALE REGIONAL MEDICAL CENTER,CA,MORT_30_PN,Death rate for pneumonia patients,182,18.4,14.4,23.2,07/01/2021,06/30/2024,6931180,CA,2024,1,0,1,0,0,Neither current nor planned,5.204006687076795
050231,POMONA VALLEY HOSPITAL MEDICAL CENTER,CA,MORT_30_HF,Death rate for heart failure patients,320,8.5,6.5,11,07/01/2021,06/30/2024,6932450,CA,2023,1,0,1,1,0,Current TEFCA,5.768320995793772
050231,POMONA VALLEY HOSPITAL MEDICAL CENTER,CA,MORT_30_PN,Death rate for pneumonia patients,165,15.6,12.3,19.8,07/01/2021,06/30/2024,6932450,CA,2023,1,0,1,1,0,Current TEFCA,5.10594547390058
050254,MARSHALL MEDICAL CENTER,CA,MORT_30_HF,Death rate for heart failure patients,246,12.4,9.3,16.3,07/01/2021,06/30/2024,6932440,CA,2024,1,1,1,0,1,Planned TEFCA,5.5053315359323625
050254,MARSHALL MEDICAL CENTER,CA,MORT_30_PN,Death rate for pneumonia patients,349,16.7,13.5,20.5,07/01/2021,06/30/2024,6932440,CA,2024,1,1,1,0,1,Planned TEFCA,5.855071922202427
050283,STANFORD HEALTH CARE TRI-VALLEY,CA,MORT_30_HF,Death rate for heart failure patients,378,10.9,8.8,13.5,07/01/2021,06/30/2024,6930107,CA,2023,1,1,1,0,1,Planned TEFCA,5.934894195619588
050283,STANFORD HEALTH CARE TRI-VALLEY,CA,MORT_30_PN,Death rate for pneumonia patients,356,11.8,9.6,14.4,07/01/2021,06/30/2024,6930107,CA,2023,1,1,1,0,1,Planned TEFCA,5.87493073085203
050334,SALINAS VALLEY MEMORIAL HOSPITAL,CA,MORT_30_HF,Death rate for heart failure patients,607,10.4,8.5,12.6,07/01/2021,06/30/2024,6932745,CA,2023,1,1,1,0,1,Planned TEFCA,6.408528791059498
050334,SALINAS VALLEY MEMORIAL HOSPITAL,CA,MORT_30_PN,Death rate for pneumonia patients,439,11.9,9.5,14.5,07/01/2021,06/30/2024,6932745,CA,2023,1,1,1,0,1,Planned TEFCA,6.0844994130751715
050352,BARTON MEMORIAL HOSPITAL,CA,MORT_30_HF,Death rate for heart failure patients,41,11.2,7.1,17.2,07/01/2021,06/30/2024,6933659,CA,2023,1,1,0,0,0,Neither current nor planned,3.713572066704308
050352,BARTON MEMORIAL HOSPITAL,CA,MORT_30_PN,Death rate for pneumonia patients,84,14.2,9.5,20.3,07/01/2021,06/30/2024,6933659,CA,2023,1,1,0,0,0,Neither current nor planned,4.430816798843313
050394,COMMUNITY MEMORIAL HOSPITAL - VENTURA,CA,MORT_30_HF,Death rate for heart failure patients,257,14.1,11,17.8,07/01/2021,06/30/2024,6930131,CA,2023,1,0,0,0,0,Neither current nor planned,5.54907608489522
050394,COMMUNITY MEMORIAL HOSPITAL - VENTURA,CA,MORT_30_PN,Death rate for pneumonia patients,290,20,16.2,24.2,07/01/2021,06/30/2024,6930131,CA,2023,1,0,0,0,0,Neither current nor planned,5.66988092298052
050457,UCSF HEALTH ST. MARY'S HOSPITAL,CA,MORT_30_HF,Death rate for heart failure patients,210,8.5,6.4,11,07/01/2021,06/30/2024,6933050,CA,2024,1,0,1,0,1,Planned TEFCA,5.3471075307174685
050457,UCSF HEALTH ST. MARY'S HOSPITAL,CA,MORT_30_PN,Death rate for pneumonia patients,122,9.5,7,12.5,07/01/2021,06/30/2024,6933050,CA,2024,1,0,1,0,1,Planned TEFCA,4.804021044733257
050468,MEMORIAL HOSPITAL OF GARDENA,CA,MORT_30_HF,Death rate for heart failure patients,85,8.5,5.7,12.4,07/01/2021,06/30/2024,6930827,CA,2024,0,0,1,0,1,Planned TEFCA,4.442651256490317
050468,MEMORIAL HOSPITAL OF GARDENA,CA,MORT_30_PN,Death rate for pneumonia patients,174,12.8,10.1,16,07/01/2021,06/30/2024,6930827,CA,2024,0,0,1,0,1,Planned TEFCA,5.159055299214529
050496,JOHN MUIR MEDICAL CENTER - CONCORD CAMPUS,CA,MORT_30_HF,Death rate for heart failure patients,501,8.9,7,11.2,07/01/2021,06/30/2024,6930480,CA,2024,1,1,0,0,1,Planned TEFCA,6.2166061010848646
050496,JOHN MUIR MEDICAL CENTER - CONCORD CAMPUS,CA,MORT_30_PN,Death rate for pneumonia patients,350,12.7,10.2,15.6,07/01/2021,06/30/2024,6930480,CA,2024,1,1,0,0,1,Planned TEFCA,5.857933154483459
050641,EAST LOS ANGELES DOCTORS HOSPITAL,CA,MORT_30_HF,Death rate for heart failure patients,28,11.6,7.5,17.1,07/01/2021,06/30/2024,6931387,CA,2023,0,0,1,0,1,Planned TEFCA,3.332204510175204
050641,EAST LOS ANGELES DOCTORS HOSPITAL,CA,MORT_30_PN,Death rate for pneumonia patients,33,16.7,11.9,22.7,07/01/2021,06/30/2024,6931387,CA,2023,0,0,1,0,1,Planned TEFCA,3.4965075614664802
050780,FOOTHILL REGIONAL MEDICAL CENTER,CA,MORT_30_HF,Death rate for heart failure patients,38,10.4,6.8,15.6,07/01/2021,06/30/2024,6930374,CA,2023,0,1,1,0,1,Planned TEFCA,3.6375861597263857
050780,FOOTHILL REGIONAL MEDICAL CENTER,CA,MORT_30_PN,Death rate for pneumonia patients,148,12.5,9.6,16,07/01/2021,06/30/2024,6930374,CA,2023,0,1,1,0,1,Planned TEFCA,4.997212273764115
050782,CASA COLINA HOSPITAL,CA,MORT_30_PN,Death rate for pneumonia patients,25,14.5,9.7,21.1,07/01/2021,06/30/2024,6930399,CA,2024,1,0,0,0,0,Neither current nor planned,3.2188758248682006
051304,JOHN C FREMONT HEALTHCARE DISTRICT,CA,MORT_30_PN,Death rate for pneumonia patients,35,15.2,9.7,23,07/01/2021,06/30/2024,6931850,CA,2023,1,0,0,0,0,Neither current nor planned,3.5553480614894135
051316,FAIRCHILD MEDICAL CENTER,CA,MORT_30_HF,Death rate for heart failure patients,54,12.6,8.1,19.8,07/01/2021,06/30/2024,6933940,CA,2023,0,0,1,0,0,Neither current nor planned,3.9889840465642745
051316,FAIRCHILD MEDICAL CENTER,CA,MORT_30_PN,Death rate for pneumonia patients,112,18.4,13.4,24.7,07/01/2021,06/30/2024,6933940,CA,2023,0,0,1,0,0,Neither current nor planned,4.718498871295094
051320,BANNER LASSEN MEDICAL CENTER,CA,MORT_30_HF,Death rate for heart failure patients,58,13.1,8.6,19.7,07/01/2021,06/30/2024,6933645,CA,2024,1,0,1,0,1,Planned TEFCA,4.060443010546419
051320,BANNER LASSEN MEDICAL CENTER,CA,MORT_30_PN,Death rate for pneumonia patients,99,20.5,15.1,26.6,07/01/2021,06/30/2024,6933645,CA,2024,1,0,1,0,1,Planned TEFCA,4.59511985013459
051324,NORTHERN INYO HOSPITAL,CA,MORT_30_HF,Death rate for heart failure patients,34,13.4,8.5,19.9,07/01/2021,06/30/2024,6930322,CA,2024,1,0,1,0,0,Neither current nor planned,3.5263605246161616
051324,NORTHERN INYO HOSPITAL,CA,MORT_30_PN,Death rate for pneumonia patients,47,15.9,10.8,22.8,07/01/2021,06/30/2024,6930322,CA,2024,1,0,1,0,0,Neither current nor planned,3.8501476017100584
060001,BANNER NORTH COLORADO MEDICAL CENTER,CO,MORT_30_HF,Death rate for heart failure patients,166,10.5,7.4,14.7,07/01/2021,06/30/2024,6840650,CO,2024,1,0,1,0,1,Planned TEFCA,5.111987788356544
060001,BANNER NORTH COLORADO MEDICAL CENTER,CO,MORT_30_PN,Death rate for pneumonia patients,170,18.6,14.2,24.1,07/01/2021,06/30/2024,6840650,CO,2024,1,0,1,0,1,Planned TEFCA,5.135798437050262
060004,INTERMOUNTAIN HEALTH PLATTE VALLEY HOSPITAL,CO,MORT_30_HF,Death rate for heart failure patients,54,12.7,8.2,19.7,07/01/2021,06/30/2024,6840067,CO,2023,1,1,1,0,1,Planned TEFCA,3.9889840465642745
060004,INTERMOUNTAIN HEALTH PLATTE VALLEY HOSPITAL,CO,MORT_30_PN,Death rate for pneumonia patients,47,16.2,11.1,23.1,07/01/2021,06/30/2024,6840067,CO,2023,1,1,1,0,1,Planned TEFCA,3.8501476017100584
060009,LUTHERAN MEDICAL CENTER,CO,MORT_30_HF,Death rate for heart failure patients,235,13.7,10.7,17.4,07/01/2021,06/30/2024,6840012,CO,2023,1,1,1,0,1,Planned TEFCA,5.459585514144159
060009,LUTHERAN MEDICAL CENTER,CO,MORT_30_PN,Death rate for pneumonia patients,209,18.3,14.6,22.6,07/01/2021,06/30/2024,6840012,CO,2023,1,1,1,0,1,Planned TEFCA,5.342334251964811
060011,DENVER HEALTH & HOSPITAL AUTHORITY,CO,MORT_30_HF,Death rate for heart failure patients,48,9.9,6.3,15.4,07/01/2021,06/30/2024,6840290,CO,2023,1,1,1,0,1,Planned TEFCA,3.871201010907891
060011,DENVER HEALTH & HOSPITAL AUTHORITY,CO,MORT_30_PN,Death rate for pneumonia patients,46,14.6,10.1,20.7,07/01/2021,06/30/2024,6840290,CO,2023,1,1,1,0,1,Planned TEFCA,3.828641396489095
060023,INTERMOUNTAIN HEALTH ST. MARY'S REGIONAL HOSPITAL,CO,MORT_30_HF,Death rate for heart failure patients,233,14.6,11.1,18.8,07/01/2021,06/30/2024,6840625,CO,2023,1,1,1,0,1,Planned TEFCA,5.4510384535657
060023,INTERMOUNTAIN HEALTH ST. MARY'S REGIONAL HOSPITAL,CO,MORT_30_PN,Death rate for pneumonia patients,206,21.4,17,26.3,07/01/2021,06/30/2024,6840625,CO,2023,1,1,1,0,1,Planned TEFCA,5.327876168789581
060028,SAINT JOSEPH HOSPITAL,CO,MORT_30_HF,Death rate for heart failure patients,102,10.6,7.4,14.9,07/01/2021,06/30/2024,6840400,CO,2023,1,1,1,0,1,Planned TEFCA,4.624972813284271
060028,SAINT JOSEPH HOSPITAL,CO,MORT_30_PN,Death rate for pneumonia patients,94,13,9.1,18.3,07/01/2021,06/30/2024,6840400,CO,2023,1,1,1,0,1,Planned TEFCA,4.543294782270004
060030,BANNER NORTH CO MEDICAL CENTER - LOVELAND CAMPUS,CO,MORT_30_HF,Death rate for heart failure patients,84,11.8,8,16.8,07/01/2021,06/30/2024,6840782,CO,2024,1,0,1,0,1,Planned TEFCA,4.430816798843313
060030,BANNER NORTH CO MEDICAL CENTER - LOVELAND CAMPUS,CO,MORT_30_PN,Death rate for pneumonia patients,80,15.5,10.9,21.5,07/01/2021,06/30/2024,6840782,CO,2024,1,0,1,0,1,Planned TEFCA,4.382026634673881
060071,DELTA COUNTY MEMORIAL HOSPITAL,CO,MORT_30_HF,Death rate for heart failure patients,57,14.1,9.3,20.7,07/01/2021,06/30/2024,6840240,CO,2024,0,0,1,0,1,Planned TEFCA,4.04305126783455
060071,DELTA COUNTY MEMORIAL HOSPITAL,CO,MORT_30_PN,Death rate for pneumonia patients,78,18,12.5,25.6,07/01/2021,06/30/2024,6840240,CO,2024,0,0,1,0,1,Planned TEFCA,4.356708826689592
060076,STERLING REGIONAL MEDCENTER,CO,MORT_30_HF,Death rate for heart failure patients,35,11.6,7.4,17.9,07/01/2021,06/30/2024,6840920,CO,2024,1,0,1,0,1,Planned TEFCA,3.5553480614894135
060076,STERLING REGIONAL MEDCENTER,CO,MORT_30_PN,Death rate for pneumonia patients,72,17.2,12.5,23.4,07/01/2021,06/30/2024,6840920,CO,2024,1,0,1,0,1,Planned TEFCA,4.276666119016055
060116,GOOD SAMARITAN MEDICAL CENTER LLC,CO,MORT_30_HF,Death rate for heart failure patients,79,9.6,6.4,14.4,07/01/2021,06/30/2024,6840021,CO,2023,1,1,1,0,1,Planned TEFCA,4.3694478524670215
060116,GOOD SAMARITAN MEDICAL CENTER LLC,CO,MORT_30_PN,Death rate for pneumonia patients,109,16.5,11.8,22.7,07/01/2021,06/30/2024,6840021,CO,2023,1,1,1,0,1,Planned TEFCA,4.6913478822291435
061303,EAST MORGAN COUNTY HOSPITAL,CO,MORT_30_PN,Death rate for pneumonia patients,61,17.9,12.4,25.4,07/01/2021,06/30/2024,6840070,CO,2024,1,0,1,0,1,Planned TEFCA,4.110873864173311
061321,MT SAN RAFAEL HOSPITAL,CO,MORT_30_PN,Death rate for pneumonia patients,29,14.4,9,22.8,07/01/2021,06/30/2024,6840940,CO,2023,0,0,0,0,0,Neither current nor planned,3.367295829986474
070002,ST FRANCIS HOSPITAL & MEDICAL CENTER,CT,MORT_30_HF,Death rate for heart failure patients,755,12.2,10.4,14.2,07/01/2021,06/30/2024,6160004,CT,2024,0,1,1,1,0,Current TEFCA,6.626717749249025
070002,ST FRANCIS HOSPITAL & MEDICAL CENTER,CT,MORT_30_PN,Death rate for pneumonia patients,397,16.2,13.6,18.9,07/01/2021,06/30/2024,6160004,CT,2024,0,1,1,1,0,Current TEFCA,5.983936280687191
070005,WATERBURY HOSPITAL,CT,MORT_30_HF,Death rate for heart failure patients,366,10.8,8.6,13.3,07/01/2021,06/30/2024,6160750,CT,2023,0,0,1,0,1,Planned TEFCA,5.902633333401366
070005,WATERBURY HOSPITAL,CT,MORT_30_PN,Death rate for pneumonia patients,323,12.8,10.4,15.7,07/01/2021,06/30/2024,6160750,CT,2023,0,0,1,0,1,Planned TEFCA,5.777652323222656
070007,LAWRENCE & MEMORIAL HOSPITAL,CT,MORT_30_HF,Death rate for heart failure patients,461,10.4,8.4,12.8,07/01/2021,06/30/2024,6160480,CT,2024,1,1,1,0,1,Planned TEFCA,6.133398042996649
070007,LAWRENCE & MEMORIAL HOSPITAL,CT,MORT_30_PN,Death rate for pneumonia patients,495,15.7,13.2,18.6,07/01/2021,06/30/2024,6160480,CT,2024,1,1,1,0,1,Planned TEFCA,6.20455776256869
070008,JOHNSON MEMORIAL HOSPITAL,CT,MORT_30_HF,Death rate for heart failure patients,73,13.3,9.1,18.4,07/01/2021,06/30/2024,6160650,CT,2024,0,1,1,1,0,Current TEFCA,4.290459441148391
070008,JOHNSON MEMORIAL HOSPITAL,CT,MORT_30_PN,Death rate for pneumonia patients,88,18,13,24,07/01/2021,06/30/2024,6160650,CT,2024,0,1,1,1,0,Current TEFCA,4.477336814478207
070010,BRIDGEPORT HOSPITAL,CT,MORT_30_HF,Death rate for heart failure patients,673,9,7.4,10.9,07/01/2021,06/30/2024,6160002,CT,2024,1,1,1,0,1,Planned TEFCA,6.511745329644728
070010,BRIDGEPORT HOSPITAL,CT,MORT_30_PN,Death rate for pneumonia patients,864,11.8,10.3,13.5,07/01/2021,06/30/2024,6160002,CT,2024,1,1,1,0,1,Planned TEFCA,6.761572768804055
070016,SAINT MARY'S HOSPITAL,CT,MORT_30_HF,Death rate for heart failure patients,260,14,11,17.7,07/01/2021,06/30/2024,6160740,CT,2024,0,1,1,1,0,Current TEFCA,5.560681631015528
070016,SAINT MARY'S HOSPITAL,CT,MORT_30_PN,Death rate for pneumonia patients,279,16.9,13.8,20.7,07/01/2021,06/30/2024,6160740,CT,2024,0,1,1,1,0,Current TEFCA,5.631211781821365
070018,GREENWICH HOSPITAL ASSOCIATION -,CT,MORT_30_HF,Death rate for heart failure patients,409,8.6,6.9,10.6,07/01/2021,06/30/2024,6160160,CT,2024,1,1,1,0,1,Planned TEFCA,6.013715156042802
070018,GREENWICH HOSPITAL ASSOCIATION -,CT,MORT_30_PN,Death rate for pneumonia patients,639,14,12.2,15.9,07/01/2021,06/30/2024,6160160,CT,2024,1,1,1,0,1,Planned TEFCA,6.459904454377535
070022,YALE-NEW HAVEN HOSPITAL,CT,MORT_30_HF,Death rate for heart failure patients,1199,8,6.8,9.4,07/01/2021,06/30/2024,6160400,CT,2024,1,1,1,0,1,Planned TEFCA,7.089243155027514
070022,YALE-NEW HAVEN HOSPITAL,CT,MORT_30_PN,Death rate for pneumonia patients,1425,11.5,10.2,12.8,07/01/2021,06/30/2024,6160400,CT,2024,1,1,1,0,1,Planned TEFCA,7.261927092702751
070031,GRIFFIN HOSPITAL,CT,MORT_30_HF,Death rate for heart failure patients,191,12.7,9.3,16.9,07/01/2021,06/30/2024,6160120,CT,2023,0,0,1,1,0,Current TEFCA,5.25227342804663
070031,GRIFFIN HOSPITAL,CT,MORT_30_PN,Death rate for pneumonia patients,153,17.2,13,22.1,07/01/2021,06/30/2024,6160120,CT,2023,0,0,1,1,0,Current TEFCA,5.030437921392435
070036,JOHN DEMPSEY HOSPITAL OF THE UNIVERSITY OF CONNECT,CT,MORT_30_HF,Death rate for heart failure patients,307,16.1,13.2,19.5,07/01/2021,06/30/2024,6160215,CT,2024,1,1,1,0,1,Planned TEFCA,5.726847747587197
070036,JOHN DEMPSEY HOSPITAL OF THE UNIVERSITY OF CONNECT,CT,MORT_30_PN,Death rate for pneumonia patients,344,13.1,10.6,16.1,07/01/2021,06/30/2024,6160215,CT,2024,1,1,1,0,1,Planned TEFCA,5.840641657373398
080001,CHRISTIANA HOSPITAL,DE,MORT_30_HF,Death rate for heart failure patients,2244,9.6,8.4,10.8,07/01/2021,06/30/2024,6310120,DE,2023,1,1,1,0,1,Planned TEFCA,7.716015266642587
080001,CHRISTIANA HOSPITAL,DE,MORT_30_PN,Death rate for pneumonia patients,1865,14,12.6,15.6,07/01/2021,06/30/2024,6310120,DE,2023,1,1,1,0,1,Planned TEFCA,7.5310163320779155
080003,ST FRANCIS HOSPITAL,DE,MORT_30_HF,Death rate for heart failure patients,116,9.9,6.8,14.6,07/01/2021,06/30/2024,6310140,DE,2024,1,1,1,0,1,Planned TEFCA,4.7535901911063645
080003,ST FRANCIS HOSPITAL,DE,MORT_30_PN,Death rate for pneumonia patients,85,14.7,10.4,20.1,07/01/2021,06/30/2024,6310140,DE,2024,1,1,1,0,1,Planned TEFCA,4.442651256490317
080006,"TIDALHEALTH NANTICOKE, INC.",DE,MORT_30_HF,Death rate for heart failure patients,245,13.1,10,17.2,07/01/2021,06/30/2024,6310080,DE,2024,1,1,1,0,1,Planned TEFCA,5.501258210544727
080006,"TIDALHEALTH NANTICOKE, INC.",DE,MORT_30_PN,Death rate for pneumonia patients,357,15.2,12.2,18.8,07/01/2021,06/30/2024,6310080,DE,2024,1,1,1,0,1,Planned TEFCA,5.877735781779639
090003,HOWARD UNIVERSITY HOSPITAL CORP,DC,MORT_30_HF,Death rate for heart failure patients,124,10.8,7.7,15.3,07/01/2021,06/30/2024,6330100,DC,2023,0,0,1,0,0,Neither current nor planned,4.820281565605037
090003,HOWARD UNIVERSITY HOSPITAL CORP,DC,MORT_30_PN,Death rate for pneumonia patients,130,15.1,11.5,19.4,07/01/2021,06/30/2024,6330100,DC,2023,0,0,1,0,0,Neither current nor planned,4.867534450455582
100002,BETHESDA HOSPITAL EAST,FL,MORT_30_HF,Death rate for heart failure patients,537,13,10.8,15.3,07/01/2021,06/30/2024,6390050,FL,2023,1,0,1,0,1,Planned TEFCA,6.285998094508865
100002,BETHESDA HOSPITAL EAST,FL,MORT_30_PN,Death rate for pneumonia patients,824,16.9,14.8,19.1,07/01/2021,06/30/2024,6390050,FL,2023,1,0,1,0,1,Planned TEFCA,6.714170529909472
100008,BAPTIST HOSPITAL OF MIAMI,FL,MORT_30_HF,Death rate for heart failure patients,540,9.8,7.9,11.9,07/01/2021,06/30/2024,6390578,FL,2023,1,1,1,0,1,Planned TEFCA,6.29156913955832
100008,BAPTIST HOSPITAL OF MIAMI,FL,MORT_30_PN,Death rate for pneumonia patients,678,12.8,11,14.9,07/01/2021,06/30/2024,6390578,FL,2023,1,1,1,0,1,Planned TEFCA,6.519147287940395
100017,HALIFAX HEALTH MEDICAL CENTER,FL,MORT_30_HF,Death rate for heart failure patients,238,12.2,9.3,15.5,07/01/2021,06/30/2024,6390056,FL,2024,1,0,1,0,1,Planned TEFCA,5.472270673671475
100017,HALIFAX HEALTH MEDICAL CENTER,FL,MORT_30_PN,Death rate for pneumonia patients,423,18.6,15.7,22,07/01/2021,06/30/2024,6390056,FL,2024,1,0,1,0,1,Planned TEFCA,6.0473721790462776
100019,HOLMES REGIONAL MEDICAL CENTER,FL,MORT_30_HF,Death rate for heart failure patients,561,12.1,10.1,14.4,07/01/2021,06/30/2024,6390530,FL,2024,0,0,0,0,0,Neither current nor planned,6.329720905522696
100019,HOLMES REGIONAL MEDICAL CENTER,FL,MORT_30_PN,Death rate for pneumonia patients,653,14.3,12.3,16.4,07/01/2021,06/30/2024,6390530,FL,2024,0,0,0,0,0,Neither current nor planned,6.481577129276431
100073,HOLY CROSS HOSPITAL,FL,MORT_30_HF,Death rate for heart failure patients,444,9.3,7.3,11.6,07/01/2021,06/30/2024,6390230,FL,2024,1,1,1,1,0,Current TEFCA,6.095824562432225
100073,HOLY CROSS HOSPITAL,FL,MORT_30_PN,Death rate for pneumonia patients,557,14.2,12,16.6,07/01/2021,06/30/2024,6390230,FL,2024,1,1,1,1,0,Current TEFCA,6.322565239927284
100107,HCA FLORIDA LEHIGH HOSPITAL,FL,MORT_30_HF,Death rate for heart failure patients,38,11.3,7.5,16.8,07/01/2021,06/30/2024,6390488,FL,2024,1,1,1,1,0,Current TEFCA,3.6375861597263857
100107,HCA FLORIDA LEHIGH HOSPITAL,FL,MORT_30_PN,Death rate for pneumonia patients,83,16,12,21,07/01/2021,06/30/2024,6390488,FL,2024,1,1,1,1,0,Current TEFCA,4.418840607796598
100125,HOMESTEAD HOSPITAL,FL,MORT_30_HF,Death rate for heart failure patients,73,12.3,8.4,17.4,07/01/2021,06/30/2024,6390300,FL,2023,1,1,1,0,1,Planned TEFCA,4.290459441148391
100125,HOMESTEAD HOSPITAL,FL,MORT_30_PN,Death rate for pneumonia patients,146,14,10.6,18.4,07/01/2021,06/30/2024,6390300,FL,2023,1,1,1,0,1,Planned TEFCA,4.983606621708336
100135,TALLAHASSEE MEMORIAL HEALTHCARE,FL,MORT_30_HF,Death rate for heart failure patients,466,12.2,10,14.6,07/01/2021,06/30/2024,6391030,FL,2024,0,0,0,0,0,Neither current nor planned,6.1441856341256456
100135,TALLAHASSEE MEMORIAL HEALTHCARE,FL,MORT_30_PN,Death rate for pneumonia patients,437,17.2,14.5,20,07/01/2021,06/30/2024,6391030,FL,2024,0,0,0,0,0,Neither current nor planned,6.07993319509559
100154,SOUTH MIAMI HOSPITAL,FL,MORT_30_HF,Death rate for heart failure patients,321,12.3,9.8,15.2,07/01/2021,06/30/2024,6390994,FL,2023,1,1,1,0,1,Planned TEFCA,5.771441123130016
100154,SOUTH MIAMI HOSPITAL,FL,MORT_30_PN,Death rate for pneumonia patients,327,13,10.5,16,07/01/2021,06/30/2024,6390994,FL,2023,1,1,1,0,1,Planned TEFCA,5.7899601708972535
100168,BOCA RATON REGIONAL HOSPITAL,FL,MORT_30_HF,Death rate for heart failure patients,989,11.7,10.2,13.4,07/01/2021,06/30/2024,6390038,FL,2023,1,0,1,0,1,Planned TEFCA,6.8966943316227125
100168,BOCA RATON REGIONAL HOSPITAL,FL,MORT_30_PN,Death rate for pneumonia patients,1277,15.6,13.9,17.4,07/01/2021,06/30/2024,6390038,FL,2023,1,0,1,0,1,Planned TEFCA,7.152268856032539
100253,JUPITER MEDICAL CENTER,FL,MORT_30_HF,Death rate for heart failure patients,512,11.3,9.2,13.6,07/01/2021,06/30/2024,6393411,FL,2023,1,0,1,0,1,Planned TEFCA,6.238324625039508
100253,JUPITER MEDICAL CENTER,FL,MORT_30_PN,Death rate for pneumonia patients,897,14,12.2,15.9,07/01/2021,06/30/2024,6393411,FL,2023,1,0,1,0,1,Planned TEFCA,6.799055862058796
100296,DOCTORS HOSPITAL,FL,MORT_30_HF,Death rate for heart failure patients,122,8.4,6,11.6,07/01/2021,06/30/2024,6390105,FL,2023,1,1,1,0,1,Planned TEFCA,4.804021044733257
100296,DOCTORS HOSPITAL,FL,MORT_30_PN,Death rate for pneumonia patients,168,10.3,7.7,13.5,07/01/2021,06/30/2024,6390105,FL,2023,1,1,1,0,1,Planned TEFCA,5.123963979403259
100314,WEST KENDALL BAPTIST HOSPITAL,FL,MORT_30_HF,Death rate for heart failure patients,157,9.6,7.1,13.2,07/01/2021,06/30/2024,6390420,FL,2023,1,1,1,0,1,Planned TEFCA,5.056245805348308
100314,WEST KENDALL BAPTIST HOSPITAL,FL,MORT_30_PN,Death rate for pneumonia patients,251,12,9.6,14.9,07/01/2021,06/30/2024,6390420,FL,2023,1,1,1,0,1,Planned TEFCA,5.5254529391317835
100316,PALM BAY HOSPITAL,FL,MORT_30_HF,Death rate for heart failure patients,184,13.1,9.8,17.2,07/01/2021,06/30/2024,6390124,FL,2023,0,0,0,0,0,Neither current nor planned,5.214935757608986
100316,PALM BAY HOSPITAL,FL,MORT_30_PN,Death rate for pneumonia patients,263,15.7,12.7,18.8,07/01/2021,06/30/2024,6390124,FL,2023,0,0,0,0,0,Neither current nor planned,5.572154032177765
100330,HALIFAX HEALTH /UF HEALTH MEDICAL CENTER OF DELTON,FL,MORT_30_PN,Death rate for pneumonia patients,59,14.9,10.3,21,07/01/2021,06/30/2024,6390755,FL,2024,1,0,1,0,1,Planned TEFCA,4.07753744390572
100350,UCF LAKE NONA HOSPITAL,FL,MORT_30_HF,Death rate for heart failure patients,40,12.8,8.3,18.9,07/01/2021,06/30/2024,6390758,FL,2024,1,0,1,0,0,Neither current nor planned,3.6888794541139363
100350,UCF LAKE NONA HOSPITAL,FL,MORT_30_PN,Death rate for pneumonia patients,56,15.8,10.8,22.5,07/01/2021,06/30/2024,6390758,FL,2024,1,0,1,0,0,Neither current nor planned,4.02535169073515
101313,MARINERS HOSPITAL,FL,MORT_30_PN,Death rate for pneumonia patients,45,12.2,7.6,19.1,07/01/2021,06/30/2024,6390306,FL,2023,1,1,1,0,1,Planned TEFCA,3.8066624897703196
110006,ST MARY'S HOSPITAL,GA,MORT_30_HF,Death rate for heart failure patients,168,12.5,9.1,17.2,07/01/2021,06/30/2024,6380050,GA,2024,0,1,1,1,0,Current TEFCA,5.123963979403259
110006,ST MARY'S HOSPITAL,GA,MORT_30_PN,Death rate for pneumonia patients,181,20.1,15.7,25.7,07/01/2021,06/30/2024,6380050,GA,2024,0,1,1,1,0,Current TEFCA,5.198497031265826
110025,SOUTHEAST GEORGIA HEALTH SYSTEM- BRUNSWICK CAMPUS,GA,MORT_30_HF,Death rate for heart failure patients,475,11.3,9.1,14,07/01/2021,06/30/2024,6380340,GA,2024,1,1,1,1,0,Current TEFCA,6.163314804034641
110025,SOUTHEAST GEORGIA HEALTH SYSTEM- BRUNSWICK CAMPUS,GA,MORT_30_PN,Death rate for pneumonia patients,523,15.3,12.9,18.3,07/01/2021,06/30/2024,6380340,GA,2024,1,1,1,1,0,Current TEFCA,6.259581464064923
110027,"TY COBB REGIONAL MEDICAL CENTER, LLC",GA,MORT_30_HF,Death rate for heart failure patients,57,12,7.8,17.6,07/01/2021,06/30/2024,6389226,GA,2024,1,1,1,1,0,Current TEFCA,4.04305126783455
110027,"TY COBB REGIONAL MEDICAL CENTER, LLC",GA,MORT_30_PN,Death rate for pneumonia patients,141,14.8,10.6,20.1,07/01/2021,06/30/2024,6389226,GA,2024,1,1,1,1,0,Current TEFCA,4.948759890378168
110032,STEPHENS COUNTY HOSPITAL,GA,MORT_30_HF,Death rate for heart failure patients,48,10.6,6.8,16.1,07/01/2021,06/30/2024,6381170,GA,2023,0,1,1,0,0,Neither current nor planned,3.871201010907891
110032,STEPHENS COUNTY HOSPITAL,GA,MORT_30_PN,Death rate for pneumonia patients,75,18.5,12.9,25.3,07/01/2021,06/30/2024,6381170,GA,2023,0,1,1,0,0,Neither current nor planned,4.31748811353631
110035,WELLSTAR KENNESTONE REGIONAL MEDICAL CENTER,GA,MORT_30_HF,Death rate for heart failure patients,1076,9.4,7.9,11.1,07/01/2021,06/30/2024,6380775,GA,2023,0,0,0,0,0,Neither current nor planned,6.98100574072173
110035,WELLSTAR KENNESTONE REGIONAL MEDICAL CENTER,GA,MORT_30_PN,Death rate for pneumonia patients,994,14.9,13,16.8,07/01/2021,06/30/2024,6380775,GA,2023,0,0,0,0,0,Neither current nor planned,6.901737206656574
110038,ARCHBOLD MEMORIAL HOSPITAL,GA,MORT_30_HF,Death rate for heart failure patients,229,12.6,9.3,16.3,07/01/2021,06/30/2024,6381140,GA,2024,1,0,1,1,0,Current TEFCA,5.43372200355424
110038,ARCHBOLD MEMORIAL HOSPITAL,GA,MORT_30_PN,Death rate for pneumonia patients,254,17.9,14.6,21.6,07/01/2021,06/30/2024,6381140,GA,2024,1,0,1,1,0,Current TEFCA,5.537334267018537
110079,GRADY MEMORIAL HOSPITAL,GA,MORT_30_HF,Death rate for heart failure patients,170,11.4,8.2,15.5,07/01/2021,06/30/2024,6380130,GA,2023,1,1,1,0,0,Neither current nor planned,5.135798437050262
110079,GRADY MEMORIAL HOSPITAL,GA,MORT_30_PN,Death rate for pneumonia patients,106,14.9,11.2,19.4,07/01/2021,06/30/2024,6380130,GA,2023,1,1,1,0,0,Neither current nor planned,4.663439094112067
110095,TIFT REGIONAL MEDICAL CENTER,GA,MORT_30_HF,Death rate for heart failure patients,194,10.8,7.6,15.1,07/01/2021,06/30/2024,6381160,GA,2023,1,0,1,0,0,Neither current nor planned,5.267858159063328
110095,TIFT REGIONAL MEDICAL CENTER,GA,MORT_30_PN,Death rate for pneumonia patients,237,19.3,15.1,23.9,07/01/2021,06/30/2024,6381160,GA,2023,1,0,1,0,0,Neither current nor planned,5.4680601411351315
110121,GRADY GENERAL HOSPITAL,GA,MORT_30_PN,Death rate for pneumonia patients,30,20.4,14.1,28.5,07/01/2021,06/30/2024,6380360,GA,2024,1,0,1,1,0,Current TEFCA,3.4011973816621555
110128,MEMORIAL HEALTH MEADOWS HOSPITAL,GA,MORT_30_HF,Death rate for heart failure patients,135,11.4,7.8,16.4,07/01/2021,06/30/2024,6381201,GA,2024,0,0,0,0,0,Neither current nor planned,4.90527477843843
110128,MEMORIAL HEALTH MEADOWS HOSPITAL,GA,MORT_30_PN,Death rate for pneumonia patients,130,14.6,10.5,20.1,07/01/2021,06/30/2024,6381201,GA,2024,0,0,0,0,0,Neither current nor planned,4.867534450455582
110146,SOUTHEAST GEORGIA HEALTH SYSTEM -- CAMDEN CAMPUS,GA,MORT_30_HF,Death rate for heart failure patients,43,10.5,6.7,16.7,07/01/2021,06/30/2024,6380985,GA,2023,1,0,0,0,1,Planned TEFCA,3.7612001156935624
110146,SOUTHEAST GEORGIA HEALTH SYSTEM -- CAMDEN CAMPUS,GA,MORT_30_PN,Death rate for pneumonia patients,64,16.5,11.4,23.5,07/01/2021,06/30/2024,6380985,GA,2023,1,0,0,0,1,Planned TEFCA,4.1588830833596715
111329,ST MARYS GOOD SAMARITAN HOSPITAL,GA,MORT_30_HF,Death rate for heart failure patients,56,10.8,6.8,16.7,07/01/2021,06/30/2024,6380635,GA,2024,1,1,1,1,0,Current TEFCA,4.02535169073515
111329,ST MARYS GOOD SAMARITAN HOSPITAL,GA,MORT_30_PN,Death rate for pneumonia patients,94,15.5,10.5,22.2,07/01/2021,06/30/2024,6380635,GA,2024,1,1,1,1,0,Current TEFCA,4.543294782270004
111335,LIBERTY REGIONAL MEDICAL CENTER,GA,MORT_30_PN,Death rate for pneumonia patients,27,15,10,21.8,07/01/2021,06/30/2024,6380652,GA,2023,1,0,1,0,0,Neither current nor planned,3.295836866004329
130007,SAINT ALPHONSUS REGIONAL MEDICAL CENTER,ID,MORT_30_HF,Death rate for heart failure patients,260,14.4,11.3,18.3,07/01/2021,06/30/2024,6820040,ID,2024,0,1,1,1,0,Current TEFCA,5.560681631015528
130007,SAINT ALPHONSUS REGIONAL MEDICAL CENTER,ID,MORT_30_PN,Death rate for pneumonia patients,189,14.5,11.1,19.1,07/01/2021,06/30/2024,6820040,ID,2024,0,1,1,1,0,Current TEFCA,5.241747015059643
130013,SAINT ALPHONSUS MEDICAL CENTER - NAMPA,ID,MORT_30_HF,Death rate for heart failure patients,129,9.2,6.2,13.4,07/01/2021,06/30/2024,6820240,ID,2024,0,1,1,1,0,Current TEFCA,4.859812404361672
130013,SAINT ALPHONSUS MEDICAL CENTER - NAMPA,ID,MORT_30_PN,Death rate for pneumonia patients,120,13,9.3,17.9,07/01/2021,06/30/2024,6820240,ID,2024,0,1,1,1,0,Current TEFCA,4.787491742782046
131305,STEELE MEMORIAL MEDICAL CENTER,ID,MORT_30_HF,Death rate for heart failure patients,26,12.3,7.9,18.7,07/01/2021,06/30/2024,6820355,ID,2023,0,0,1,0,0,Neither current nor planned,3.258096538021482
131305,STEELE MEMORIAL MEDICAL CENTER,ID,MORT_30_PN,Death rate for pneumonia patients,32,15.1,9.8,23.2,07/01/2021,06/30/2024,6820355,ID,2023,0,0,1,0,0,Neither current nor planned,3.4657359027997265
131320,CLEARWATER VALLEY HOSPITAL & CLINICS,ID,MORT_30_HF,Death rate for heart failure patients,40,17.2,11.2,25.1,07/01/2021,06/30/2024,6820265,ID,2023,0,0,0,0,0,Neither current nor planned,3.6888794541139363
131320,CLEARWATER VALLEY HOSPITAL & CLINICS,ID,MORT_30_PN,Death rate for pneumonia patients,48,18.2,12.3,26.6,07/01/2021,06/30/2024,6820265,ID,2023,0,0,0,0,0,Neither current nor planned,3.871201010907891
131322,FRANKLIN COUNTY MEDICAL CENTER,ID,MORT_30_HF,Death rate for heart failure patients,35,10.8,6.5,17.3,07/01/2021,06/30/2024,6820310,ID,2023,0,0,0,0,0,Neither current nor planned,3.5553480614894135
131322,FRANKLIN COUNTY MEDICAL CENTER,ID,MORT_30_PN,Death rate for pneumonia patients,46,19,11.9,29,07/01/2021,06/30/2024,6820310,ID,2023,0,0,0,0,0,Neither current nor planned,3.828641396489095
131326,CASSIA REGIONAL HOSPITAL,ID,MORT_30_HF,Death rate for heart failure patients,42,14,8.9,20.6,07/01/2021,06/30/2024,6820075,ID,2023,1,1,1,0,1,Planned TEFCA,3.7376696182833684
131326,CASSIA REGIONAL HOSPITAL,ID,MORT_30_PN,Death rate for pneumonia patients,105,16.3,11.1,23,07/01/2021,06/30/2024,6820075,ID,2023,1,1,1,0,1,Planned TEFCA,4.653960350157523
131327,GRITMAN MEDICAL CENTER,ID,MORT_30_HF,Death rate for heart failure patients,38,15.1,10,22.2,07/01/2021,06/30/2024,6820220,ID,2024,0,1,1,1,0,Current TEFCA,3.6375861597263857
131327,GRITMAN MEDICAL CENTER,ID,MORT_30_PN,Death rate for pneumonia patients,60,18.7,12.7,26.5,07/01/2021,06/30/2024,6820220,ID,2024,0,1,1,1,0,Current TEFCA,4.0943445622221
131328,BONNER GENERAL HOSPITAL,ID,MORT_30_PN,Death rate for pneumonia patients,34,20.6,13.5,31.4,07/01/2021,06/30/2024,6820360,ID,2023,0,0,1,0,0,Neither current nor planned,3.5263605246161616
140008,LOYOLA GOTTLIEB MEMORIAL HOSPITAL,IL,MORT_30_HF,Death rate for heart failure patients,290,10.2,7.6,13.3,07/01/2021,06/30/2024,6432435,IL,2024,1,1,1,0,1,Planned TEFCA,5.66988092298052
140008,LOYOLA GOTTLIEB MEMORIAL HOSPITAL,IL,MORT_30_PN,Death rate for pneumonia patients,206,16.4,12.8,20.2,07/01/2021,06/30/2024,6432435,IL,2024,1,1,1,0,1,Planned TEFCA,5.327876168789581
140018,MT SINAI HOSPITAL MEDICAL CENTER,IL,MORT_30_HF,Death rate for heart failure patients,75,9.9,6.5,14.5,07/01/2021,06/30/2024,6430930,IL,2024,0,1,0,0,0,Neither current nor planned,4.31748811353631
140018,MT SINAI HOSPITAL MEDICAL CENTER,IL,MORT_30_PN,Death rate for pneumonia patients,49,15.3,10.5,21.8,07/01/2021,06/30/2024,6430930,IL,2024,0,1,0,0,0,Neither current nor planned,3.8918202981106265
140029,COPLEY MEMORIAL HOSPITAL,IL,MORT_30_HF,Death rate for heart failure patients,402,9.8,7.8,12.2,07/01/2021,06/30/2024,6430100,IL,2024,1,1,1,0,1,Planned TEFCA,5.996452088619021
140029,COPLEY MEMORIAL HOSPITAL,IL,MORT_30_PN,Death rate for pneumonia patients,503,15.4,12.9,18,07/01/2021,06/30/2024,6430100,IL,2024,1,1,1,0,1,Planned TEFCA,6.220590170099739
140054,MACNEAL  HOSPITAL,IL,MORT_30_HF,Death rate for heart failure patients,236,12.8,9.7,16.4,07/01/2021,06/30/2024,6430240,IL,2024,1,1,1,0,1,Planned TEFCA,5.4638318050256105
140054,MACNEAL  HOSPITAL,IL,MORT_30_PN,Death rate for pneumonia patients,221,14.6,11.3,18.3,07/01/2021,06/30/2024,6430240,IL,2024,1,1,1,0,1,Planned TEFCA,5.3981627015177525
140063,RUSH OAK PARK HOSPITAL,IL,MORT_30_HF,Death rate for heart failure patients,225,7.5,5.4,10.6,07/01/2021,06/30/2024,6432420,IL,2024,1,1,1,0,1,Planned TEFCA,5.41610040220442
140063,RUSH OAK PARK HOSPITAL,IL,MORT_30_PN,Death rate for pneumonia patients,216,11,8.4,14.2,07/01/2021,06/30/2024,6432420,IL,2024,1,1,1,0,1,Planned TEFCA,5.375278407684165
140082,LOUIS A WEISS MEMORIAL HOSPITAL,IL,MORT_30_HF,Death rate for heart failure patients,93,8.7,5.8,13.1,07/01/2021,06/30/2024,6430835,IL,2023,1,0,1,0,0,Neither current nor planned,4.532599493153256
140082,LOUIS A WEISS MEMORIAL HOSPITAL,IL,MORT_30_PN,Death rate for pneumonia patients,178,14.9,11.6,18.6,07/01/2021,06/30/2024,6430835,IL,2023,1,0,1,0,0,Neither current nor planned,5.181783550292085
140089,MC DONOUGH DISTRICT HOSPITAL,IL,MORT_30_HF,Death rate for heart failure patients,55,15.7,10.8,22.2,07/01/2021,06/30/2024,6432137,IL,2023,1,0,0,0,0,Neither current nor planned,4.007333185232471
140089,MC DONOUGH DISTRICT HOSPITAL,IL,MORT_30_PN,Death rate for pneumonia patients,120,17.3,12.9,22.5,07/01/2021,06/30/2024,6432137,IL,2023,1,0,0,0,0,Neither current nor planned,4.787491742782046
140101,MORRIS HOSPITAL & HEALTHCARE CENTERS,IL,MORT_30_HF,Death rate for heart failure patients,241,10.4,7.7,13.8,07/01/2021,06/30/2024,6432300,IL,2024,0,0,0,0,1,Planned TEFCA,5.484796933490655
140101,MORRIS HOSPITAL & HEALTHCARE CENTERS,IL,MORT_30_PN,Death rate for pneumonia patients,255,16,12.6,19.9,07/01/2021,06/30/2024,6432300,IL,2024,0,0,0,0,1,Planned TEFCA,5.541263545158426
140115,THOREK MEMORIAL HOSPITAL,IL,MORT_30_PN,Death rate for pneumonia patients,38,13.4,9.1,19.2,07/01/2021,06/30/2024,6430400,IL,2023,1,1,1,0,0,Neither current nor planned,3.6375861597263857
140133,HOLY CROSS HOSPITAL,IL,MORT_30_HF,Death rate for heart failure patients,111,7.9,5.3,11.5,07/01/2021,06/30/2024,6430700,IL,2024,0,1,0,0,0,Neither current nor planned,4.709530201312334
140133,HOLY CROSS HOSPITAL,IL,MORT_30_PN,Death rate for pneumonia patients,72,17.8,13.6,22.8,07/01/2021,06/30/2024,6430700,IL,2024,0,1,0,0,0,Neither current nor planned,4.276666119016055
140135,DECATUR MEMORIAL HOSPITAL,IL,MORT_30_HF,Death rate for heart failure patients,357,12,9.5,14.9,07/01/2021,06/30/2024,6431370,IL,2023,0,1,0,0,0,Neither current nor planned,5.877735781779639
140135,DECATUR MEMORIAL HOSPITAL,IL,MORT_30_PN,Death rate for pneumonia patients,460,17.6,15,20.4,07/01/2021,06/30/2024,6431370,IL,2023,0,1,0,0,0,Neither current nor planned,6.131226489483141
140172,FRANCISCAN HEALTH OLYMPIA & CHICAGO HEIGHTS,IL,MORT_30_HF,Death rate for heart failure patients,403,8.8,6.9,11.3,07/01/2021,06/30/2024,6430028,IL,2024,0,0,1,0,0,Neither current nor planned,5.998936561946683
140172,FRANCISCAN HEALTH OLYMPIA & CHICAGO HEIGHTS,IL,MORT_30_PN,Death rate for pneumonia patients,284,15.8,13,19.1,07/01/2021,06/30/2024,6430028,IL,2024,0,0,1,0,0,Neither current nor planned,5.648974238161206
140210,HARRISBURG MEDICAL CENTER,IL,MORT_30_HF,Death rate for heart failure patients,30,13.1,8.1,20.3,07/01/2021,06/30/2024,6431830,IL,2024,0,1,0,0,0,Neither current nor planned,3.4011973816621555
140210,HARRISBURG MEDICAL CENTER,IL,MORT_30_PN,Death rate for pneumonia patients,67,20.3,14.2,27.7,07/01/2021,06/30/2024,6431830,IL,2024,0,1,0,0,0,Neither current nor planned,4.204692619390966
140239,JAVON BEA HOSPITAL,IL,MORT_30_HF,Death rate for heart failure patients,242,10.3,7.5,13.6,07/01/2021,06/30/2024,6430484,IL,2024,1,1,0,1,0,Current TEFCA,5.488937726156687
140239,JAVON BEA HOSPITAL,IL,MORT_30_PN,Death rate for pneumonia patients,142,14.9,11.1,19.6,07/01/2021,06/30/2024,6430484,IL,2024,1,1,0,1,0,Current TEFCA,4.955827057601261
140275,GENESIS HLTH SYSTEM DBA GENESIS MDL CTR-ILLINI,IL,MORT_30_HF,Death rate for heart failure patients,81,12,8,17.3,07/01/2021,06/30/2024,6431511,IL,2024,1,0,1,1,0,Current TEFCA,4.394449154672439
140275,GENESIS HLTH SYSTEM DBA GENESIS MDL CTR-ILLINI,IL,MORT_30_PN,Death rate for pneumonia patients,106,16.4,11.9,22.1,07/01/2021,06/30/2024,6431511,IL,2024,1,0,1,1,0,Current TEFCA,4.663439094112067
140276,LOYOLA UNIVERSITY MEDICAL CENTER,IL,MORT_30_HF,Death rate for heart failure patients,467,9.1,7.1,11.5,07/01/2021,06/30/2024,6430841,IL,2024,1,1,1,0,1,Planned TEFCA,6.1463292576688975
140276,LOYOLA UNIVERSITY MEDICAL CENTER,IL,MORT_30_PN,Death rate for pneumonia patients,246,15,11.8,18.6,07/01/2021,06/30/2024,6430841,IL,2024,1,1,1,0,1,Planned TEFCA,5.5053315359323625
141319,HAMMOND HENRY HOSPITAL,IL,MORT_30_PN,Death rate for pneumonia patients,70,16.9,11.6,23.9,07/01/2021,06/30/2024,6431760,IL,2024,1,0,0,0,1,Planned TEFCA,4.248495242049359
141320,PARIS COMMUNITY HOSPITAL,IL,MORT_30_PN,Death rate for pneumonia patients,28,16,10.4,23.8,07/01/2021,06/30/2024,6432500,IL,2023,0,0,0,0,0,Neither current nor planned,3.332204510175204
141326,HAMILTON MEMORIAL HOSPITAL,IL,MORT_30_HF,Death rate for heart failure patients,29,12,7.8,17.6,07/01/2021,06/30/2024,6432192,IL,2024,0,1,1,0,0,Neither current nor planned,3.367295829986474
141326,HAMILTON MEMORIAL HOSPITAL,IL,MORT_30_PN,Death rate for pneumonia patients,68,19.7,13.3,28.3,07/01/2021,06/30/2024,6432192,IL,2024,0,1,1,0,0,Neither current nor planned,4.219507705176107
141341,PANA COMMUNITY HOSPITAL,IL,MORT_30_PN,Death rate for pneumonia patients,40,16.6,10.4,24.5,07/01/2021,06/30/2024,6432490,IL,2023,1,0,0,1,0,Current TEFCA,3.6888794541139363
141347,CARLINVILLE AREA HOSPITAL,IL,MORT_30_HF,Death rate for heart failure patients,29,12,7.7,17.6,07/01/2021,06/30/2024,6430337,IL,2023,1,0,0,0,0,Neither current nor planned,3.367295829986474
141347,CARLINVILLE AREA HOSPITAL,IL,MORT_30_PN,Death rate for pneumonia patients,70,16,11.4,22.5,07/01/2021,06/30/2024,6430337,IL,2023,1,0,0,0,0,Neither current nor planned,4.248495242049359
150002,METHODIST HOSPITALS INC,IN,MORT_30_HF,Death rate for heart failure patients,321,12.3,9.4,15.9,07/01/2021,06/30/2024,6420495,IN,2024,1,1,1,0,1,Planned TEFCA,5.771441123130016
150002,METHODIST HOSPITALS INC,IN,MORT_30_PN,Death rate for pneumonia patients,296,16.1,13.1,19.4,07/01/2021,06/30/2024,6420495,IN,2024,1,1,1,0,1,Planned TEFCA,5.69035945432406
150005,HENDRICKS REGIONAL HEALTH,IN,MORT_30_HF,Death rate for heart failure patients,229,11.5,8.6,14.9,07/01/2021,06/30/2024,6420235,IN,2024,0,1,1,0,1,Planned TEFCA,5.43372200355424
150005,HENDRICKS REGIONAL HEALTH,IN,MORT_30_PN,Death rate for pneumonia patients,285,14.6,11.4,18.7,07/01/2021,06/30/2024,6420235,IN,2024,0,1,1,0,1,Planned TEFCA,5.652489180268651
150011,MARION GENERAL HOSPITAL,IN,MORT_30_HF,Death rate for heart failure patients,215,10.7,7.7,14.5,07/01/2021,06/30/2024,6420920,IN,2024,0,0,1,0,0,Neither current nor planned,5.3706380281276624
150011,MARION GENERAL HOSPITAL,IN,MORT_30_PN,Death rate for pneumonia patients,199,18,13.7,23.4,07/01/2021,06/30/2024,6420920,IN,2024,0,0,1,0,0,Neither current nor planned,5.293304824724492
150012,SAINT JOSEPH REGIONAL MEDICAL CENTER,IN,MORT_30_HF,Death rate for heart failure patients,408,14.4,11.8,17.4,07/01/2021,06/30/2024,6421300,IN,2024,1,1,1,1,0,Current TEFCA,6.0112671744041615
150012,SAINT JOSEPH REGIONAL MEDICAL CENTER,IN,MORT_30_PN,Death rate for pneumonia patients,375,20.1,17,23.9,07/01/2021,06/30/2024,6421300,IN,2024,1,1,1,1,0,Current TEFCA,5.926926025970411
150072,MEMORIAL HOSPITAL,IN,MORT_30_HF,Death rate for heart failure patients,68,10.8,7.1,16.3,07/01/2021,06/30/2024,6420880,IN,2023,1,0,1,0,0,Neither current nor planned,4.219507705176107
150072,MEMORIAL HOSPITAL,IN,MORT_30_PN,Death rate for pneumonia patients,83,19.2,13.6,27,07/01/2021,06/30/2024,6420880,IN,2023,1,0,1,0,0,Neither current nor planned,4.418840607796598
150076,SAINT JOSEPH REGIONAL MEDICAL CENTER - PLYMOUTH,IN,MORT_30_HF,Death rate for heart failure patients,116,12.2,8.5,17.4,07/01/2021,06/30/2024,6421150,IN,2024,1,1,1,0,0,Neither current nor planned,4.7535901911063645
150076,SAINT JOSEPH REGIONAL MEDICAL CENTER - PLYMOUTH,IN,MORT_30_PN,Death rate for pneumonia patients,105,17.9,13,24,07/01/2021,06/30/2024,6421150,IN,2024,1,1,1,0,0,Neither current nor planned,4.653960350157523
150097,MAJOR HOSPITAL,IN,MORT_30_HF,Death rate for heart failure patients,95,10.6,7.3,14.9,07/01/2021,06/30/2024,6421270,IN,2023,1,0,1,0,1,Planned TEFCA,4.553876891600541
150097,MAJOR HOSPITAL,IN,MORT_30_PN,Death rate for pneumonia patients,148,14.9,11.2,19.3,07/01/2021,06/30/2024,6421270,IN,2023,1,0,1,0,1,Planned TEFCA,4.997212273764115
151332,DECATUR COUNTY MEMORIAL HOSPITAL,IN,MORT_30_HF,Death rate for heart failure patients,43,14.1,8.8,21.3,07/01/2021,06/30/2024,6420530,IN,2023,0,0,1,1,0,Current TEFCA,3.7612001156935624
151332,DECATUR COUNTY MEMORIAL HOSPITAL,IN,MORT_30_PN,Death rate for pneumonia patients,124,19.1,14.4,24.9,07/01/2021,06/30/2024,6420530,IN,2023,0,0,1,1,0,Current TEFCA,4.820281565605037
160030,MARY GREELEY MEDICAL CENTER,IA,MORT_30_HF,Death rate for heart failure patients,425,13.2,10.6,16.4,07/01/2021,06/30/2024,6620055,IA,2023,1,1,1,0,1,Planned TEFCA,6.052089168924417
160030,MARY GREELEY MEDICAL CENTER,IA,MORT_30_PN,Death rate for pneumonia patients,368,16,12.9,19.8,07/01/2021,06/30/2024,6620055,IA,2023,1,1,1,0,1,Planned TEFCA,5.908082938168931
160032,MERCYONE NEWTON MEDICAL CENTER,IA,MORT_30_HF,Death rate for heart failure patients,72,12.4,8.8,16.9,07/01/2021,06/30/2024,6621020,IA,2024,0,0,1,0,0,Neither current nor planned,4.276666119016055
160032,MERCYONE NEWTON MEDICAL CENTER,IA,MORT_30_PN,Death rate for pneumonia patients,56,16.2,11.6,21.7,07/01/2021,06/30/2024,6621020,IA,2024,0,0,1,0,0,Neither current nor planned,4.02535169073515
160033,GENESIS MEDICAL CENTER-DAVENPORT,IA,MORT_30_HF,Death rate for heart failure patients,557,11.8,9.6,14.2,07/01/2021,06/30/2024,6620004,IA,2024,1,0,1,1,0,Current TEFCA,6.322565239927284
160033,GENESIS MEDICAL CENTER-DAVENPORT,IA,MORT_30_PN,Death rate for pneumonia patients,651,16.5,14.2,19.2,07/01/2021,06/30/2024,6620004,IA,2024,1,0,1,1,0,Current TEFCA,6.478509642208569
160040,"SARTORI MEMORIAL HOSPITAL, INC",IA,MORT_30_PN,Death rate for pneumonia patients,25,14.8,9.6,21.9,07/01/2021,06/30/2024,6620160,IA,2024,0,0,1,0,0,Neither current nor planned,3.2188758248682006
160064,MERCYONE NORTH IOWA MEDICAL CENTER,IA,MORT_30_HF,Death rate for heart failure patients,442,14.7,12.2,17.7,07/01/2021,06/30/2024,6620002,IA,2024,0,0,1,0,0,Neither current nor planned,6.091309882077698
160064,MERCYONE NORTH IOWA MEDICAL CENTER,IA,MORT_30_PN,Death rate for pneumonia patients,404,15.5,12.7,18.9,07/01/2021,06/30/2024,6620002,IA,2024,0,0,1,0,0,Neither current nor planned,6.0014148779611505
160067,MERCYONE WATERLOO MEDICAL CENTER,IA,MORT_30_HF,Death rate for heart failure patients,134,11.5,7.9,16.2,07/01/2021,06/30/2024,6621375,IA,2024,0,0,1,0,0,Neither current nor planned,4.897839799950911
160067,MERCYONE WATERLOO MEDICAL CENTER,IA,MORT_30_PN,Death rate for pneumonia patients,146,17.1,12.6,22.3,07/01/2021,06/30/2024,6621375,IA,2024,0,0,1,0,0,Neither current nor planned,4.983606621708336
160069,MERCYONE DUBUQUE MEDICAL CENTER,IA,MORT_30_HF,Death rate for heart failure patients,176,12.3,9,16.6,07/01/2021,06/30/2024,6620495,IA,2024,0,0,1,0,0,Neither current nor planned,5.170483995038151
160069,MERCYONE DUBUQUE MEDICAL CENTER,IA,MORT_30_PN,Death rate for pneumonia patients,176,15,11.1,19.8,07/01/2021,06/30/2024,6620495,IA,2024,0,0,1,0,0,Neither current nor planned,5.170483995038151
160079,MERCY MEDICAL CENTER - CEDAR RAPIDS,IA,MORT_30_HF,Death rate for heart failure patients,390,10.7,8.3,13.6,07/01/2021,06/30/2024,6620170,IA,2023,0,0,1,0,0,Neither current nor planned,5.966146739123692
160079,MERCY MEDICAL CENTER - CEDAR RAPIDS,IA,MORT_30_PN,Death rate for pneumonia patients,508,14.9,12.3,17.9,07/01/2021,06/30/2024,6620170,IA,2023,0,0,1,0,0,Neither current nor planned,6.230481447578482
160080,MERCYONE CLINTON MEDICAL CENTER,IA,MORT_30_HF,Death rate for heart failure patients,173,12.3,9.1,16.5,07/01/2021,06/30/2024,6620265,IA,2024,0,0,1,0,0,Neither current nor planned,5.153291594497779
160080,MERCYONE CLINTON MEDICAL CENTER,IA,MORT_30_PN,Death rate for pneumonia patients,272,19.5,15.7,24,07/01/2021,06/30/2024,6620265,IA,2024,0,0,1,0,0,Neither current nor planned,5.605802066295998
160083,MERCYONE DES MOINES MEDICAL CENTER,IA,MORT_30_HF,Death rate for heart failure patients,644,12.8,10.7,15.3,07/01/2021,06/30/2024,6620003,IA,2024,1,0,1,0,1,Planned TEFCA,6.467698726104354
160083,MERCYONE DES MOINES MEDICAL CENTER,IA,MORT_30_PN,Death rate for pneumonia patients,508,17.1,14.3,20.2,07/01/2021,06/30/2024,6620003,IA,2024,1,0,1,0,1,Planned TEFCA,6.230481447578482
160124,LAKES REGIONAL HEALTHCARE,IA,MORT_30_HF,Death rate for heart failure patients,79,17.5,12.5,24.4,07/01/2021,06/30/2024,6621311,IA,2024,1,0,1,0,0,Neither current nor planned,4.3694478524670215
160124,LAKES REGIONAL HEALTHCARE,IA,MORT_30_PN,Death rate for pneumonia patients,132,17.6,12.7,23.3,07/01/2021,06/30/2024,6621311,IA,2024,1,0,1,0,0,Neither current nor planned,4.882801922586371
160153,MERCYONE SIOUXLAND MEDICAL CENTER,IA,MORT_30_HF,Death rate for heart failure patients,187,13.3,9.8,17.5,07/01/2021,06/30/2024,6621275,IA,2024,0,0,1,0,0,Neither current nor planned,5.231108616854587
160153,MERCYONE SIOUXLAND MEDICAL CENTER,IA,MORT_30_PN,Death rate for pneumonia patients,283,14.9,11.6,18.6,07/01/2021,06/30/2024,6621275,IA,2024,0,0,1,0,0,Neither current nor planned,5.645446897643238
161303,GRUNDY COUNTY MEMORIAL HOSPITAL,IA,MORT_30_PN,Death rate for pneumonia patients,35,17.3,11.2,26.4,07/01/2021,06/30/2024,6620665,IA,2023,1,1,1,0,1,Planned TEFCA,3.5553480614894135
161310,ADAIR COUNTY MEMORIAL HOSPITAL,IA,MORT_30_PN,Death rate for pneumonia patients,26,17.7,11.1,27.1,07/01/2021,06/30/2024,6620644,IA,2023,1,1,1,0,1,Planned TEFCA,3.258096538021482
161311,HAWARDEN REGIONAL HEALTHCARE,IA,MORT_30_PN,Death rate for pneumonia patients,52,15.8,10.1,24,07/01/2021,06/30/2024,6620710,IA,2024,0,0,1,0,0,Neither current nor planned,3.9512437185814275
161313,GENESIS MEDICAL CENTER-DEWITT,IA,MORT_30_PN,Death rate for pneumonia patients,34,14.9,10.3,21.5,07/01/2021,06/30/2024,6620475,IA,2024,1,0,1,1,0,Current TEFCA,3.5263605246161616
161316,GUNDERSEN PALMER LUTHERAN HOSPITAL AND CLINICS,IA,MORT_30_HF,Death rate for heart failure patients,27,11.9,7.1,19,07/01/2021,06/30/2024,6621400,IA,2023,1,1,1,0,0,Neither current nor planned,3.295836866004329
161316,GUNDERSEN PALMER LUTHERAN HOSPITAL AND CLINICS,IA,MORT_30_PN,Death rate for pneumonia patients,25,17.4,11.2,26.3,07/01/2021,06/30/2024,6621400,IA,2023,1,1,1,0,0,Neither current nor planned,3.2188758248682006
161323,MITCHELL COUNTY REGIONAL HEALTH,IA,MORT_30_HF,Death rate for heart failure patients,25,11.6,7,19.1,07/01/2021,06/30/2024,6621068,IA,2024,0,0,1,0,0,Neither current nor planned,3.2188758248682006
161323,MITCHELL COUNTY REGIONAL HEALTH,IA,MORT_30_PN,Death rate for pneumonia patients,39,20.9,14.1,30.2,07/01/2021,06/30/2024,6621068,IA,2024,0,0,1,0,0,Neither current nor planned,3.6635616461296463
161328,REGIONAL HEALTH SERVICES OF HOWARD COUNTY,IA,MORT_30_HF,Death rate for heart failure patients,28,13.1,8.4,19.8,07/01/2021,06/30/2024,6620330,IA,2024,0,0,1,0,0,Neither current nor planned,3.332204510175204
161328,REGIONAL HEALTH SERVICES OF HOWARD COUNTY,IA,MORT_30_PN,Death rate for pneumonia patients,32,16.2,10.6,24.2,07/01/2021,06/30/2024,6620330,IA,2024,0,0,1,0,0,Neither current nor planned,3.4657359027997265
161329,JACKSON COUNTY REGIONAL HEALTH CENTER,IA,MORT_30_PN,Death rate for pneumonia patients,34,19.5,12.8,28.8,07/01/2021,06/30/2024,6620895,IA,2024,1,0,1,1,0,Current TEFCA,3.5263605246161616
161334,HUMBOLDT COUNTY MEMORIAL HOSPITAL,IA,MORT_30_PN,Death rate for pneumonia patients,64,15.3,10.4,22,07/01/2021,06/30/2024,6620723,IA,2024,0,0,1,0,0,Neither current nor planned,4.1588830833596715
161336,HEGG MEMORIAL HEALTH CENTER,IA,MORT_30_PN,Death rate for pneumonia patients,40,19.1,13,26.9,07/01/2021,06/30/2024,6621202,IA,2024,1,0,1,0,0,Neither current nor planned,3.6888794541139363
161346,SIOUX CENTER HEALTH,IA,MORT_30_PN,Death rate for pneumonia patients,62,18.9,12.9,27,07/01/2021,06/30/2024,6621245,IA,2024,1,0,1,0,0,Neither current nor planned,4.127134385045092
161348,CLARKE COUNTY HOSPITAL,IA,MORT_30_HF,Death rate for heart failure patients,28,11.9,7.4,19,07/01/2021,06/30/2024,6621075,IA,2023,0,1,1,0,0,Neither current nor planned,3.332204510175204
161348,CLARKE COUNTY HOSPITAL,IA,MORT_30_PN,Death rate for pneumonia patients,44,15,9.7,22.3,07/01/2021,06/30/2024,6621075,IA,2023,0,1,1,0,0,Neither current nor planned,3.784189633918261
161351,AVERA HOLY FAMILY HOSPITAL,IA,MORT_30_HF,Death rate for heart failure patients,44,15.8,10.4,23.1,07/01/2021,06/30/2024,6620560,IA,2024,1,0,1,0,0,Neither current nor planned,3.784189633918261
161351,AVERA HOLY FAMILY HOSPITAL,IA,MORT_30_PN,Death rate for pneumonia patients,72,22.1,15.6,30.7,07/01/2021,06/30/2024,6620560,IA,2024,1,0,1,0,0,Neither current nor planned,4.276666119016055
161355,KNOXVILLE HOSPITAL & CLINICS,IA,MORT_30_PN,Death rate for pneumonia patients,53,17.6,11.9,25,07/01/2021,06/30/2024,6620830,IA,2023,0,0,1,0,0,Neither current nor planned,3.970291913552122
161356,HENRY COUNTY HEALTH CENTER,IA,MORT_30_PN,Death rate for pneumonia patients,55,18,12.3,25.5,07/01/2021,06/30/2024,6620970,IA,2023,1,0,1,0,0,Neither current nor planned,4.007333185232471
161357,PALO ALTO COUNTY HOSPITAL,IA,MORT_30_PN,Death rate for pneumonia patients,48,21.2,14.3,31,07/01/2021,06/30/2024,6620550,IA,2024,0,0,1,0,0,Neither current nor planned,3.871201010907891
161362,CHEROKEE REGIONAL MEDICAL CENTER,IA,MORT_30_HF,Death rate for heart failure patients,44,18.2,12,26.5,07/01/2021,06/30/2024,6620230,IA,2024,0,0,1,0,0,Neither current nor planned,3.784189633918261
161362,CHEROKEE REGIONAL MEDICAL CENTER,IA,MORT_30_PN,Death rate for pneumonia patients,90,19.7,13.7,27.3,07/01/2021,06/30/2024,6620230,IA,2024,0,0,1,0,0,Neither current nor planned,4.499809670330265
161363,MONTGOMERY COUNTY MEMORIAL HOSPITAL,IA,MORT_30_PN,Death rate for pneumonia patients,57,16.8,11.2,24.7,07/01/2021,06/30/2024,6621180,IA,2024,1,1,1,1,0,Current TEFCA,4.04305126783455
161364,JEFFERSON COUNTY HEALTH CENTER,IA,MORT_30_HF,Death rate for heart failure patients,47,16.5,11.1,23.4,07/01/2021,06/30/2024,6620565,IA,2024,0,1,0,0,0,Neither current nor planned,3.8501476017100584
161364,JEFFERSON COUNTY HEALTH CENTER,IA,MORT_30_PN,Death rate for pneumonia patients,72,16.3,11,23.5,07/01/2021,06/30/2024,6620565,IA,2024,0,1,0,0,0,Neither current nor planned,4.276666119016055
161366,SHENANDOAH MEDICAL CENTER,IA,MORT_30_PN,Death rate for pneumonia patients,40,18,12.4,25.3,07/01/2021,06/30/2024,6621220,IA,2023,0,0,0,0,0,Neither current nor planned,3.6888794541139363
161368,FLOYD VALLEY HEALTHCARE,IA,MORT_30_HF,Death rate for heart failure patients,26,16.7,10.8,25.1,07/01/2021,06/30/2024,6620870,IA,2024,1,0,1,0,0,Neither current nor planned,3.258096538021482
161368,FLOYD VALLEY HEALTHCARE,IA,MORT_30_PN,Death rate for pneumonia patients,54,19.1,12.8,27.4,07/01/2021,06/30/2024,6620870,IA,2024,1,0,1,0,0,Neither current nor planned,3.9889840465642745
161369,CRAWFORD COUNTY MEMORIAL HOSPITAL,IA,MORT_30_HF,Death rate for heart failure patients,37,14.5,9.1,22,07/01/2021,06/30/2024,6620385,IA,2023,1,0,1,0,0,Neither current nor planned,3.6109179126442243
161369,CRAWFORD COUNTY MEMORIAL HOSPITAL,IA,MORT_30_PN,Death rate for pneumonia patients,54,17.6,11.5,26.1,07/01/2021,06/30/2024,6620385,IA,2023,1,0,1,0,0,Neither current nor planned,3.9889840465642745
161372,BOONE COUNTY HOSPITAL,IA,MORT_30_PN,Death rate for pneumonia patients,46,16.5,10.8,24.8,07/01/2021,06/30/2024,6620100,IA,2024,1,0,1,1,0,Current TEFCA,3.828641396489095
161377,MERCYONE CENTERVILLE MEDICAL CENTER,IA,MORT_30_PN,Death rate for pneumonia patients,48,17.5,12,25.4,07/01/2021,06/30/2024,6620190,IA,2024,1,0,1,1,0,Current TEFCA,3.871201010907891
161380,HANSEN FAMILY HOSPITAL,IA,MORT_30_PN,Death rate for pneumonia patients,57,14.3,9.5,21.1,07/01/2021,06/30/2024,6620790,IA,2024,0,0,1,0,0,Neither current nor planned,4.04305126783455
170013,HAYS MEDICAL CENTER,KS,MORT_30_HF,Death rate for heart failure patients,258,9.6,7.3,12.5,07/01/2021,06/30/2024,6670004,KS,2023,1,0,1,0,1,Planned TEFCA,5.552959584921617
170013,HAYS MEDICAL CENTER,KS,MORT_30_PN,Death rate for pneumonia patients,340,16.8,14,19.9,07/01/2021,06/30/2024,6670004,KS,2023,1,0,1,0,1,Planned TEFCA,5.8289456176102075
170016,UNIVERSITY OF KANSAS HEALTH SYSTEM - ST FRANCIS CAMPUS,KS,MORT_30_HF,Death rate for heart failure patients,376,12.1,9.5,15.3,07/01/2021,06/30/2024,6671010,KS,2024,0,1,1,0,0,Neither current nor planned,5.929589143389895
170016,UNIVERSITY OF KANSAS HEALTH SYSTEM - ST FRANCIS CAMPUS,KS,MORT_30_PN,Death rate for pneumonia patients,349,18.6,15.3,22.3,07/01/2021,06/30/2024,6671010,KS,2024,0,1,1,0,0,Neither current nor planned,5.855071922202427
171310,CHEYENNE COUNTY HOSPITAL,KS,MORT_30_PN,Death rate for pneumonia patients,29,18,11.8,27.1,07/01/2021,06/30/2024,6670865,KS,2023,1,0,0,0,0,Neither current nor planned,3.367295829986474
171331,KIOWA DISTRICT HOSPITAL,KS,MORT_30_PN,Death rate for pneumonia patients,37,15.5,10,23.9,07/01/2021,06/30/2024,6670517,KS,2024,0,0,0,0,0,Neither current nor planned,3.6109179126442243
171333,CLARA BARTON HOSPITAL,KS,MORT_30_HF,Death rate for heart failure patients,52,16.7,11.3,24.3,07/01/2021,06/30/2024,6670385,KS,2024,1,0,1,0,1,Planned TEFCA,3.9512437185814275
171333,CLARA BARTON HOSPITAL,KS,MORT_30_PN,Death rate for pneumonia patients,56,19.5,13,28.1,07/01/2021,06/30/2024,6670385,KS,2024,1,0,1,0,1,Planned TEFCA,4.02535169073515
171338,GREAT PLAINS OF SABETHA,KS,MORT_30_PN,Death rate for pneumonia patients,45,15.7,9.9,24,07/01/2021,06/30/2024,6670860,KS,2023,1,0,1,0,0,Neither current nor planned,3.8066624897703196
171344,WILSON MEDICAL CENTER,KS,MORT_30_PN,Death rate for pneumonia patients,35,22.3,15,31.3,07/01/2021,06/30/2024,6670700,KS,2024,0,0,1,0,0,Neither current nor planned,3.5553480614894135
171345,PAWNEE VALLEY COMMUNITY HOSPITAL,KS,MORT_30_PN,Death rate for pneumonia patients,26,16.7,10.4,25.7,07/01/2021,06/30/2024,6670535,KS,2023,1,0,1,0,1,Planned TEFCA,3.258096538021482
171346,HOSPITAL DISTRICT #6 PATTERSON HEALTH CENTER,KS,MORT_30_HF,Death rate for heart failure patients,25,10.6,6.3,17,07/01/2021,06/30/2024,6670013,KS,2023,1,0,1,0,0,Neither current nor planned,3.2188758248682006
171347,SHERIDAN COUNTY HOSPITAL,KS,MORT_30_PN,Death rate for pneumonia patients,32,14.4,9.7,20.7,07/01/2021,06/30/2024,6670402,KS,2024,0,0,0,0,0,Neither current nor planned,3.4657359027997265
171354,"COMMUNITY HOSPITAL, ONAGA AND ST MARYS CAMPUS",KS,MORT_30_PN,Death rate for pneumonia patients,50,20.2,14.3,27.7,07/01/2021,06/30/2024,6670760,KS,2023,1,0,1,1,0,Current TEFCA,3.912023005428146
171357,HILLSBORO COMMUNITY HOSPITAL,KS,MORT_30_PN,Death rate for pneumonia patients,27,17.7,11.5,26.2,07/01/2021,06/30/2024,6670370,KS,2024,1,0,1,0,1,Planned TEFCA,3.295836866004329
171359,GREELEY COUNTY HEALTH SERVICES,KS,MORT_30_PN,Death rate for pneumonia patients,37,16.4,10.7,24.1,07/01/2021,06/30/2024,6671043,KS,2024,1,0,1,0,0,Neither current nor planned,3.6109179126442243
171362,CITIZENS MEDICAL CENTER,KS,MORT_30_HF,Death rate for heart failure patients,43,11.2,7,17.1,07/01/2021,06/30/2024,6670130,KS,2024,1,1,1,1,0,Current TEFCA,3.7612001156935624
171362,CITIZENS MEDICAL CENTER,KS,MORT_30_PN,Death rate for pneumonia patients,73,19,13.4,26.7,07/01/2021,06/30/2024,6670130,KS,2024,1,1,1,1,0,Current TEFCA,4.290459441148391
171376,GIRARD MEDICAL CENTER,KS,MORT_30_PN,Death rate for pneumonia patients,45,19.5,12.7,29,07/01/2021,06/30/2024,6670290,KS,2023,0,0,1,0,0,Neither current nor planned,3.8066624897703196
171377,SMITH COUNTY MEMORIAL HOSPITAL,KS,MORT_30_PN,Death rate for pneumonia patients,54,23.1,15.9,32.8,07/01/2021,06/30/2024,6670913,KS,2023,1,0,1,0,0,Neither current nor planned,3.9889840465642745
171383,WILLIAM NEWTON HOSPITAL,KS,MORT_30_HF,Death rate for heart failure patients,63,12.7,8.5,18.5,07/01/2021,06/30/2024,6671210,KS,2024,0,0,1,0,0,Neither current nor planned,4.143134726391533
171383,WILLIAM NEWTON HOSPITAL,KS,MORT_30_PN,Death rate for pneumonia patients,129,21.7,16.6,27.4,07/01/2021,06/30/2024,6671210,KS,2024,0,0,1,0,0,Neither current nor planned,4.859812404361672
171385,COFFEY COUNTY HOSPITAL,KS,MORT_30_HF,Death rate for heart failure patients,40,12.6,8.2,19.2,07/01/2021,06/30/2024,6670088,KS,2024,0,0,1,1,0,Current TEFCA,3.6888794541139363
171385,COFFEY COUNTY HOSPITAL,KS,MORT_30_PN,Death rate for pneumonia patients,72,15.2,9.8,22.5,07/01/2021,06/30/2024,6670088,KS,2024,0,0,1,1,0,Current TEFCA,4.276666119016055
180013,THE MEDICAL CENTER (BOWLING GREEN),KY,MORT_30_HF,Death rate for heart failure patients,446,13.6,11,16.7,07/01/2021,06/30/2024,6510007,KY,2024,1,0,0,0,0,Neither current nor planned,6.100318952020064
180013,THE MEDICAL CENTER (BOWLING GREEN),KY,MORT_30_PN,Death rate for pneumonia patients,437,18,14.8,21.8,07/01/2021,06/30/2024,6510007,KY,2024,1,0,0,0,0,Neither current nor planned,6.07993319509559
180027,MURRAY-CALLOWAY COUNTY HOSPITAL,KY,MORT_30_HF,Death rate for heart failure patients,107,13.8,9.9,19.1,07/01/2021,06/30/2024,6510750,KY,2023,0,1,1,0,1,Planned TEFCA,4.672828834461906
180027,MURRAY-CALLOWAY COUNTY HOSPITAL,KY,MORT_30_PN,Death rate for pneumonia patients,230,18.4,14.4,23.2,07/01/2021,06/30/2024,6510750,KY,2023,0,1,1,0,1,Planned TEFCA,5.438079308923196
180044,PIKEVILLE MEDICAL CENTER,KY,MORT_30_HF,Death rate for heart failure patients,240,12.2,9.1,16.3,07/01/2021,06/30/2024,6510860,KY,2023,0,1,1,0,1,Planned TEFCA,5.480638923341991
180044,PIKEVILLE MEDICAL CENTER,KY,MORT_30_PN,Death rate for pneumonia patients,418,17.1,14,20.6,07/01/2021,06/30/2024,6510860,KY,2023,0,1,1,0,1,Planned TEFCA,6.035481432524756
180048,EPHRAIM MCDOWELL REGIONAL MEDICAL CENTER,KY,MORT_30_HF,Death rate for heart failure patients,212,15,11.4,19.3,07/01/2021,06/30/2024,6510140,KY,2024,1,0,1,0,1,Planned TEFCA,5.356586274672012
180048,EPHRAIM MCDOWELL REGIONAL MEDICAL CENTER,KY,MORT_30_PN,Death rate for pneumonia patients,316,18.4,14.9,22.3,07/01/2021,06/30/2024,6510140,KY,2024,1,0,1,0,1,Planned TEFCA,5.755742213586912
180079,HARRISON MEMORIAL HOSPITAL,KY,MORT_30_HF,Death rate for heart failure patients,40,14.1,9.2,20.9,07/01/2021,06/30/2024,6510130,KY,2023,0,0,1,0,0,Neither current nor planned,3.6888794541139363
180079,HARRISON MEMORIAL HOSPITAL,KY,MORT_30_PN,Death rate for pneumonia patients,100,25.2,18.5,34,07/01/2021,06/30/2024,6510130,KY,2023,0,0,1,0,0,Neither current nor planned,4.605170185988092
180102,MERCY HEALTH - LOURDES HOSPITAL,KY,MORT_30_HF,Death rate for heart failure patients,348,12.2,9.6,15.4,07/01/2021,06/30/2024,6510810,KY,2024,0,1,1,0,1,Planned TEFCA,5.8522024797744745
180102,MERCY HEALTH - LOURDES HOSPITAL,KY,MORT_30_PN,Death rate for pneumonia patients,388,17.1,14.1,20.6,07/01/2021,06/30/2024,6510810,KY,2024,0,1,1,0,1,Planned TEFCA,5.961005339623274
181301,MARCUM AND WALLACE MEMORIAL HOSPITAL,KY,MORT_30_HF,Death rate for heart failure patients,29,11.8,7.5,18.1,07/01/2021,06/30/2024,6510355,KY,2023,0,1,1,1,0,Current TEFCA,3.367295829986474
181301,MARCUM AND WALLACE MEMORIAL HOSPITAL,KY,MORT_30_PN,Death rate for pneumonia patients,74,15.9,11.4,21.6,07/01/2021,06/30/2024,6510355,KY,2023,0,1,1,1,0,Current TEFCA,4.30406509320417
181330,RUSSELL COUNTY HOSPITAL,KY,MORT_30_PN,Death rate for pneumonia patients,59,17.4,11.8,24.8,07/01/2021,06/30/2024,6511000,KY,2023,0,0,1,0,0,Neither current nor planned,4.07753744390572
190034,ABBEVILLE GENERAL HOSPITAL,LA,MORT_30_HF,Death rate for heart failure patients,78,14.9,10.3,20.9,07/01/2021,06/30/2024,6720011,LA,2023,0,0,0,0,0,Neither current nor planned,4.356708826689592
190034,ABBEVILLE GENERAL HOSPITAL,LA,MORT_30_PN,Death rate for pneumonia patients,61,14.7,9.9,21.3,07/01/2021,06/30/2024,6720011,LA,2023,0,0,0,0,0,Neither current nor planned,4.110873864173311
190050,BEAUREGARD MEMORIAL HOSPITAL,LA,MORT_30_HF,Death rate for heart failure patients,54,11.4,7.3,17.8,07/01/2021,06/30/2024,6720217,LA,2023,0,0,1,0,0,Neither current nor planned,3.9889840465642745
190050,BEAUREGARD MEMORIAL HOSPITAL,LA,MORT_30_PN,Death rate for pneumonia patients,101,18.4,13.2,25.2,07/01/2021,06/30/2024,6720217,LA,2023,0,0,1,0,0,Neither current nor planned,4.61512051684126
190054,IBERIA MEDICAL CENTER,LA,MORT_30_HF,Death rate for heart failure patients,162,13.6,10,18.1,07/01/2021,06/30/2024,6720503,LA,2023,1,0,1,0,0,Neither current nor planned,5.087596335232384
190054,IBERIA MEDICAL CENTER,LA,MORT_30_PN,Death rate for pneumonia patients,176,15.8,12.1,20.3,07/01/2021,06/30/2024,6720503,LA,2023,1,0,1,0,0,Neither current nor planned,5.170483995038151
190090,WINN PARISH MEDICAL CENTER,LA,MORT_30_PN,Death rate for pneumonia patients,99,23.8,17.4,31.6,07/01/2021,06/30/2024,6720888,LA,2023,0,0,0,1,0,Current TEFCA,4.59511985013459
190114,CLAIBORNE MEMORIAL MEDICAL CENTER,LA,MORT_30_HF,Death rate for heart failure patients,42,13.8,9.1,20.7,07/01/2021,06/30/2024,6720270,LA,2024,1,0,1,0,0,Neither current nor planned,3.7376696182833684
190114,CLAIBORNE MEMORIAL MEDICAL CENTER,LA,MORT_30_PN,Death rate for pneumonia patients,138,17.2,12.3,23.6,07/01/2021,06/30/2024,6720270,LA,2024,1,0,1,0,0,Neither current nor planned,4.927253685157205
190151,RICHARDSON MEDICAL CENTER,LA,MORT_30_PN,Death rate for pneumonia patients,54,16.9,11.3,24.4,07/01/2021,06/30/2024,6720767,LA,2023,0,0,1,0,0,Neither current nor planned,3.9889840465642745
190164,BYRD REGIONAL HOSPITAL,LA,MORT_30_HF,Death rate for heart failure patients,86,12.4,8.5,17.4,07/01/2021,06/30/2024,6720380,LA,2023,0,0,0,0,0,Neither current nor planned,4.454347296253507
190164,BYRD REGIONAL HOSPITAL,LA,MORT_30_PN,Death rate for pneumonia patients,134,17.9,13.6,23.5,07/01/2021,06/30/2024,6720380,LA,2023,0,0,0,0,0,Neither current nor planned,4.897839799950911
190176,EAST JEFFERSON GENERAL HOSPITAL,LA,MORT_30_HF,Death rate for heart failure patients,347,10.3,7.8,13.4,07/01/2021,06/30/2024,6720032,LA,2023,0,0,1,1,0,Current TEFCA,5.849324779946859
190176,EAST JEFFERSON GENERAL HOSPITAL,LA,MORT_30_PN,Death rate for pneumonia patients,317,19.4,15.9,23.4,07/01/2021,06/30/2024,6720032,LA,2023,0,0,1,1,0,Current TEFCA,5.75890177387728
190190,"CALDWELL MEMORIAL HOSPITAL, INC",LA,MORT_30_HF,Death rate for heart failure patients,27,9.9,5.9,15.7,07/01/2021,06/30/2024,6720158,LA,2023,0,0,0,0,0,Neither current nor planned,3.295836866004329
190218,SABINE MEDICAL CENTER,LA,MORT_30_PN,Death rate for pneumonia patients,57,23.4,16.2,33.3,07/01/2021,06/30/2024,6720400,LA,2023,0,1,1,0,0,Neither current nor planned,4.04305126783455
200008,NORTHERN LIGHT MERCY HOSPITAL,ME,MORT_30_HF,Death rate for heart failure patients,109,12.2,8.6,16.8,07/01/2021,06/30/2024,6110008,ME,2023,1,0,1,1,0,Current TEFCA,4.6913478822291435
200008,NORTHERN LIGHT MERCY HOSPITAL,ME,MORT_30_PN,Death rate for pneumonia patients,128,13.7,10,18.3,07/01/2021,06/30/2024,6110008,ME,2023,1,0,1,1,0,Current TEFCA,4.852030263919617
200018,NORTHERN LIGHT  A R GOULD HOSPITAL,ME,MORT_30_HF,Death rate for heart failure patients,68,12.2,8.1,17.8,07/01/2021,06/30/2024,6110480,ME,2023,1,0,1,1,0,Current TEFCA,4.219507705176107
200018,NORTHERN LIGHT  A R GOULD HOSPITAL,ME,MORT_30_PN,Death rate for pneumonia patients,111,17,12.9,22.1,07/01/2021,06/30/2024,6110480,ME,2023,1,0,1,1,0,Current TEFCA,4.709530201312334
200033,NORTHERN LIGHT EASTERN MAINE MEDICAL CENTER,ME,MORT_30_HF,Death rate for heart failure patients,481,9.7,7.8,12,07/01/2021,06/30/2024,6110050,ME,2023,1,0,1,1,0,Current TEFCA,6.175867270105761
200033,NORTHERN LIGHT EASTERN MAINE MEDICAL CENTER,ME,MORT_30_PN,Death rate for pneumonia patients,272,14.2,11.3,17.4,07/01/2021,06/30/2024,6110050,ME,2023,1,0,1,1,0,Current TEFCA,5.605802066295998
200039,MAINE GENERAL MEDICAL CENTER,ME,MORT_30_HF,Death rate for heart failure patients,204,14.9,11.6,19.2,07/01/2021,06/30/2024,6110555,ME,2023,0,0,1,0,1,Planned TEFCA,5.318119993844216
200039,MAINE GENERAL MEDICAL CENTER,ME,MORT_30_PN,Death rate for pneumonia patients,298,13.9,10.8,17.4,07/01/2021,06/30/2024,6110555,ME,2023,0,0,1,0,1,Planned TEFCA,5.697093486505405
200050,NORTHERN LIGHT MAINE COAST HOSPITAL,ME,MORT_30_HF,Death rate for heart failure patients,80,10.9,7.2,15.8,07/01/2021,06/30/2024,6110260,ME,2023,1,0,1,1,0,Current TEFCA,4.382026634673881
200050,NORTHERN LIGHT MAINE COAST HOSPITAL,ME,MORT_30_PN,Death rate for pneumonia patients,90,18.8,13.5,25.5,07/01/2021,06/30/2024,6110260,ME,2023,1,0,1,1,0,Current TEFCA,4.499809670330265
201300,NORTHERN LIGHT BLUE HILL MEMORIAL HOSPITAL,ME,MORT_30_PN,Death rate for pneumonia patients,28,14.2,9.4,21.1,07/01/2021,06/30/2024,6110150,ME,2023,1,0,1,1,0,Current TEFCA,3.332204510175204
201309,NORTHERN LIGHT MAYO HOSPITAL,ME,MORT_30_PN,Death rate for pneumonia patients,43,18.3,12.2,26.5,07/01/2021,06/30/2024,6110240,ME,2023,1,0,1,0,1,Planned TEFCA,3.7612001156935624
201313,NORTHERN LIGHT SEBASTICOOK VALLEY HOSPITAL,ME,MORT_30_PN,Death rate for pneumonia patients,50,17.8,12,25.5,07/01/2021,06/30/2024,6110410,ME,2023,1,0,1,1,0,Current TEFCA,3.912023005428146
210004,HOLY CROSS HOSPITAL,MD,MORT_30_HF,Death rate for heart failure patients,327,12.5,9.9,15.6,07/01/2021,06/30/2024,6320813,MD,2024,0,1,1,0,1,Planned TEFCA,5.7899601708972535
210004,HOLY CROSS HOSPITAL,MD,MORT_30_PN,Death rate for pneumonia patients,458,15.6,13.1,18.2,07/01/2021,06/30/2024,6320813,MD,2024,0,1,1,0,1,Planned TEFCA,6.126869184114185
210016,ADVENTIST HEALTHCARE WHITE OAK MEDICAL CENTER,MD,MORT_30_HF,Death rate for heart failure patients,406,10.6,8.3,13.3,07/01/2021,06/30/2024,6320395,MD,2023,1,0,1,0,0,Neither current nor planned,6.0063531596017325
210016,ADVENTIST HEALTHCARE WHITE OAK MEDICAL CENTER,MD,MORT_30_PN,Death rate for pneumonia patients,521,16.6,14.1,19.3,07/01/2021,06/30/2024,6320395,MD,2023,1,0,1,0,0,Neither current nor planned,6.255750041753367
210019,"TIDALHEALTH PENINSULA REGIONAL, INC",MD,MORT_30_HF,Death rate for heart failure patients,514,9.9,7.8,12.5,07/01/2021,06/30/2024,6320785,MD,2023,1,1,1,0,1,Planned TEFCA,6.2422232654551655
210019,"TIDALHEALTH PENINSULA REGIONAL, INC",MD,MORT_30_PN,Death rate for pneumonia patients,681,17.7,15.3,20.5,07/01/2021,06/30/2024,6320785,MD,2023,1,1,1,0,1,Planned TEFCA,6.523562306149512
210027,WESTERN MARYLAND REGIONAL MEDICAL CENTER,MD,MORT_30_HF,Death rate for heart failure patients,466,10.6,8.5,13.3,07/01/2021,06/30/2024,6320206,MD,2024,1,1,1,0,1,Planned TEFCA,6.1441856341256456
210027,WESTERN MARYLAND REGIONAL MEDICAL CENTER,MD,MORT_30_PN,Death rate for pneumonia patients,615,16.1,13.8,18.7,07/01/2021,06/30/2024,6320206,MD,2024,1,1,1,0,1,Planned TEFCA,6.421622267806518
210032,UNION HOSPITAL OF CECIL COUNTY,MD,MORT_30_HF,Death rate for heart failure patients,299,10,7.4,13.3,07/01/2021,06/30/2024,6320500,MD,2023,1,1,1,0,1,Planned TEFCA,5.700443573390687
210032,UNION HOSPITAL OF CECIL COUNTY,MD,MORT_30_PN,Death rate for pneumonia patients,338,16,12.9,20,07/01/2021,06/30/2024,6320500,MD,2023,1,1,1,0,1,Planned TEFCA,5.823045895483019
210057,ADVENTIST HEALTHCARE SHADY GROVE MEDICAL CENTER,MD,MORT_30_HF,Death rate for heart failure patients,437,11.9,9.5,14.6,07/01/2021,06/30/2024,6320775,MD,2023,1,0,1,0,0,Neither current nor planned,6.07993319509559
210057,ADVENTIST HEALTHCARE SHADY GROVE MEDICAL CENTER,MD,MORT_30_PN,Death rate for pneumonia patients,683,17.8,15.5,20.3,07/01/2021,06/30/2024,6320775,MD,2023,1,0,1,0,0,Neither current nor planned,6.52649485957079
210060,ADVENTIST HEALTHCARE FORT WASHINGTON MEDICAL CTR,MD,MORT_30_HF,Death rate for heart failure patients,100,9.5,6.3,14.3,07/01/2021,06/30/2024,6320008,MD,2023,1,0,1,0,0,Neither current nor planned,4.605170185988092
210060,ADVENTIST HEALTHCARE FORT WASHINGTON MEDICAL CTR,MD,MORT_30_PN,Death rate for pneumonia patients,154,18.3,14.1,23.1,07/01/2021,06/30/2024,6320008,MD,2023,1,0,1,0,0,Neither current nor planned,5.0369526024136295
210065,HOLY CROSS GERMANTOWN HOSPITAL,MD,MORT_30_HF,Death rate for heart failure patients,167,10.7,7.8,14.5,07/01/2021,06/30/2024,6320391,MD,2024,0,1,1,0,1,Planned TEFCA,5.117993812416755
210065,HOLY CROSS GERMANTOWN HOSPITAL,MD,MORT_30_PN,Death rate for pneumonia patients,216,17.7,14.2,21.9,07/01/2021,06/30/2024,6320391,MD,2024,0,1,1,0,1,Planned TEFCA,5.375278407684165
220001,UMASS MEMORIAL HEALTHALLIANCE HOSPITALS,MA,MORT_30_HF,Death rate for heart failure patients,333,9.7,7.5,12.4,07/01/2021,06/30/2024,6140008,MA,2024,1,1,1,1,0,Current TEFCA,5.808142489980444
220001,UMASS MEMORIAL HEALTHALLIANCE HOSPITALS,MA,MORT_30_PN,Death rate for pneumonia patients,389,14.1,11.5,17,07/01/2021,06/30/2024,6140008,MA,2024,1,1,1,1,0,Current TEFCA,5.963579343618446
220010,MERRIMACK HEALTH LAWRENCE HOSPITAL,MA,MORT_30_HF,Death rate for heart failure patients,461,11.6,9.2,14.4,07/01/2021,06/30/2024,6141170,MA,2023,0,1,1,0,1,Planned TEFCA,6.133398042996649
220010,MERRIMACK HEALTH LAWRENCE HOSPITAL,MA,MORT_30_PN,Death rate for pneumonia patients,424,16.6,13.8,19.6,07/01/2021,06/30/2024,6141170,MA,2023,0,1,1,0,1,Planned TEFCA,6.049733455231958
220015,"COOLEY DICKINSON HOSPITAL INC,THE",MA,MORT_30_HF,Death rate for heart failure patients,400,12.8,10,16.1,07/01/2021,06/30/2024,6141570,MA,2023,1,1,1,0,1,Planned TEFCA,5.991464547107982
220015,"COOLEY DICKINSON HOSPITAL INC,THE",MA,MORT_30_PN,Death rate for pneumonia patients,361,15.4,12.3,18.9,07/01/2021,06/30/2024,6141570,MA,2023,1,1,1,0,1,Planned TEFCA,5.8888779583328805
220016,BAYSTATE FRANKLIN MEDICAL CENTER,MA,MORT_30_HF,Death rate for heart failure patients,255,11.8,8.8,15.6,07/01/2021,06/30/2024,6141020,MA,2024,1,0,1,0,1,Planned TEFCA,5.541263545158426
220016,BAYSTATE FRANKLIN MEDICAL CENTER,MA,MORT_30_PN,Death rate for pneumonia patients,216,13.9,10.5,17.9,07/01/2021,06/30/2024,6141020,MA,2024,1,0,1,0,1,Planned TEFCA,5.375278407684165
220019,UMASS MEMORIAL HEALTH - HARRINGTON HOSPITAL,MA,MORT_30_HF,Death rate for heart failure patients,239,11.4,8.5,15,07/01/2021,06/30/2024,6141890,MA,2024,1,1,1,1,0,Current TEFCA,5.476463551931511
220019,UMASS MEMORIAL HEALTH - HARRINGTON HOSPITAL,MA,MORT_30_PN,Death rate for pneumonia patients,258,17.5,13.8,21.8,07/01/2021,06/30/2024,6141890,MA,2024,1,1,1,1,0,Current TEFCA,5.552959584921617
220030,BAYSTATE WING HOSPITAL,MA,MORT_30_HF,Death rate for heart failure patients,358,9,6.9,11.8,07/01/2021,06/30/2024,6141660,MA,2024,1,0,1,0,1,Planned TEFCA,5.8805329864007
220030,BAYSTATE WING HOSPITAL,MA,MORT_30_PN,Death rate for pneumonia patients,296,17.3,13.8,21.8,07/01/2021,06/30/2024,6141660,MA,2024,1,0,1,0,1,Planned TEFCA,5.69035945432406
220035,NORTH SHORE MEDICAL CENTER -,MA,MORT_30_HF,Death rate for heart failure patients,1052,8.3,7,9.8,07/01/2021,06/30/2024,6140002,MA,2023,1,1,1,0,1,Planned TEFCA,6.9584483932976555
220035,NORTH SHORE MEDICAL CENTER -,MA,MORT_30_PN,Death rate for pneumonia patients,953,10.7,9.2,12.5,07/01/2021,06/30/2024,6140002,MA,2023,1,1,1,0,1,Planned TEFCA,6.859614903654202
220049,UMASS MEMORIAL HEALTHCARE-MARLBOROUGH HOSPITAL,MA,MORT_30_HF,Death rate for heart failure patients,201,11.1,8.4,14.7,07/01/2021,06/30/2024,6141300,MA,2024,1,1,1,1,0,Current TEFCA,5.303304908059076
220049,UMASS MEMORIAL HEALTHCARE-MARLBOROUGH HOSPITAL,MA,MORT_30_PN,Death rate for pneumonia patients,235,12.3,9.5,15.7,07/01/2021,06/30/2024,6141300,MA,2024,1,1,1,1,0,Current TEFCA,5.459585514144159
220060,BETH ISRAEL DEACONESS HOSPITAL PLYMOUTH,MA,MORT_30_HF,Death rate for heart failure patients,700,8.7,7,10.6,07/01/2021,06/30/2024,6141720,MA,2023,0,0,1,0,0,Neither current nor planned,6.551080335043404
220060,BETH ISRAEL DEACONESS HOSPITAL PLYMOUTH,MA,MORT_30_PN,Death rate for pneumonia patients,861,12.2,10.4,14.3,07/01/2021,06/30/2024,6141720,MA,2023,0,0,1,0,0,Neither current nor planned,6.7580945044277305
220065,BAYSTATE NOBLE HOSPITAL,MA,MORT_30_HF,Death rate for heart failure patients,208,10.9,8.1,14.7,07/01/2021,06/30/2024,6142200,MA,2024,1,0,1,0,1,Planned TEFCA,5.337538079701318
220065,BAYSTATE NOBLE HOSPITAL,MA,MORT_30_PN,Death rate for pneumonia patients,175,13.7,10.3,18,07/01/2021,06/30/2024,6142200,MA,2024,1,0,1,0,1,Planned TEFCA,5.1647859739235145
220066,MERCY MEDICAL CTR,MA,MORT_30_HF,Death rate for heart failure patients,354,12.5,9.9,15.7,07/01/2021,06/30/2024,6141940,MA,2024,0,0,1,1,0,Current TEFCA,5.869296913133774
220066,MERCY MEDICAL CTR,MA,MORT_30_PN,Death rate for pneumonia patients,256,21.2,17.3,25.5,07/01/2021,06/30/2024,6141940,MA,2024,0,0,1,1,0,Current TEFCA,5.545177444479562
220071,MASSACHUSETTS GENERAL HOSPITAL,MA,MORT_30_HF,Death rate for heart failure patients,1479,6.6,5.7,7.8,07/01/2021,06/30/2024,6140430,MA,2023,1,1,1,0,1,Planned TEFCA,7.2991214627108
220071,MASSACHUSETTS GENERAL HOSPITAL,MA,MORT_30_PN,Death rate for pneumonia patients,1187,12.8,11.4,14.5,07/01/2021,06/30/2024,6140430,MA,2023,1,1,1,0,1,Planned TEFCA,7.079184394609668
220077,BAYSTATE MEDICAL CENTER,MA,MORT_30_HF,Death rate for heart failure patients,1378,12,10.5,13.6,07/01/2021,06/30/2024,6141955,MA,2024,1,0,1,0,1,Planned TEFCA,7.228388451573604
220077,BAYSTATE MEDICAL CENTER,MA,MORT_30_PN,Death rate for pneumonia patients,893,17,14.9,19.2,07/01/2021,06/30/2024,6141955,MA,2024,1,0,1,0,1,Planned TEFCA,6.794586580876499
220090,MILFORD REGIONAL MEDICAL CENTER,MA,MORT_30_HF,Death rate for heart failure patients,627,9.5,7.6,11.7,07/01/2021,06/30/2024,6141395,MA,2024,0,0,1,1,0,Current TEFCA,6.440946540632921
220090,MILFORD REGIONAL MEDICAL CENTER,MA,MORT_30_PN,Death rate for pneumonia patients,777,15.5,13.4,17.8,07/01/2021,06/30/2024,6141395,MA,2024,0,0,1,1,0,Current TEFCA,6.655440350367647
220101,NEWTON-WELLESLEY HOSPITAL,MA,MORT_30_HF,Death rate for heart failure patients,979,8.9,7.6,10.5,07/01/2021,06/30/2024,6141530,MA,2023,1,1,1,0,1,Planned TEFCA,6.88653164253051
220101,NEWTON-WELLESLEY HOSPITAL,MA,MORT_30_PN,Death rate for pneumonia patients,763,13.3,11.4,15.3,07/01/2021,06/30/2024,6141530,MA,2023,1,1,1,0,1,Planned TEFCA,6.637258031284457
220163,UMASS MEMORIAL MEDICAL CENTER/UNIVERSITY CAMPUS,MA,MORT_30_HF,Death rate for heart failure patients,928,10.6,9,12.3,07/01/2021,06/30/2024,6141095,MA,2024,1,1,1,1,0,Current TEFCA,6.833031732786201
220163,UMASS MEMORIAL MEDICAL CENTER/UNIVERSITY CAMPUS,MA,MORT_30_PN,Death rate for pneumonia patients,1077,12.4,10.8,14.1,07/01/2021,06/30/2024,6141095,MA,2024,1,1,1,1,0,Current TEFCA,6.981934677156389
230002,ST JOE MERCY HOSPITAL SYSTEM LIVONIA,MI,MORT_30_HF,Death rate for heart failure patients,656,11.6,9.5,13.8,07/01/2021,06/30/2024,6441669,MI,2024,1,1,1,1,0,Current TEFCA,6.486160788944089
230002,ST JOE MERCY HOSPITAL SYSTEM LIVONIA,MI,MORT_30_PN,Death rate for pneumonia patients,533,17.7,15.2,20.3,07/01/2021,06/30/2024,6441669,MI,2024,1,1,1,1,0,Current TEFCA,6.278521424165844
230005,PROMEDICA CHARLES AND VIRGINIA HICKMAN HOSPITAL,MI,MORT_30_HF,Death rate for heart failure patients,169,13.4,10,17.8,07/01/2021,06/30/2024,6440503,MI,2023,1,1,0,0,1,Planned TEFCA,5.1298987149230735
230005,PROMEDICA CHARLES AND VIRGINIA HICKMAN HOSPITAL,MI,MORT_30_PN,Death rate for pneumonia patients,220,16.7,13.1,21,07/01/2021,06/30/2024,6440503,MI,2023,1,1,0,0,1,Planned TEFCA,5.393627546352362
230017,BRONSON METHODIST HOSPITAL,MI,MORT_30_HF,Death rate for heart failure patients,423,12.4,10,15.2,07/01/2021,06/30/2024,6441550,MI,2023,1,1,1,1,0,Current TEFCA,6.0473721790462776
230017,BRONSON METHODIST HOSPITAL,MI,MORT_30_PN,Death rate for pneumonia patients,465,18,15.3,21.1,07/01/2021,06/30/2024,6441550,MI,2023,1,1,1,1,0,Current TEFCA,6.142037405587356
230022,INSIGHT HOSPITAL AND MEDICAL CENTER COLDWATER,MI,MORT_30_HF,Death rate for heart failure patients,108,12.9,8.7,18.1,07/01/2021,06/30/2024,6440360,MI,2023,1,1,0,0,1,Planned TEFCA,4.68213122712422
230022,INSIGHT HOSPITAL AND MEDICAL CENTER COLDWATER,MI,MORT_30_PN,Death rate for pneumonia patients,152,19.7,15.1,25.1,07/01/2021,06/30/2024,6440360,MI,2023,1,1,0,0,1,Planned TEFCA,5.0238805208462765
230029,TRINITY HEALTH OAKLAND HOSPITAL,MI,MORT_30_HF,Death rate for heart failure patients,517,10.4,8.4,12.7,07/01/2021,06/30/2024,6442140,MI,2024,1,1,1,1,0,Current TEFCA,6.248042874508429
230029,TRINITY HEALTH OAKLAND HOSPITAL,MI,MORT_30_PN,Death rate for pneumonia patients,540,15.5,13.1,18,07/01/2021,06/30/2024,6442140,MI,2024,1,1,1,1,0,Current TEFCA,6.29156913955832
230053,HENRY FORD HEALTH HOSPITAL,MI,MORT_30_HF,Death rate for heart failure patients,353,12.2,9.3,15.9,07/01/2021,06/30/2024,6440650,MI,2023,1,1,1,1,0,Current TEFCA,5.8664680569332965
230053,HENRY FORD HEALTH HOSPITAL,MI,MORT_30_PN,Death rate for pneumonia patients,204,17.3,13.5,22.1,07/01/2021,06/30/2024,6440650,MI,2023,1,1,1,1,0,Current TEFCA,5.318119993844216
230059,MERCY HEALTH SAINT MARY'S,MI,MORT_30_HF,Death rate for heart failure patients,233,10.6,7.9,14.3,07/01/2021,06/30/2024,6441210,MI,2024,1,1,1,1,0,Current TEFCA,5.4510384535657
230059,MERCY HEALTH SAINT MARY'S,MI,MORT_30_PN,Death rate for pneumonia patients,178,15.4,11.8,19.7,07/01/2021,06/30/2024,6441210,MI,2024,1,1,1,1,0,Current TEFCA,5.181783550292085
230069,TRINITY HEALTH LIVINGSTON HOSPITAL,MI,MORT_30_HF,Death rate for heart failure patients,227,10.2,7.5,13.7,07/01/2021,06/30/2024,6441380,MI,2024,1,1,1,1,0,Current TEFCA,5.424950017481403
230069,TRINITY HEALTH LIVINGSTON HOSPITAL,MI,MORT_30_PN,Death rate for pneumonia patients,211,13.9,10.7,17.9,07/01/2021,06/30/2024,6441380,MI,2024,1,1,1,1,0,Current TEFCA,5.351858133476067
230075,BRONSON BATTLE CREEK HOSPITAL,MI,MORT_30_HF,Death rate for heart failure patients,221,12.2,9.1,16,07/01/2021,06/30/2024,6440155,MI,2023,1,1,1,1,0,Current TEFCA,5.3981627015177525
230075,BRONSON BATTLE CREEK HOSPITAL,MI,MORT_30_PN,Death rate for pneumonia patients,277,15.9,12.8,19.2,07/01/2021,06/30/2024,6440155,MI,2023,1,1,1,1,0,Current TEFCA,5.6240175061873385
230085,BRONSON SOUTH HAVEN HOSPITAL,MI,MORT_30_HF,Death rate for heart failure patients,34,11.4,7,17.6,07/01/2021,06/30/2024,6442360,MI,2023,1,1,1,1,0,Current TEFCA,3.5263605246161616
230085,BRONSON SOUTH HAVEN HOSPITAL,MI,MORT_30_PN,Death rate for pneumonia patients,34,16.8,11.5,24,07/01/2021,06/30/2024,6442360,MI,2023,1,1,1,1,0,Current TEFCA,3.5263605246161616
230099,PROMEDICA MONROE REGIONAL HOSPITAL,MI,MORT_30_HF,Death rate for heart failure patients,195,12.3,9,16.4,07/01/2021,06/30/2024,6441795,MI,2023,1,1,0,0,1,Planned TEFCA,5.272999558563747
230099,PROMEDICA MONROE REGIONAL HOSPITAL,MI,MORT_30_PN,Death rate for pneumonia patients,207,19.1,15.1,23.8,07/01/2021,06/30/2024,6441795,MI,2023,1,1,0,0,1,Planned TEFCA,5.332718793265369
230105,MCLAREN NORTHERN MICHIGAN,MI,MORT_30_HF,Death rate for heart failure patients,311,13.1,10.3,16.4,07/01/2021,06/30/2024,6442035,MI,2024,1,0,1,0,1,Planned TEFCA,5.739792912179234
230105,MCLAREN NORTHERN MICHIGAN,MI,MORT_30_PN,Death rate for pneumonia patients,233,16.7,13.2,20.9,07/01/2021,06/30/2024,6442035,MI,2024,1,0,1,0,1,Planned TEFCA,5.4510384535657
230156,TRINITY HEALTH ANN ARBOR HOSPITAL,MI,MORT_30_HF,Death rate for heart failure patients,944,9,7.5,10.7,07/01/2021,06/30/2024,6440087,MI,2024,1,1,1,1,0,Current TEFCA,6.8501261661455
230156,TRINITY HEALTH ANN ARBOR HOSPITAL,MI,MORT_30_PN,Death rate for pneumonia patients,749,12.7,10.7,15,07/01/2021,06/30/2024,6440087,MI,2024,1,1,1,1,0,Current TEFCA,6.618738983517219
230174,TRINITY HEALTH GRAND HAVEN HOSPITAL,MI,MORT_30_HF,Death rate for heart failure patients,25,13.5,8.5,20.9,07/01/2021,06/30/2024,6441120,MI,2023,0,0,1,0,1,Planned TEFCA,3.2188758248682006
230174,TRINITY HEALTH GRAND HAVEN HOSPITAL,MI,MORT_30_PN,Death rate for pneumonia patients,31,17.5,11,26.1,07/01/2021,06/30/2024,6441120,MI,2023,0,0,1,0,1,Planned TEFCA,3.4339872044851463
230193,MCLAREN LAPEER REGION,MI,MORT_30_HF,Death rate for heart failure patients,240,12.6,9.5,16.4,07/01/2021,06/30/2024,6441640,MI,2023,1,0,1,0,0,Neither current nor planned,5.480638923341991
230193,MCLAREN LAPEER REGION,MI,MORT_30_PN,Death rate for pneumonia patients,183,18.8,14.2,24.1,07/01/2021,06/30/2024,6441640,MI,2023,1,0,1,0,0,Neither current nor planned,5.209486152841421
230208,UNIVERSITY OF MICHIGAN HEALTH-SPARROW CARSON,MI,MORT_30_HF,Death rate for heart failure patients,49,10.8,6.8,16.7,07/01/2021,06/30/2024,6440292,MI,2023,0,1,1,0,0,Neither current nor planned,3.8918202981106265
230208,UNIVERSITY OF MICHIGAN HEALTH-SPARROW CARSON,MI,MORT_30_PN,Death rate for pneumonia patients,57,16.4,11.1,23.3,07/01/2021,06/30/2024,6440292,MI,2023,0,1,1,0,0,Neither current nor planned,4.04305126783455
230217,OAKLAWN HOSPITAL,MI,MORT_30_HF,Death rate for heart failure patients,53,15,10.3,21.1,07/01/2021,06/30/2024,6441750,MI,2024,1,0,1,0,0,Neither current nor planned,3.970291913552122
230217,OAKLAWN HOSPITAL,MI,MORT_30_PN,Death rate for pneumonia patients,71,18.6,13.1,26.1,07/01/2021,06/30/2024,6441750,MI,2024,1,0,1,0,0,Neither current nor planned,4.2626798770413155
230230,EDWARD W SPARROW HOSPITAL,MI,MORT_30_HF,Death rate for heart failure patients,396,11.4,9.1,14.1,07/01/2021,06/30/2024,6441595,MI,2023,0,1,1,0,0,Neither current nor planned,5.981414211254481
230230,EDWARD W SPARROW HOSPITAL,MI,MORT_30_PN,Death rate for pneumonia patients,477,17.8,15.3,20.8,07/01/2021,06/30/2024,6441595,MI,2023,0,1,1,0,0,Neither current nor planned,6.1675164908883415
230236,UNIVERSITY OF MICHIGAN HEALTH - WEST,MI,MORT_30_HF,Death rate for heart failure patients,113,12.6,9,17.4,07/01/2021,06/30/2024,6441231,MI,2024,1,1,1,0,1,Planned TEFCA,4.727387818712341
230236,UNIVERSITY OF MICHIGAN HEALTH - WEST,MI,MORT_30_PN,Death rate for pneumonia patients,78,16.3,11.4,22.6,07/01/2021,06/30/2024,6441231,MI,2024,1,1,1,0,1,Planned TEFCA,4.356708826689592
230259,CHELSEA HOSPITAL,MI,MORT_30_HF,Death rate for heart failure patients,286,11.3,8.6,14.5,07/01/2021,06/30/2024,6440331,MI,2024,1,1,1,1,0,Current TEFCA,5.655991810819852
230259,CHELSEA HOSPITAL,MI,MORT_30_PN,Death rate for pneumonia patients,187,14.4,10.7,18.8,07/01/2021,06/30/2024,6440331,MI,2024,1,1,1,1,0,Current TEFCA,5.231108616854587
230297,KARMANOS CANCER CENTER,MI,MORT_30_PN,Death rate for pneumonia patients,38,16.1,11.7,21.8,07/01/2021,06/30/2024,6440043,MI,2023,1,0,1,0,0,Neither current nor planned,3.6375861597263857
230302,HENRY FORD HEALTH WEST BLOOMFIELD HOSPITAL,MI,MORT_30_HF,Death rate for heart failure patients,511,11.4,9.3,13.9,07/01/2021,06/30/2024,6440049,MI,2023,1,1,1,1,0,Current TEFCA,6.236369590203704
230302,HENRY FORD HEALTH WEST BLOOMFIELD HOSPITAL,MI,MORT_30_PN,Death rate for pneumonia patients,465,15.6,13.2,18.4,07/01/2021,06/30/2024,6440049,MI,2023,1,1,1,1,0,Current TEFCA,6.142037405587356
230303,MUNSON HEALTHCARE MANISTEE HOSPITAL,MI,MORT_30_HF,Death rate for heart failure patients,54,10.4,6.8,15.3,07/01/2021,06/30/2024,6441705,MI,2023,1,0,1,0,0,Neither current nor planned,3.9889840465642745
230303,MUNSON HEALTHCARE MANISTEE HOSPITAL,MI,MORT_30_PN,Death rate for pneumonia patients,29,16.9,11.4,24.5,07/01/2021,06/30/2024,6441705,MI,2023,1,0,1,0,0,Neither current nor planned,3.367295829986474
231316,HILLS & DALES GENERAL HOSPITAL,MI,MORT_30_HF,Death rate for heart failure patients,30,11.3,6.9,17.9,07/01/2021,06/30/2024,6440295,MI,2023,0,1,1,1,0,Current TEFCA,3.4011973816621555
231316,HILLS & DALES GENERAL HOSPITAL,MI,MORT_30_PN,Death rate for pneumonia patients,35,17.1,11.1,25.3,07/01/2021,06/30/2024,6440295,MI,2023,0,1,1,1,0,Current TEFCA,3.5553480614894135
231319,ASPIRUS KEWEENAW HOSPITAL AND CLINICS,MI,MORT_30_HF,Death rate for heart failure patients,30,13,8.1,20.2,07/01/2021,06/30/2024,6441660,MI,2024,0,0,0,0,0,Neither current nor planned,3.4011973816621555
231319,ASPIRUS KEWEENAW HOSPITAL AND CLINICS,MI,MORT_30_PN,Death rate for pneumonia patients,50,20.8,14.1,29.3,07/01/2021,06/30/2024,6441660,MI,2024,0,0,0,0,0,Neither current nor planned,3.912023005428146
231320,MERCY HEALTH LAKESHORE CAMPUS,MI,MORT_30_PN,Death rate for pneumonia patients,36,14.5,9.3,22.6,07/01/2021,06/30/2024,6442350,MI,2024,1,1,1,1,0,Current TEFCA,3.58351893845611
231322,CHARLEVOIX AREA HOSPITAL,MI,MORT_30_PN,Death rate for pneumonia patients,39,19.4,12.8,27.9,07/01/2021,06/30/2024,6440310,MI,2023,0,0,0,0,0,Neither current nor planned,3.6635616461296463
231326,UNIVERSITY OF MICHIGAN HEALTH- SPARROW CLINTON,MI,MORT_30_HF,Death rate for heart failure patients,50,12.1,7.8,18,07/01/2021,06/30/2024,6442310,MI,2023,0,1,1,0,0,Neither current nor planned,3.912023005428146
231326,UNIVERSITY OF MICHIGAN HEALTH- SPARROW CLINTON,MI,MORT_30_PN,Death rate for pneumonia patients,65,14.8,10,21.3,07/01/2021,06/30/2024,6442310,MI,2023,0,1,1,0,0,Neither current nor planned,4.174387269895637
231327,UNIVERSITY OF MICHIGAN HEALTH - SPARROW EATON,MI,MORT_30_HF,Death rate for heart failure patients,45,9.9,6.5,15.1,07/01/2021,06/30/2024,6440320,MI,2023,0,1,1,0,0,Neither current nor planned,3.8066624897703196
231327,UNIVERSITY OF MICHIGAN HEALTH - SPARROW EATON,MI,MORT_30_PN,Death rate for pneumonia patients,74,14.1,9.7,19.9,07/01/2021,06/30/2024,6440320,MI,2023,0,1,1,0,0,Neither current nor planned,4.30406509320417
231331,SPARROW IONIA HOSPITAL,MI,MORT_30_HF,Death rate for heart failure patients,36,12.5,7.8,19.7,07/01/2021,06/30/2024,6441410,MI,2023,0,1,1,0,0,Neither current nor planned,3.58351893845611
231331,SPARROW IONIA HOSPITAL,MI,MORT_30_PN,Death rate for pneumonia patients,59,15,10.1,21.9,07/01/2021,06/30/2024,6441410,MI,2023,0,1,1,0,0,Neither current nor planned,4.07753744390572
231332,BRONSON LAKEVIEW HOSPITAL,MI,MORT_30_HF,Death rate for heart failure patients,52,12.6,8.2,18.7,07/01/2021,06/30/2024,6442030,MI,2023,1,1,1,1,0,Current TEFCA,3.9512437185814275
231332,BRONSON LAKEVIEW HOSPITAL,MI,MORT_30_PN,Death rate for pneumonia patients,47,14.4,9.4,21.2,07/01/2021,06/30/2024,6442030,MI,2023,1,1,1,1,0,Current TEFCA,3.8501476017100584
240001,NORTH MEMORIAL HEALTH HOSPITAL,MN,MORT_30_HF,Death rate for heart failure patients,326,9.6,7.4,12.4,07/01/2021,06/30/2024,6611455,MN,2023,1,1,0,0,1,Planned TEFCA,5.786897381366708
240001,NORTH MEMORIAL HEALTH HOSPITAL,MN,MORT_30_PN,Death rate for pneumonia patients,291,16.1,13.1,19.6,07/01/2021,06/30/2024,6611455,MN,2023,1,1,0,0,1,Planned TEFCA,5.673323267171493
240014,NORTHFIELD HOSPITAL,MN,MORT_30_HF,Death rate for heart failure patients,32,13.9,9.1,21.2,07/01/2021,06/30/2024,6611260,MN,2023,1,0,0,0,1,Planned TEFCA,3.4657359027997265
240014,NORTHFIELD HOSPITAL,MN,MORT_30_PN,Death rate for pneumonia patients,46,14.7,10.3,20.5,07/01/2021,06/30/2024,6611260,MN,2023,1,0,0,0,1,Planned TEFCA,3.828641396489095
241348,AVERA TYLER HOSPITAL,MN,MORT_30_PN,Death rate for pneumonia patients,27,19,11.9,30.2,07/01/2021,06/30/2024,6611920,MN,2024,1,0,1,0,0,Neither current nor planned,3.295836866004329
241359,AVERA MARSHALL REGIONAL MEDICAL CTR,MN,MORT_30_PN,Death rate for pneumonia patients,45,14.5,9.9,20.6,07/01/2021,06/30/2024,6610795,MN,2024,1,0,1,0,0,Neither current nor planned,3.8066624897703196
250042,NORTHWEST MISSISSISSIPPI REGIONAL MEDICAL CENTER,MS,MORT_30_HF,Death rate for heart failure patients,26,12.5,7.8,18.9,07/01/2021,06/30/2024,6540156,MS,2023,0,0,0,0,0,Neither current nor planned,3.258096538021482
250042,NORTHWEST MISSISSISSIPPI REGIONAL MEDICAL CENTER,MS,MORT_30_PN,Death rate for pneumonia patients,45,18.1,12,25.7,07/01/2021,06/30/2024,6540156,MS,2023,0,0,0,0,0,Neither current nor planned,3.8066624897703196
250050,BAPTIST MEMORIAL HOSPITAL-OKTIBBEHA COUNTY,MS,MORT_30_HF,Death rate for heart failure patients,45,12.7,8.2,19,07/01/2021,06/30/2024,6540785,MS,2024,0,0,1,0,1,Planned TEFCA,3.8066624897703196
250050,BAPTIST MEMORIAL HOSPITAL-OKTIBBEHA COUNTY,MS,MORT_30_PN,Death rate for pneumonia patients,126,22.2,17.3,28.1,07/01/2021,06/30/2024,6540785,MS,2024,0,0,1,0,1,Planned TEFCA,4.836281906951478
250099,GREENWOOD LEFLORE HOSPITAL,MS,MORT_30_HF,Death rate for heart failure patients,47,11.8,7.7,17.7,07/01/2021,06/30/2024,6540280,MS,2023,0,0,1,0,0,Neither current nor planned,3.8501476017100584
250099,GREENWOOD LEFLORE HOSPITAL,MS,MORT_30_PN,Death rate for pneumonia patients,83,22.7,17.3,28.9,07/01/2021,06/30/2024,6540280,MS,2023,0,0,1,0,0,Neither current nor planned,4.418840607796598
250172,HIGHLAND HILLS MEDICAL CENTER,MS,MORT_30_PN,Death rate for pneumonia patients,38,14.8,9.5,23,07/01/2021,06/30/2024,6540459,MS,2023,0,0,0,0,0,Neither current nor planned,3.6375861597263857
251337,TIPPAH COUNTY HOSPITAL,MS,MORT_30_HF,Death rate for heart failure patients,38,11.5,7,18.4,07/01/2021,06/30/2024,6540755,MS,2024,1,0,1,0,1,Planned TEFCA,3.6375861597263857
251337,TIPPAH COUNTY HOSPITAL,MS,MORT_30_PN,Death rate for pneumonia patients,54,18.5,12.4,26.3,07/01/2021,06/30/2024,6540755,MS,2024,1,0,1,0,1,Planned TEFCA,3.9889840465642745
260022,NORTHEAST REGIONAL MEDICAL CENTER,MO,MORT_30_HF,Death rate for heart failure patients,85,9.7,6.5,14.3,07/01/2021,06/30/2024,6631445,MO,2024,0,0,0,0,0,Neither current nor planned,4.442651256490317
260022,NORTHEAST REGIONAL MEDICAL CENTER,MO,MORT_30_PN,Death rate for pneumonia patients,126,17.8,13.7,22.7,07/01/2021,06/30/2024,6631445,MO,2024,0,0,0,0,0,Neither current nor planned,4.836281906951478
260141,UNIVERSITY OF MISSOURI HEALTH CARE,MO,MORT_30_HF,Death rate for heart failure patients,321,14.1,11.3,17.5,07/01/2021,06/30/2024,6630150,MO,2024,1,0,1,1,0,Current TEFCA,5.771441123130016
260141,UNIVERSITY OF MISSOURI HEALTH CARE,MO,MORT_30_PN,Death rate for pneumonia patients,382,14.6,11.8,17.9,07/01/2021,06/30/2024,6630150,MO,2024,1,0,1,1,0,Current TEFCA,5.945420608606575
261322,EXCELSIOR SPRINGS HOSPITAL,MO,MORT_30_PN,Death rate for pneumonia patients,30,16.6,10.7,24.4,07/01/2021,06/30/2024,6630160,MO,2023,1,0,1,0,0,Neither current nor planned,3.4011973816621555
261332,CARROLL COUNTY MEMORIAL HOSPITAL,MO,MORT_30_PN,Death rate for pneumonia patients,39,15.1,10,22.5,07/01/2021,06/30/2024,6630087,MO,2024,1,0,1,0,1,Planned TEFCA,3.6635616461296463
270014,ST. PATRICK HOSPITAL,MT,MORT_30_HF,Death rate for heart failure patients,396,10.9,8.5,13.7,07/01/2021,06/30/2024,6810430,MT,2023,1,1,1,0,1,Planned TEFCA,5.981414211254481
270014,ST. PATRICK HOSPITAL,MT,MORT_30_PN,Death rate for pneumonia patients,230,14.8,11.4,18.7,07/01/2021,06/30/2024,6810430,MT,2023,1,1,1,0,1,Planned TEFCA,5.438079308923196
270017,ST JAMES HOSPITAL,MT,MORT_30_HF,Death rate for heart failure patients,108,11.6,8.1,16.6,07/01/2021,06/30/2024,6810055,MT,2023,1,1,1,0,1,Planned TEFCA,4.68213122712422
270017,ST JAMES HOSPITAL,MT,MORT_30_PN,Death rate for pneumonia patients,163,16.5,12.4,21.7,07/01/2021,06/30/2024,6810055,MT,2023,1,1,1,0,1,Planned TEFCA,5.093750200806762
270049,INTERMOUNTAIN HEALTH ST VINCENT REGIONAL HOSPITAL,MT,MORT_30_HF,Death rate for heart failure patients,353,11,8.6,13.9,07/01/2021,06/30/2024,6810030,MT,2023,1,1,1,0,1,Planned TEFCA,5.8664680569332965
270049,INTERMOUNTAIN HEALTH ST VINCENT REGIONAL HOSPITAL,MT,MORT_30_PN,Death rate for pneumonia patients,394,14.6,11.6,18.1,07/01/2021,06/30/2024,6810030,MT,2023,1,1,1,0,1,Planned TEFCA,5.976350909297934
270057,BOZEMAN HEALTH DEACONESS HOSPITAL,MT,MORT_30_HF,Death rate for heart failure patients,196,10.3,7.4,13.8,07/01/2021,06/30/2024,6810040,MT,2023,1,1,0,0,1,Planned TEFCA,5.278114659230517
270057,BOZEMAN HEALTH DEACONESS HOSPITAL,MT,MORT_30_PN,Death rate for pneumonia patients,203,10.8,7.8,14.6,07/01/2021,06/30/2024,6810040,MT,2023,1,1,0,0,1,Planned TEFCA,5.313205979041787
271317,LIVINGSTON HEALTHCARE,MT,MORT_30_HF,Death rate for heart failure patients,48,10.8,6.8,16.5,07/01/2021,06/30/2024,6810395,MT,2023,1,0,1,0,0,Neither current nor planned,3.871201010907891
271317,LIVINGSTON HEALTHCARE,MT,MORT_30_PN,Death rate for pneumonia patients,57,16,10.5,23.7,07/01/2021,06/30/2024,6810395,MT,2023,1,0,1,0,0,Neither current nor planned,4.04305126783455
271343,PROVIDENCE ST JOSEPH MEDICAL CENTER,MT,MORT_30_HF,Death rate for heart failure patients,33,11.2,7.1,16.9,07/01/2021,06/30/2024,6810460,MT,2023,1,1,1,0,1,Planned TEFCA,3.4965075614664802
271345,CENTRAL MONTANA MEDICAL CENTER,MT,MORT_30_PN,Death rate for pneumonia patients,48,13.6,9.1,20,07/01/2021,06/30/2024,6810380,MT,2024,1,0,1,0,0,Neither current nor planned,3.871201010907891
271347,HOLY ROSARY HOSPITAL,MT,MORT_30_HF,Death rate for heart failure patients,44,16,10.5,23.1,07/01/2021,06/30/2024,6810410,MT,2023,1,1,1,0,1,Planned TEFCA,3.784189633918261
271347,HOLY ROSARY HOSPITAL,MT,MORT_30_PN,Death rate for pneumonia patients,79,13.3,9.3,18.4,07/01/2021,06/30/2024,6810410,MT,2023,1,1,1,0,1,Planned TEFCA,4.3694478524670215
280134,KEARNEY REGIONAL MEDICAL CENTER,NE,MORT_30_HF,Death rate for heart failure patients,152,10.9,7.7,15,07/01/2021,06/30/2024,6660414,NE,2023,0,0,1,0,0,Neither current nor planned,5.0238805208462765
280134,KEARNEY REGIONAL MEDICAL CENTER,NE,MORT_30_PN,Death rate for pneumonia patients,170,13.9,10.2,18.5,07/01/2021,06/30/2024,6660414,NE,2023,0,0,1,0,0,Neither current nor planned,5.135798437050262
281304,THAYER COUNTY HEALTH SERVICES,NE,MORT_30_PN,Death rate for pneumonia patients,42,17.5,11.5,25.6,07/01/2021,06/30/2024,6660305,NE,2024,0,0,0,0,0,Neither current nor planned,3.7376696182833684
281329,AVERA ST ANTHONY'S HOSPITAL,NE,MORT_30_HF,Death rate for heart failure patients,31,10,6.3,15.3,07/01/2021,06/30/2024,6660747,NE,2024,1,0,1,0,0,Neither current nor planned,3.4339872044851463
281329,AVERA ST ANTHONY'S HOSPITAL,NE,MORT_30_PN,Death rate for pneumonia patients,90,18.4,12.9,25.6,07/01/2021,06/30/2024,6660747,NE,2024,1,0,1,0,0,Neither current nor planned,4.499809670330265
281344,CHERRY COUNTY HOSPITAL,NE,MORT_30_PN,Death rate for pneumonia patients,28,15.2,9.9,23.2,07/01/2021,06/30/2024,6660960,NE,2023,0,0,1,0,0,Neither current nor planned,3.332204510175204
281349,PENDER COMMUNITY HOSPITAL,NE,MORT_30_PN,Death rate for pneumonia patients,42,17.2,11.1,26.6,07/01/2021,06/30/2024,6660815,NE,2024,1,0,1,1,0,Current TEFCA,3.7376696182833684
281350,JOHNSON COUNTY HOSPITAL,NE,MORT_30_PN,Death rate for pneumonia patients,31,16,10.3,24.4,07/01/2021,06/30/2024,6660939,NE,2023,1,0,1,0,1,Planned TEFCA,3.4339872044851463
281352,"COMMUNITY MEDICAL CENTER, INC",NE,MORT_30_HF,Death rate for heart failure patients,64,16.2,11,23.3,07/01/2021,06/30/2024,6660200,NE,2023,0,0,1,0,0,Neither current nor planned,4.1588830833596715
281352,"COMMUNITY MEDICAL CENTER, INC",NE,MORT_30_PN,Death rate for pneumonia patients,67,17.7,11.8,26.1,07/01/2021,06/30/2024,6660200,NE,2023,0,0,1,0,0,Neither current nor planned,4.204692619390966
281355,OGALLALA COMMUNITY HOSPITAL,NE,MORT_30_PN,Death rate for pneumonia patients,48,21.9,14.9,31.1,07/01/2021,06/30/2024,6660610,NE,2024,1,0,1,0,1,Planned TEFCA,3.871201010907891
281358,GORDON MEMORIAL HOSPITAL DISTRICT,NE,MORT_30_PN,Death rate for pneumonia patients,32,16.6,10.7,24.6,07/01/2021,06/30/2024,6660270,NE,2024,0,0,1,1,0,Current TEFCA,3.4657359027997265
290001,RENOWN REGIONAL MEDICAL CENTER,NV,MORT_30_HF,Death rate for heart failure patients,623,11.9,9.8,14.4,07/01/2021,06/30/2024,6880130,NV,2023,1,1,1,0,0,Neither current nor planned,6.434546518787453
290001,RENOWN REGIONAL MEDICAL CENTER,NV,MORT_30_PN,Death rate for pneumonia patients,537,16.4,13.9,19.2,07/01/2021,06/30/2024,6880130,NV,2023,1,1,1,0,0,Neither current nor planned,6.285998094508865
290049,RENOWN SOUTH MEADOWS MEDICAL CENTER,NV,MORT_30_HF,Death rate for heart failure patients,158,10.6,7.4,14.7,07/01/2021,06/30/2024,6880031,NV,2023,1,1,1,0,0,Neither current nor planned,5.062595033026967
290049,RENOWN SOUTH MEADOWS MEDICAL CENTER,NV,MORT_30_PN,Death rate for pneumonia patients,210,17.2,13.6,21.5,07/01/2021,06/30/2024,6880031,NV,2023,1,1,1,0,0,Neither current nor planned,5.3471075307174685
291308,HUMBOLDT GENERAL HOSPITAL,NV,MORT_30_HF,Death rate for heart failure patients,30,11.9,7.3,18.7,07/01/2021,06/30/2024,6880150,NV,2023,0,0,0,0,0,Neither current nor planned,3.4011973816621555
291308,HUMBOLDT GENERAL HOSPITAL,NV,MORT_30_PN,Death rate for pneumonia patients,48,19.7,14.2,27.3,07/01/2021,06/30/2024,6880150,NV,2023,0,0,0,0,0,Neither current nor planned,3.871201010907891
291313,BANNER CHURCHILL COMMUNITY HOSPITAL,NV,MORT_30_HF,Death rate for heart failure patients,55,13.2,8.7,19.1,07/01/2021,06/30/2024,6880050,NV,2024,1,0,1,0,1,Planned TEFCA,4.007333185232471
291313,BANNER CHURCHILL COMMUNITY HOSPITAL,NV,MORT_30_PN,Death rate for pneumonia patients,146,20.2,15.1,26.3,07/01/2021,06/30/2024,6880050,NV,2024,1,0,1,0,1,Planned TEFCA,4.983606621708336
300005,CONCORD HOSPITAL- LACONIA,NH,MORT_30_HF,Death rate for heart failure patients,220,13.2,10,17,07/01/2021,06/30/2024,6120190,NH,2023,0,0,0,0,1,Planned TEFCA,5.393627546352362
300005,CONCORD HOSPITAL- LACONIA,NH,MORT_30_PN,Death rate for pneumonia patients,312,15.4,12.5,18.9,07/01/2021,06/30/2024,6120190,NH,2023,0,0,0,0,1,Planned TEFCA,5.7430031878094825
300023,EXETER HOSPITAL INC,NH,MORT_30_HF,Death rate for heart failure patients,302,12.5,9.7,15.7,07/01/2021,06/30/2024,6120110,NH,2023,0,0,0,0,0,Neither current nor planned,5.71042701737487
300023,EXETER HOSPITAL INC,NH,MORT_30_PN,Death rate for pneumonia patients,300,16.2,12.8,20.1,07/01/2021,06/30/2024,6120110,NH,2023,0,0,0,0,0,Neither current nor planned,5.703782474656201
300034,CATHOLIC MEDICAL CENTER,NH,MORT_30_HF,Death rate for heart failure patients,728,8,6.4,10,07/01/2021,06/30/2024,6120225,NH,2024,1,0,0,1,0,Current TEFCA,6.590301048196686
300034,CATHOLIC MEDICAL CENTER,NH,MORT_30_PN,Death rate for pneumonia patients,366,12.3,9.7,15.3,07/01/2021,06/30/2024,6120225,NH,2024,1,0,0,1,0,Current TEFCA,5.902633333401366
301301,COTTAGE HOSPITAL,NH,MORT_30_HF,Death rate for heart failure patients,41,13.8,8.5,21.6,07/01/2021,06/30/2024,6120420,NH,2023,1,0,0,0,0,Neither current nor planned,3.713572066704308
301301,COTTAGE HOSPITAL,NH,MORT_30_PN,Death rate for pneumonia patients,58,19.4,12.8,28.8,07/01/2021,06/30/2024,6120420,NH,2023,1,0,0,0,0,Neither current nor planned,4.060443010546419
310005,HUNTERDON MEDICAL CENTER,NJ,MORT_30_HF,Death rate for heart failure patients,377,10.9,8.7,13.6,07/01/2021,06/30/2024,6220295,NJ,2024,1,0,1,1,0,Current TEFCA,5.932245187448011
310005,HUNTERDON MEDICAL CENTER,NJ,MORT_30_PN,Death rate for pneumonia patients,429,10.7,8.5,13.2,07/01/2021,06/30/2024,6220295,NJ,2024,1,0,1,1,0,Current TEFCA,6.061456918928017
310011,CAPE REGIONAL MEDICAL CENTER INC,NJ,MORT_30_HF,Death rate for heart failure patients,445,13.6,10.9,16.8,07/01/2021,06/30/2024,6220217,NJ,2024,1,0,1,0,0,Neither current nor planned,6.09807428216624
310011,CAPE REGIONAL MEDICAL CENTER INC,NJ,MORT_30_PN,Death rate for pneumonia patients,427,14.5,11.6,17.7,07/01/2021,06/30/2024,6220217,NJ,2024,1,0,1,0,0,Neither current nor planned,6.056784013228625
310045,ENGLEWOOD HOSPITAL AND MEDICAL CENTER,NJ,MORT_30_HF,Death rate for heart failure patients,568,10.2,8.2,12.6,07/01/2021,06/30/2024,6220280,NJ,2024,1,1,1,0,1,Planned TEFCA,6.342121418721152
310045,ENGLEWOOD HOSPITAL AND MEDICAL CENTER,NJ,MORT_30_PN,Death rate for pneumonia patients,699,15.9,13.8,18.4,07/01/2021,06/30/2024,6220280,NJ,2024,1,1,1,0,1,Planned TEFCA,6.54965074223381
310060,ST LUKE'S WARREN HOSPITAL,NJ,MORT_30_HF,Death rate for heart failure patients,311,9.6,7.3,12.4,07/01/2021,06/30/2024,6221145,NJ,2023,1,1,0,0,1,Planned TEFCA,5.739792912179234
310060,ST LUKE'S WARREN HOSPITAL,NJ,MORT_30_PN,Death rate for pneumonia patients,229,15.1,11.7,19.1,07/01/2021,06/30/2024,6221145,NJ,2023,1,1,0,0,1,Planned TEFCA,5.43372200355424
310069,INSPIRA MEDICAL CENTER MULLICA HILL,NJ,MORT_30_HF,Death rate for heart failure patients,583,11.9,9.8,14.4,07/01/2021,06/30/2024,6220275,NJ,2023,1,0,1,1,0,Current TEFCA,6.368187186350492
310069,INSPIRA MEDICAL CENTER MULLICA HILL,NJ,MORT_30_PN,Death rate for pneumonia patients,618,14.4,12.2,17.1,07/01/2021,06/30/2024,6220275,NJ,2023,1,0,1,1,0,Current TEFCA,6.42648845745769
310086,JEFFERSON STRATFORD HOSPITAL,NJ,MORT_30_HF,Death rate for heart failure patients,1105,11.9,10.3,13.6,07/01/2021,06/30/2024,6221345,NJ,2023,1,1,1,1,0,Current TEFCA,7.007600613951853
310086,JEFFERSON STRATFORD HOSPITAL,NJ,MORT_30_PN,Death rate for pneumonia patients,634,14.6,12.2,17.2,07/01/2021,06/30/2024,6221345,NJ,2023,1,1,1,1,0,Current TEFCA,6.452048954437226
320065,COVENANT HEALTH HOBBS HOSPITAL,NM,MORT_30_HF,Death rate for heart failure patients,49,14.9,10.2,21.2,07/01/2021,06/30/2024,6850260,NM,2023,1,1,1,0,1,Planned TEFCA,3.8918202981106265
320065,COVENANT HEALTH HOBBS HOSPITAL,NM,MORT_30_PN,Death rate for pneumonia patients,71,18.6,13.4,24.6,07/01/2021,06/30/2024,6850260,NM,2023,1,1,1,0,1,Planned TEFCA,4.2626798770413155
321307,MINERS' COLFAX MEDICAL CENTER,NM,MORT_30_PN,Death rate for pneumonia patients,45,20.2,13.6,28.9,07/01/2021,06/30/2024,6850343,NM,2024,1,0,1,0,0,Neither current nor planned,3.8066624897703196
330033,CHENANGO MEMORIAL HOSPITAL,NY,MORT_30_HF,Death rate for heart failure patients,49,11.9,7.6,18.2,07/01/2021,06/30/2024,6213710,NY,2023,1,1,1,1,0,Current TEFCA,3.8918202981106265
330033,CHENANGO MEMORIAL HOSPITAL,NY,MORT_30_PN,Death rate for pneumonia patients,99,21.3,15.7,28.3,07/01/2021,06/30/2024,6213710,NY,2023,1,1,1,1,0,Current TEFCA,4.59511985013459
330055,NEW YORK-PRESBYTERIAN/QUEENS,NY,MORT_30_HF,Death rate for heart failure patients,624,8.3,6.8,10,07/01/2021,06/30/2024,6211595,NY,2023,1,1,1,0,1,Planned TEFCA,6.436150368369428
330055,NEW YORK-PRESBYTERIAN/QUEENS,NY,MORT_30_PN,Death rate for pneumonia patients,732,14.3,12.6,16.2,07/01/2021,06/30/2024,6211595,NY,2023,1,1,1,0,1,Planned TEFCA,6.595780513961311
330057,ST PETER'S HOSPITAL,NY,MORT_30_HF,Death rate for heart failure patients,705,9.7,8,11.7,07/01/2021,06/30/2024,6210070,NY,2024,0,1,1,1,0,Current TEFCA,6.558197802812269
330057,ST PETER'S HOSPITAL,NY,MORT_30_PN,Death rate for pneumonia patients,769,16,13.9,18.3,07/01/2021,06/30/2024,6210070,NY,2024,0,1,1,1,0,Current TEFCA,6.645090969505644
330096,JONES MEMORIAL HOSPITAL,NY,MORT_30_HF,Death rate for heart failure patients,77,9.7,6.5,14.1,07/01/2021,06/30/2024,6215260,NY,2024,0,0,0,0,0,Neither current nor planned,4.343805421853684
330096,JONES MEMORIAL HOSPITAL,NY,MORT_30_PN,Death rate for pneumonia patients,111,12.9,9.2,17.2,07/01/2021,06/30/2024,6215260,NY,2024,0,0,0,0,0,Neither current nor planned,4.709530201312334
330103,OLEAN GENERAL HOSPITAL,NY,MORT_30_HF,Death rate for heart failure patients,188,13.3,9.9,17.6,07/01/2021,06/30/2024,6210009,NY,2023,0,1,1,0,1,Planned TEFCA,5.236441962829949
330103,OLEAN GENERAL HOSPITAL,NY,MORT_30_PN,Death rate for pneumonia patients,413,23.2,19.5,27.1,07/01/2021,06/30/2024,6210009,NY,2023,0,1,1,0,1,Planned TEFCA,6.023447592961033
330140,ST JOSEPH'S HOSPITAL HEALTH CENTER,NY,MORT_30_HF,Death rate for heart failure patients,494,11.5,9.4,14.1,07/01/2021,06/30/2024,6214870,NY,2024,0,1,1,0,1,Planned TEFCA,6.202535517187923
330140,ST JOSEPH'S HOSPITAL HEALTH CENTER,NY,MORT_30_PN,Death rate for pneumonia patients,621,16.9,14.4,19.7,07/01/2021,06/30/2024,6214870,NY,2024,0,1,1,0,1,Planned TEFCA,6.431331081933479
330141,LONG ISLAND COMMUNITY HOSPITAL,NY,MORT_30_HF,Death rate for heart failure patients,326,9.6,7.6,12.1,07/01/2021,06/30/2024,6213923,NY,2023,1,1,1,1,0,Current TEFCA,5.786897381366708
330141,LONG ISLAND COMMUNITY HOSPITAL,NY,MORT_30_PN,Death rate for pneumonia patients,868,14.4,12.9,16.1,07/01/2021,06/30/2024,6213923,NY,2023,1,1,1,1,0,Current TEFCA,6.7661917146603505
330157,SAMARITAN MEDICAL CENTER,NY,MORT_30_HF,Death rate for heart failure patients,193,14.1,10.7,18.5,07/01/2021,06/30/2024,6215210,NY,2023,1,0,1,0,0,Neither current nor planned,5.262690188904886
330157,SAMARITAN MEDICAL CENTER,NY,MORT_30_PN,Death rate for pneumonia patients,216,17.4,13.5,21.8,07/01/2021,06/30/2024,6215210,NY,2023,1,0,1,0,0,Neither current nor planned,5.375278407684165
330160,STATEN ISLAND UNIVERSITY HOSPITAL,NY,MORT_30_HF,Death rate for heart failure patients,974,10.1,8.5,12,07/01/2021,06/30/2024,6214735,NY,2024,1,0,1,0,0,Neither current nor planned,6.881411303642535
330160,STATEN ISLAND UNIVERSITY HOSPITAL,NY,MORT_30_PN,Death rate for pneumonia patients,926,14.9,13.1,17,07/01/2021,06/30/2024,6214735,NY,2024,1,0,1,0,0,Neither current nor planned,6.8308742346461795
330162,NORTHERN WESTCHESTER HOSPITAL,NY,MORT_30_HF,Death rate for heart failure patients,335,9.1,7.1,11.6,07/01/2021,06/30/2024,6212500,NY,2024,0,0,1,0,1,Planned TEFCA,5.814130531825066
330162,NORTHERN WESTCHESTER HOSPITAL,NY,MORT_30_PN,Death rate for pneumonia patients,303,14.5,11.8,17.7,07/01/2021,06/30/2024,6212500,NY,2024,0,0,1,0,1,Planned TEFCA,5.713732805509369
330175,GUTHRIE CORTLAND REGIONAL MEDICAL CENTER,NY,MORT_30_HF,Death rate for heart failure patients,178,11.9,8.8,16.2,07/01/2021,06/30/2024,6211370,NY,2023,1,1,1,0,1,Planned TEFCA,5.181783550292085
330175,GUTHRIE CORTLAND REGIONAL MEDICAL CENTER,NY,MORT_30_PN,Death rate for pneumonia patients,253,12.3,9.2,16,07/01/2021,06/30/2024,6211370,NY,2023,1,1,1,0,1,Planned TEFCA,5.53338948872752
330180,"SAMARITAN HOSPITAL OF TROY, NEW YORK",NY,MORT_30_HF,Death rate for heart failure patients,348,12,9.5,14.8,07/01/2021,06/30/2024,6214990,NY,2024,0,1,1,1,0,Current TEFCA,5.8522024797744745
330180,"SAMARITAN HOSPITAL OF TROY, NEW YORK",NY,MORT_30_PN,Death rate for pneumonia patients,385,12.1,9.7,14.9,07/01/2021,06/30/2024,6214990,NY,2024,0,1,1,1,0,Current TEFCA,5.953243334287785
330184,MONTEFIORE NEW ROCHELLE HOSPITAL,NY,MORT_30_HF,Death rate for heart failure patients,163,12.5,9.5,16.6,07/01/2021,06/30/2024,6212600,NY,2023,0,0,0,0,0,Neither current nor planned,5.093750200806762
330184,MONTEFIORE NEW ROCHELLE HOSPITAL,NY,MORT_30_PN,Death rate for pneumonia patients,208,21.1,17.3,25.4,07/01/2021,06/30/2024,6212600,NY,2023,0,0,0,0,0,Neither current nor planned,5.337538079701318
330185,JOHN T MATHER MEMORIAL HOSPITAL  OF PORT JEFFERSON,NY,MORT_30_HF,Death rate for heart failure patients,455,9,7,11.3,07/01/2021,06/30/2024,6214050,NY,2023,0,0,1,0,0,Neither current nor planned,6.12029741895095
330185,JOHN T MATHER MEMORIAL HOSPITAL  OF PORT JEFFERSON,NY,MORT_30_PN,Death rate for pneumonia patients,797,9.8,8.2,11.7,07/01/2021,06/30/2024,6214050,NY,2023,0,0,1,0,0,Neither current nor planned,6.680854678790215
330188,MOUNT ST. MARY'S HOSPITAL & HEALTH CENTER,NY,MORT_30_HF,Death rate for heart failure patients,96,12.9,9,18.1,07/01/2021,06/30/2024,6213660,NY,2024,0,0,0,0,0,Neither current nor planned,4.564348191467836
330188,MOUNT ST. MARY'S HOSPITAL & HEALTH CENTER,NY,MORT_30_PN,Death rate for pneumonia patients,111,19.5,14.3,26.7,07/01/2021,06/30/2024,6213660,NY,2024,0,0,0,0,0,Neither current nor planned,4.709530201312334
330229,"BROOKS-TLC HOSPITAL SYSTEM, INC",NY,MORT_30_HF,Death rate for heart failure patients,33,16,10.4,23.6,07/01/2021,06/30/2024,6211470,NY,2023,0,1,1,0,1,Planned TEFCA,3.4965075614664802
330229,"BROOKS-TLC HOSPITAL SYSTEM, INC",NY,MORT_30_PN,Death rate for pneumonia patients,83,16.4,11.3,23,07/01/2021,06/30/2024,6211470,NY,2023,0,1,1,0,1,Planned TEFCA,4.418840607796598
330235,AUBURN  COMMUNITY  HOSPITAL,NY,MORT_30_HF,Death rate for heart failure patients,246,13.2,10.2,16.5,07/01/2021,06/30/2024,6210180,NY,2024,0,0,1,0,0,Neither current nor planned,5.5053315359323625
330235,AUBURN  COMMUNITY  HOSPITAL,NY,MORT_30_PN,Death rate for pneumonia patients,322,15.9,12.9,19.1,07/01/2021,06/30/2024,6210180,NY,2024,0,0,1,0,0,Neither current nor planned,5.7745515455444085
330261,PHELPS HOSPITAL,NY,MORT_30_HF,Death rate for heart failure patients,246,10.4,7.9,13.5,07/01/2021,06/30/2024,6213870,NY,2024,0,0,1,0,1,Planned TEFCA,5.5053315359323625
330261,PHELPS HOSPITAL,NY,MORT_30_PN,Death rate for pneumonia patients,317,17.6,14.8,20.8,07/01/2021,06/30/2024,6213870,NY,2024,0,0,1,0,1,Planned TEFCA,5.75890177387728
330267,HUDSON VALLEY HOSPITAL CENTER,NY,MORT_30_HF,Death rate for heart failure patients,428,10,8,12.4,07/01/2021,06/30/2024,6213930,NY,2023,1,1,1,0,1,Planned TEFCA,6.059123195581797
330267,HUDSON VALLEY HOSPITAL CENTER,NY,MORT_30_PN,Death rate for pneumonia patients,483,14,11.7,16.7,07/01/2021,06/30/2024,6213930,NY,2023,1,1,1,0,1,Planned TEFCA,6.180016653652572
330277,CORNING HOSPITAL,NY,MORT_30_HF,Death rate for heart failure patients,164,10.5,7.5,14.2,07/01/2021,06/30/2024,6211350,NY,2023,1,1,1,0,1,Planned TEFCA,5.099866427824199
330277,CORNING HOSPITAL,NY,MORT_30_PN,Death rate for pneumonia patients,221,18.7,14.7,23.3,07/01/2021,06/30/2024,6211350,NY,2023,1,1,1,0,1,Planned TEFCA,5.3981627015177525
331313,SCHUYLER HOSPITAL,NY,MORT_30_PN,Death rate for pneumonia patients,41,19.5,12.8,28.4,07/01/2021,06/30/2024,6212490,NY,2023,1,1,1,1,0,Current TEFCA,3.713572066704308
331314,SOLDIERS AND SAILORS MEMORIAL HOSPITAL OF YATES,NY,MORT_30_PN,Death rate for pneumonia patients,28,17.8,11.6,26.9,07/01/2021,06/30/2024,6213950,NY,2023,0,0,1,0,0,Neither current nor planned,3.332204510175204
340003,NORTHERN REGIONAL HOSPITAL,NC,MORT_30_HF,Death rate for heart failure patients,142,10.2,7.1,14.5,07/01/2021,06/30/2024,6361035,NC,2023,0,0,1,0,0,Neither current nor planned,4.955827057601261
340003,NORTHERN REGIONAL HOSPITAL,NC,MORT_30_PN,Death rate for pneumonia patients,277,14.2,11,18.1,07/01/2021,06/30/2024,6361035,NC,2023,0,0,1,0,0,Neither current nor planned,5.6240175061873385
340010,UNC HEALTH CARE WAYNE,NC,MORT_30_HF,Death rate for heart failure patients,364,9.5,7.4,12.3,07/01/2021,06/30/2024,6360625,NC,2023,1,1,1,0,1,Planned TEFCA,5.8971538676367405
340010,UNC HEALTH CARE WAYNE,NC,MORT_30_PN,Death rate for pneumonia patients,392,15,12.2,18.4,07/01/2021,06/30/2024,6360625,NC,2023,1,1,1,0,1,Planned TEFCA,5.971261839790462
340014,NOVANT HEALTH FORSYTH MEDICAL CENTER,NC,MORT_30_HF,Death rate for heart failure patients,701,12.7,10.7,14.9,07/01/2021,06/30/2024,6361685,NC,2024,0,1,1,0,0,Neither current nor planned,6.55250788703459
340014,NOVANT HEALTH FORSYTH MEDICAL CENTER,NC,MORT_30_PN,Death rate for pneumonia patients,1086,15.3,13.5,17.5,07/01/2021,06/30/2024,6361685,NC,2024,0,1,1,0,0,Neither current nor planned,6.990256500493881
340015,NOVANT HEALTH ROWAN MEDICAL CENTER,NC,MORT_30_HF,Death rate for heart failure patients,203,15.8,12.3,20,07/01/2021,06/30/2024,6361340,NC,2024,0,1,1,0,0,Neither current nor planned,5.313205979041787
340015,NOVANT HEALTH ROWAN MEDICAL CENTER,NC,MORT_30_PN,Death rate for pneumonia patients,251,18.9,15.1,23.5,07/01/2021,06/30/2024,6361340,NC,2024,0,1,1,0,0,Neither current nor planned,5.5254529391317835
340016,HARRIS REGIONAL HOSPITAL,NC,MORT_30_HF,Death rate for heart failure patients,60,11.6,7.8,16.7,07/01/2021,06/30/2024,6361440,NC,2023,0,0,1,0,0,Neither current nor planned,4.0943445622221
340016,HARRIS REGIONAL HOSPITAL,NC,MORT_30_PN,Death rate for pneumonia patients,179,14.3,10.9,18.6,07/01/2021,06/30/2024,6361440,NC,2023,0,0,1,0,0,Neither current nor planned,5.187385805840755
340017,PARDEE HOSPITAL HENDERSON COUNTY,NC,MORT_30_HF,Death rate for heart failure patients,288,13.5,10.7,16.7,07/01/2021,06/30/2024,6360750,NC,2023,1,1,1,0,1,Planned TEFCA,5.662960480135946
340017,PARDEE HOSPITAL HENDERSON COUNTY,NC,MORT_30_PN,Death rate for pneumonia patients,270,13.4,10.5,16.9,07/01/2021,06/30/2024,6360750,NC,2023,1,1,1,0,1,Planned TEFCA,5.598421958998375
340024,SAMPSON REGIONAL MEDICAL CENTER,NC,MORT_30_HF,Death rate for heart failure patients,86,12.5,8.4,18.3,07/01/2021,06/30/2024,6360348,NC,2024,0,0,1,0,1,Planned TEFCA,4.454347296253507
340024,SAMPSON REGIONAL MEDICAL CENTER,NC,MORT_30_PN,Death rate for pneumonia patients,168,18.8,14.5,24.3,07/01/2021,06/30/2024,6360348,NC,2024,0,0,1,0,1,Planned TEFCA,5.123963979403259
340027,UNC LENOIR HEALTH CARE,NC,MORT_30_HF,Death rate for heart failure patients,258,11.2,8.5,14.3,07/01/2021,06/30/2024,6360840,NC,2023,1,1,1,0,1,Planned TEFCA,5.552959584921617
340027,UNC LENOIR HEALTH CARE,NC,MORT_30_PN,Death rate for pneumonia patients,266,15.6,12.5,19.1,07/01/2021,06/30/2024,6360840,NC,2023,1,1,1,0,1,Planned TEFCA,5.583496308781699
340028,CAPE FEAR VALLEY MEDICAL CENTER,NC,MORT_30_HF,Death rate for heart failure patients,603,9.9,8,12.2,07/01/2021,06/30/2024,6360023,NC,2024,1,1,1,1,0,Current TEFCA,6.401917196727186
340028,CAPE FEAR VALLEY MEDICAL CENTER,NC,MORT_30_PN,Death rate for pneumonia patients,625,21.6,19.1,24.4,07/01/2021,06/30/2024,6360023,NC,2024,1,1,1,1,0,Current TEFCA,6.437751649736401
340041,CALDWELL MEMORIAL HOSPITAL,NC,MORT_30_HF,Death rate for heart failure patients,87,13.9,9.7,19.3,07/01/2021,06/30/2024,6360895,NC,2023,1,1,1,0,1,Planned TEFCA,4.465908118654584
340041,CALDWELL MEMORIAL HOSPITAL,NC,MORT_30_PN,Death rate for pneumonia patients,150,18,13.7,23.2,07/01/2021,06/30/2024,6360895,NC,2023,1,1,1,0,1,Planned TEFCA,5.0106352940962555
340050,SOUTHEASTERN REGIONAL MEDICAL CENTER,NC,MORT_30_HF,Death rate for heart failure patients,239,11.6,8.6,15.4,07/01/2021,06/30/2024,6360950,NC,2023,1,1,1,0,1,Planned TEFCA,5.476463551931511
340050,SOUTHEASTERN REGIONAL MEDICAL CENTER,NC,MORT_30_PN,Death rate for pneumonia patients,265,19.8,16.1,24.1,07/01/2021,06/30/2024,6360950,NC,2023,1,1,1,0,1,Planned TEFCA,5.579729825986222
340051,WATAUGA MEDICAL CENTER,NC,MORT_30_HF,Death rate for heart failure patients,145,10.7,7.6,14.8,07/01/2021,06/30/2024,6360215,NC,2023,0,1,1,0,0,Neither current nor planned,4.976733742420574
340051,WATAUGA MEDICAL CENTER,NC,MORT_30_PN,Death rate for pneumonia patients,174,15.2,11.7,19.6,07/01/2021,06/30/2024,6360215,NC,2023,0,1,1,0,0,Neither current nor planned,5.159055299214529
340053,NOVANT HEALTH PRESBYTERIAN MEDICAL CENTER,NC,MORT_30_HF,Death rate for heart failure patients,293,12.7,10,15.8,07/01/2021,06/30/2024,6360320,NC,2024,0,1,1,0,0,Neither current nor planned,5.680172609017068
340053,NOVANT HEALTH PRESBYTERIAN MEDICAL CENTER,NC,MORT_30_PN,Death rate for pneumonia patients,243,15.7,12.6,19.3,07/01/2021,06/30/2024,6360320,NC,2024,0,1,1,0,0,Neither current nor planned,5.493061443340548
340060,UNC ROCKINGHAM,NC,MORT_30_HF,Death rate for heart failure patients,56,10.5,7,15.6,07/01/2021,06/30/2024,6360880,NC,2023,1,1,1,0,1,Planned TEFCA,4.02535169073515
340060,UNC ROCKINGHAM,NC,MORT_30_PN,Death rate for pneumonia patients,56,13.7,9.3,19.7,07/01/2021,06/30/2024,6360880,NC,2023,1,1,1,0,1,Planned TEFCA,4.02535169073515
340061,UNC HOSPITALS,NC,MORT_30_HF,Death rate for heart failure patients,404,9.8,7.7,12.3,07/01/2021,06/30/2024,6360260,NC,2023,1,1,1,0,1,Planned TEFCA,6.0014148779611505
340061,UNC HOSPITALS,NC,MORT_30_PN,Death rate for pneumonia patients,368,13.4,11,16.4,07/01/2021,06/30/2024,6360260,NC,2023,1,1,1,0,1,Planned TEFCA,5.908082938168931
340068,COLUMBUS REGIONAL HEALTHCARE SYSTEM,NC,MORT_30_HF,Death rate for heart failure patients,99,14.3,10.2,19.8,07/01/2021,06/30/2024,6361550,NC,2024,1,1,1,0,1,Planned TEFCA,4.59511985013459
340068,COLUMBUS REGIONAL HEALTHCARE SYSTEM,NC,MORT_30_PN,Death rate for pneumonia patients,127,23.6,18.8,29.2,07/01/2021,06/30/2024,6361550,NC,2024,1,1,1,0,1,Planned TEFCA,4.844187086458591
340070,ALAMANCE REGIONAL MEDICAL CENTER,NC,MORT_30_HF,Death rate for heart failure patients,298,11.6,9.1,14.7,07/01/2021,06/30/2024,6360006,NC,2023,1,1,1,0,1,Planned TEFCA,5.697093486505405
340070,ALAMANCE REGIONAL MEDICAL CENTER,NC,MORT_30_PN,Death rate for pneumonia patients,258,17.4,14.1,21.3,07/01/2021,06/30/2024,6360006,NC,2023,1,1,1,0,1,Planned TEFCA,5.552959584921617
340075,"BLUE RIDGE HEALTHCARE HOSPITALS, INC",NC,MORT_30_HF,Death rate for heart failure patients,143,12.8,9.4,17.4,07/01/2021,06/30/2024,6360427,NC,2023,1,1,1,0,1,Planned TEFCA,4.962844630259907
340075,"BLUE RIDGE HEALTHCARE HOSPITALS, INC",NC,MORT_30_PN,Death rate for pneumonia patients,304,15.5,12.6,19.1,07/01/2021,06/30/2024,6360427,NC,2023,1,1,1,0,1,Planned TEFCA,5.717027701406222
340085,NOVANT HEALTH THOMASVILLE MEDICAL CENTER,NC,MORT_30_HF,Death rate for heart failure patients,64,11.1,7.2,16.4,07/01/2021,06/30/2024,6361480,NC,2024,0,0,1,0,0,Neither current nor planned,4.1588830833596715
340085,NOVANT HEALTH THOMASVILLE MEDICAL CENTER,NC,MORT_30_PN,Death rate for pneumonia patients,117,17.1,12.7,22.8,07/01/2021,06/30/2024,6361480,NC,2024,0,0,1,0,0,Neither current nor planned,4.762173934797756
340090,JOHNSTON HEALTH,NC,MORT_30_HF,Death rate for heart failure patients,409,13.3,10.5,16.6,07/01/2021,06/30/2024,6361395,NC,2023,1,1,1,0,1,Planned TEFCA,6.013715156042802
340090,JOHNSTON HEALTH,NC,MORT_30_PN,Death rate for pneumonia patients,424,16,13.1,19.4,07/01/2021,06/30/2024,6361395,NC,2023,1,1,1,0,1,Planned TEFCA,6.049733455231958
340114,REX HOSPITAL,NC,MORT_30_HF,Death rate for heart failure patients,1116,8.1,6.8,9.6,07/01/2021,06/30/2024,6361210,NC,2023,1,1,1,0,1,Planned TEFCA,7.017506142941256
340114,REX HOSPITAL,NC,MORT_30_PN,Death rate for pneumonia patients,647,13.2,11.1,15.5,07/01/2021,06/30/2024,6361210,NC,2023,1,1,1,0,1,Planned TEFCA,6.472346294500901
340127,GRANVILLE HEALTH SYSTEMS,NC,MORT_30_HF,Death rate for heart failure patients,38,13.6,9.1,19.6,07/01/2021,06/30/2024,6361120,NC,2023,0,0,1,0,0,Neither current nor planned,3.6375861597263857
340127,GRANVILLE HEALTH SYSTEMS,NC,MORT_30_PN,Death rate for pneumonia patients,106,25.5,19.7,32.6,07/01/2021,06/30/2024,6361120,NC,2023,0,0,1,0,0,Neither current nor planned,4.663439094112067
340141,NOVANT HEALTH NEW HANOVER REGIONAL MEDICAL CENTER,NC,MORT_30_HF,Death rate for heart failure patients,1222,13,11.3,15,07/01/2021,06/30/2024,6360019,NC,2024,0,1,1,0,0,Neither current nor planned,7.108244139731541
340141,NOVANT HEALTH NEW HANOVER REGIONAL MEDICAL CENTER,NC,MORT_30_PN,Death rate for pneumonia patients,919,17.4,15.3,19.7,07/01/2021,06/30/2024,6360019,NC,2024,0,1,1,0,0,Neither current nor planned,6.823286122355687
340147,UNC HEALTH NASH,NC,MORT_30_HF,Death rate for heart failure patients,435,10.5,8.4,13.3,07/01/2021,06/30/2024,6361291,NC,2023,1,1,1,0,1,Planned TEFCA,6.075346031088684
340147,UNC HEALTH NASH,NC,MORT_30_PN,Death rate for pneumonia patients,335,14.6,11.6,17.7,07/01/2021,06/30/2024,6361291,NC,2023,1,1,1,0,1,Planned TEFCA,5.814130531825066
340158,NOVANT HEALTH BRUNSWICK MEDICAL CENTER,NC,MORT_30_HF,Death rate for heart failure patients,294,11.8,8.9,15.4,07/01/2021,06/30/2024,6361350,NC,2024,0,1,1,0,0,Neither current nor planned,5.683579767338681
340158,NOVANT HEALTH BRUNSWICK MEDICAL CENTER,NC,MORT_30_PN,Death rate for pneumonia patients,343,18.9,15.2,23.1,07/01/2021,06/30/2024,6361350,NC,2024,0,1,1,0,0,Neither current nor planned,5.8377304471659395
340171,NOVANT HEALTH MATTHEWS MEDICAL CENTER,NC,MORT_30_HF,Death rate for heart failure patients,448,8,6.2,10.3,07/01/2021,06/30/2024,6360012,NC,2024,0,1,1,0,0,Neither current nor planned,6.104793232414985
340171,NOVANT HEALTH MATTHEWS MEDICAL CENTER,NC,MORT_30_PN,Death rate for pneumonia patients,329,12.7,10.3,15.5,07/01/2021,06/30/2024,6360012,NC,2024,0,1,1,0,0,Neither current nor planned,5.796057750765372
340173,"WAKEMED, CARY HOSPITAL",NC,MORT_30_HF,Death rate for heart failure patients,410,9.6,7.3,12.3,07/01/2021,06/30/2024,636118A,NC,2024,1,1,1,0,1,Planned TEFCA,6.016157159698354
340173,"WAKEMED, CARY HOSPITAL",NC,MORT_30_PN,Death rate for pneumonia patients,539,16.6,13.9,19.5,07/01/2021,06/30/2024,636118A,NC,2024,1,1,1,0,1,Planned TEFCA,6.289715570908998
340183,NOVANT HEALTH HUNTERSVILLE MEDICAL CENTER,NC,MORT_30_HF,Death rate for heart failure patients,293,11.4,8.7,14.6,07/01/2021,06/30/2024,6360026,NC,2024,0,1,1,0,0,Neither current nor planned,5.680172609017068
340183,NOVANT HEALTH HUNTERSVILLE MEDICAL CENTER,NC,MORT_30_PN,Death rate for pneumonia patients,295,16,13,19.7,07/01/2021,06/30/2024,6360026,NC,2024,0,1,1,0,0,Neither current nor planned,5.68697535633982
340190,NOVANT HEALTH MINT HILL MEDICAL CENTER,NC,MORT_30_HF,Death rate for heart failure patients,111,9.7,6.7,13.8,07/01/2021,06/30/2024,6360433,NC,2024,0,1,1,0,0,Neither current nor planned,4.709530201312334
340190,NOVANT HEALTH MINT HILL MEDICAL CENTER,NC,MORT_30_PN,Death rate for pneumonia patients,117,10.8,7.6,15.2,07/01/2021,06/30/2024,6360433,NC,2024,0,1,1,0,0,Neither current nor planned,4.762173934797756
341311,CHATHAM HOSPITAL INC,NC,MORT_30_HF,Death rate for heart failure patients,25,11.4,7.1,17.8,07/01/2021,06/30/2024,6361375,NC,2023,1,1,1,0,1,Planned TEFCA,3.2188758248682006
341311,CHATHAM HOSPITAL INC,NC,MORT_30_PN,Death rate for pneumonia patients,37,15.5,10.5,22.7,07/01/2021,06/30/2024,6361375,NC,2023,1,1,1,0,1,Planned TEFCA,3.6109179126442243
341314,WASHINGTON COUNTY HOSP INC,NC,MORT_30_PN,Death rate for pneumonia patients,46,18.5,12.2,27.3,07/01/2021,06/30/2024,6361155,NC,2023,0,0,0,0,0,Neither current nor planned,3.828641396489095
341323,CHARLES A CANNON JR MEMORIAL HOSPITAL,NC,MORT_30_PN,Death rate for pneumonia patients,30,14.6,9.5,21.3,07/01/2021,06/30/2024,6360015,NC,2023,0,1,1,0,0,Neither current nor planned,3.4011973816621555
341325,ASHE MEMORIAL HOSPITAL,NC,MORT_30_HF,Death rate for heart failure patients,34,12,7.7,18.3,07/01/2021,06/30/2024,6360820,NC,2024,0,1,1,0,0,Neither current nor planned,3.5263605246161616
341325,ASHE MEMORIAL HOSPITAL,NC,MORT_30_PN,Death rate for pneumonia patients,82,18.1,12.8,25.4,07/01/2021,06/30/2024,6360820,NC,2024,0,1,1,0,0,Neither current nor planned,4.406719247264253
341327,J ARTHUR DOSHER MEMORIAL HOSPITAL,NC,MORT_30_HF,Death rate for heart failure patients,34,10.9,6.6,17.5,07/01/2021,06/30/2024,6361400,NC,2023,1,0,1,0,0,Neither current nor planned,3.5263605246161616
341327,J ARTHUR DOSHER MEMORIAL HOSPITAL,NC,MORT_30_PN,Death rate for pneumonia patients,53,19.1,12.7,27.4,07/01/2021,06/30/2024,6361400,NC,2023,1,0,1,0,0,Neither current nor planned,3.970291913552122
350019,ALTRU HOSPITAL,ND,MORT_30_HF,Death rate for heart failure patients,377,11,8.5,13.9,07/01/2021,06/30/2024,6640001,ND,2023,1,1,1,0,1,Planned TEFCA,5.932245187448011
350019,ALTRU HOSPITAL,ND,MORT_30_PN,Death rate for pneumonia patients,520,15.4,13,18.3,07/01/2021,06/30/2024,6640001,ND,2023,1,1,1,0,1,Planned TEFCA,6.253828811575473
351319,PEMBINA COUNTY MEMORIAL HOSPITAL,ND,MORT_30_PN,Death rate for pneumonia patients,32,14.9,9.5,22.6,07/01/2021,06/30/2024,6640062,ND,2023,0,1,1,0,0,Neither current nor planned,3.4657359027997265
351323,CAVALIER COUNTY MEMORIAL HOSPITAL ASSOCIATION,ND,MORT_30_PN,Death rate for pneumonia patients,42,15.7,10.5,23.4,07/01/2021,06/30/2024,6640310,ND,2023,0,0,0,0,0,Neither current nor planned,3.7376696182833684
360001,MERCY HEALTH-ANDERSON HOSPITAL,OH,MORT_30_HF,Death rate for heart failure patients,336,11.5,8.9,14.6,07/01/2021,06/30/2024,6410580,OH,2024,0,1,1,0,1,Planned TEFCA,5.817111159963204
360001,MERCY HEALTH-ANDERSON HOSPITAL,OH,MORT_30_PN,Death rate for pneumonia patients,416,15.8,12.9,18.9,07/01/2021,06/30/2024,6410580,OH,2024,0,1,1,0,1,Planned TEFCA,6.030685260261263
360012,MOUNT CARMEL ST ANN'S,OH,MORT_30_HF,Death rate for heart failure patients,278,14.6,11.5,18.2,07/01/2021,06/30/2024,6411060,OH,2024,1,1,1,1,0,Current TEFCA,5.627621113690637
360012,MOUNT CARMEL ST ANN'S,OH,MORT_30_PN,Death rate for pneumonia patients,276,18.5,14.9,22.9,07/01/2021,06/30/2024,6411060,OH,2024,1,1,1,1,0,Current TEFCA,5.62040086571715
360013,WILSON MEMORIAL HOSPITAL,OH,MORT_30_HF,Death rate for heart failure patients,53,15.7,10.3,22.1,07/01/2021,06/30/2024,6412020,OH,2023,0,0,1,0,1,Planned TEFCA,3.970291913552122
360013,WILSON MEMORIAL HOSPITAL,OH,MORT_30_PN,Death rate for pneumonia patients,107,17.1,12.1,24.1,07/01/2021,06/30/2024,6412020,OH,2023,0,0,1,0,1,Planned TEFCA,4.672828834461906
360016,THE JEWISH HOSPITAL-MERCY HEALTH,OH,MORT_30_HF,Death rate for heart failure patients,306,8.1,6,10.8,07/01/2021,06/30/2024,6419060,OH,2024,0,1,1,0,1,Planned TEFCA,5.723585101952381
360016,THE JEWISH HOSPITAL-MERCY HEALTH,OH,MORT_30_PN,Death rate for pneumonia patients,299,14.1,11.1,17.3,07/01/2021,06/30/2024,6419060,OH,2024,0,1,1,0,1,Planned TEFCA,5.700443573390687
360035,MOUNT CARMEL EAST & WEST,OH,MORT_30_HF,Death rate for heart failure patients,588,11.3,9.2,13.9,07/01/2021,06/30/2024,6418083,OH,2024,1,1,1,1,0,Current TEFCA,6.376726947898627
360035,MOUNT CARMEL EAST & WEST,OH,MORT_30_PN,Death rate for pneumonia patients,522,18.6,15.7,21.7,07/01/2021,06/30/2024,6418083,OH,2024,1,1,1,1,0,Current TEFCA,6.257667587882639
360055,INSIGHT HOSPITAL AND MEDICAL CENTER TRUMBULL,OH,MORT_30_HF,Death rate for heart failure patients,184,11.3,8.5,14.9,07/01/2021,06/30/2024,6412290,OH,2023,0,0,0,0,0,Neither current nor planned,5.214935757608986
360055,INSIGHT HOSPITAL AND MEDICAL CENTER TRUMBULL,OH,MORT_30_PN,Death rate for pneumonia patients,187,17.7,13.9,22.2,07/01/2021,06/30/2024,6412290,OH,2023,0,0,0,0,0,Neither current nor planned,5.231108616854587
360056,MERCY HEALTH - FAIRFIELD HOSPITAL,OH,MORT_30_HF,Death rate for heart failure patients,369,13.3,10.6,16.6,07/01/2021,06/30/2024,6410855,OH,2024,0,1,1,0,1,Planned TEFCA,5.910796644040527
360056,MERCY HEALTH - FAIRFIELD HOSPITAL,OH,MORT_30_PN,Death rate for pneumonia patients,310,16.5,13.1,20.5,07/01/2021,06/30/2024,6410855,OH,2024,0,1,1,0,1,Planned TEFCA,5.736572297479192
360064,ST ELIZABETH YOUNGSTOWN HOSPITAL,OH,MORT_30_HF,Death rate for heart failure patients,468,9.8,7.8,12.4,07/01/2021,06/30/2024,6412440,OH,2024,0,1,1,0,1,Planned TEFCA,6.148468295917647
360064,ST ELIZABETH YOUNGSTOWN HOSPITAL,OH,MORT_30_PN,Death rate for pneumonia patients,381,17.9,14.8,21.3,07/01/2021,06/30/2024,6412440,OH,2024,0,1,1,0,1,Planned TEFCA,5.942799375126701
360066,MERCY HEALTH ST RITAS MEDICAL CENTER,OH,MORT_30_HF,Death rate for heart failure patients,583,9.5,7.7,11.7,07/01/2021,06/30/2024,6411560,OH,2024,0,1,1,0,1,Planned TEFCA,6.368187186350492
360066,MERCY HEALTH ST RITAS MEDICAL CENTER,OH,MORT_30_PN,Death rate for pneumonia patients,600,17.4,14.9,20,07/01/2021,06/30/2024,6411560,OH,2024,0,1,1,0,1,Planned TEFCA,6.396929655216146
360068,PROMEDICA TOLEDO HOSPITAL,OH,MORT_30_HF,Death rate for heart failure patients,762,10.1,8.4,12.2,07/01/2021,06/30/2024,6412180,OH,2023,1,1,0,0,1,Planned TEFCA,6.635946555686647
360068,PROMEDICA TOLEDO HOSPITAL,OH,MORT_30_PN,Death rate for pneumonia patients,718,13.8,11.8,16.3,07/01/2021,06/30/2024,6412180,OH,2023,1,1,0,0,1,Planned TEFCA,6.576469569048224
360072,FAIRFIELD MEDICAL CENTER,OH,MORT_30_HF,Death rate for heart failure patients,275,13.4,10.4,17.2,07/01/2021,06/30/2024,6411510,OH,2023,0,0,1,0,1,Planned TEFCA,5.616771097666572
360072,FAIRFIELD MEDICAL CENTER,OH,MORT_30_PN,Death rate for pneumonia patients,317,17.1,14,20.7,07/01/2021,06/30/2024,6411510,OH,2023,0,0,1,0,1,Planned TEFCA,5.75890177387728
360086,SPRINGFIELD REGIONAL MEDICAL CENTER,OH,MORT_30_HF,Death rate for heart failure patients,294,9.8,7.5,12.8,07/01/2021,06/30/2024,6412050,OH,2024,0,1,1,0,1,Planned TEFCA,5.683579767338681
360086,SPRINGFIELD REGIONAL MEDICAL CENTER,OH,MORT_30_PN,Death rate for pneumonia patients,338,15,12.1,18.5,07/01/2021,06/30/2024,6412050,OH,2024,0,1,1,0,1,Planned TEFCA,5.823045895483019
360089,MERCY HEALTH - TIFFIN HOSPITAL,OH,MORT_30_HF,Death rate for heart failure patients,181,10.6,7.7,14.7,07/01/2021,06/30/2024,6412080,OH,2024,0,1,1,0,1,Planned TEFCA,5.198497031265826
360089,MERCY HEALTH - TIFFIN HOSPITAL,OH,MORT_30_PN,Death rate for pneumonia patients,175,17.1,13.2,21.7,07/01/2021,06/30/2024,6412080,OH,2024,0,1,1,0,1,Planned TEFCA,5.1647859739235145
360095,BLANCHARD VALLEY HOSPITAL,OH,MORT_30_HF,Death rate for heart failure patients,247,15.9,12.4,20.1,07/01/2021,06/30/2024,6410017,OH,2024,1,0,1,0,0,Neither current nor planned,5.5093883366279774
360095,BLANCHARD VALLEY HOSPITAL,OH,MORT_30_PN,Death rate for pneumonia patients,263,17.1,13.6,21.2,07/01/2021,06/30/2024,6410017,OH,2024,1,0,1,0,0,Neither current nor planned,5.572154032177765
360107,BELLEVUE HOSPITAL,OH,MORT_30_HF,Death rate for heart failure patients,74,12.2,8.2,17.9,07/01/2021,06/30/2024,6410190,OH,2023,0,0,1,1,0,Current TEFCA,4.30406509320417
360107,BELLEVUE HOSPITAL,OH,MORT_30_PN,Death rate for pneumonia patients,74,17.1,12,23.8,07/01/2021,06/30/2024,6410190,OH,2023,0,0,1,1,0,Current TEFCA,4.30406509320417
360112,MERCY ST VINCENT MEDICAL CENTER,OH,MORT_30_HF,Death rate for heart failure patients,577,11.6,9.5,14,07/01/2021,06/30/2024,6412170,OH,2024,0,1,1,0,1,Planned TEFCA,6.3578422665081
360112,MERCY ST VINCENT MEDICAL CENTER,OH,MORT_30_PN,Death rate for pneumonia patients,599,16,13.5,18.8,07/01/2021,06/30/2024,6412170,OH,2024,0,1,1,0,1,Planned TEFCA,6.395261598115449
360156,MEMORIAL HOSPITAL,OH,MORT_30_HF,Death rate for heart failure patients,103,11.8,8,16.7,07/01/2021,06/30/2024,6411340,OH,2023,1,1,0,0,1,Planned TEFCA,4.634728988229636
360156,MEMORIAL HOSPITAL,OH,MORT_30_PN,Death rate for pneumonia patients,94,18.2,13.1,24.6,07/01/2021,06/30/2024,6411340,OH,2023,1,1,0,0,1,Planned TEFCA,4.543294782270004
360161,MH ST JOSEPH WARREN HOSPITAL,OH,MORT_30_HF,Death rate for heart failure patients,227,10.6,7.9,13.9,07/01/2021,06/30/2024,6412270,OH,2024,0,1,1,0,1,Planned TEFCA,5.424950017481403
360161,MH ST JOSEPH WARREN HOSPITAL,OH,MORT_30_PN,Death rate for pneumonia patients,278,15.7,12.6,19.1,07/01/2021,06/30/2024,6412270,OH,2024,0,1,1,0,1,Planned TEFCA,5.627621113690637
360163,CHRIST HOSPITAL,OH,MORT_30_HF,Death rate for heart failure patients,740,10,8.1,12.3,07/01/2021,06/30/2024,6410430,OH,2023,1,1,1,0,1,Planned TEFCA,6.606650186198215
360163,CHRIST HOSPITAL,OH,MORT_30_PN,Death rate for pneumonia patients,506,13.7,11.3,16.5,07/01/2021,06/30/2024,6410430,OH,2023,1,1,1,0,1,Planned TEFCA,6.226536669287466
360172,MERCY REGIONAL MEDICAL CENTER,OH,MORT_30_HF,Death rate for heart failure patients,249,11.1,8.5,14.5,07/01/2021,06/30/2024,6410014,OH,2024,0,1,1,0,1,Planned TEFCA,5.517452896464707
360172,MERCY REGIONAL MEDICAL CENTER,OH,MORT_30_PN,Death rate for pneumonia patients,188,16.5,13,20.7,07/01/2021,06/30/2024,6410014,OH,2024,0,1,1,0,1,Planned TEFCA,5.236441962829949
360174,UPPER VALLEY MEDICAL CENTER,OH,MORT_30_HF,Death rate for heart failure patients,227,13.4,10.2,17.3,07/01/2021,06/30/2024,6410022,OH,2024,1,1,1,0,1,Planned TEFCA,5.424950017481403
360174,UPPER VALLEY MEDICAL CENTER,OH,MORT_30_PN,Death rate for pneumonia patients,223,14.3,10.7,18.5,07/01/2021,06/30/2024,6410022,OH,2024,1,1,1,0,1,Planned TEFCA,5.407171771460119
360234,MERCY HEALTH - WEST HOSPITAL,OH,MORT_30_HF,Death rate for heart failure patients,328,10.9,8.4,14.1,07/01/2021,06/30/2024,6410518,OH,2024,0,1,1,0,1,Planned TEFCA,5.793013608384144
360234,MERCY HEALTH - WEST HOSPITAL,OH,MORT_30_PN,Death rate for pneumonia patients,436,13.1,10.5,16.1,07/01/2021,06/30/2024,6410518,OH,2024,0,1,1,0,1,Planned TEFCA,6.077642243349034
360236,MERCY HEALTH - CLERMONT HOSPITAL,OH,MORT_30_HF,Death rate for heart failure patients,145,9.9,6.9,14,07/01/2021,06/30/2024,6410155,OH,2024,0,1,1,0,1,Planned TEFCA,4.976733742420574
360236,MERCY HEALTH - CLERMONT HOSPITAL,OH,MORT_30_PN,Death rate for pneumonia patients,276,14,10.8,17.8,07/01/2021,06/30/2024,6410155,OH,2024,0,1,1,0,1,Planned TEFCA,5.62040086571715
360259,BAY PARK COMMUNITY HOSPITAL,OH,MORT_30_HF,Death rate for heart failure patients,123,11.8,8.2,16.9,07/01/2021,06/30/2024,6410032,OH,2023,1,1,0,0,1,Planned TEFCA,4.812184355372417
360259,BAY PARK COMMUNITY HOSPITAL,OH,MORT_30_PN,Death rate for pneumonia patients,122,17.8,13,24.4,07/01/2021,06/30/2024,6410032,OH,2023,1,1,0,0,1,Planned TEFCA,4.804021044733257
360270,MERCY HEALTH - DEFIANCE HOSPITAL,OH,MORT_30_HF,Death rate for heart failure patients,110,11.8,7.9,16.7,07/01/2021,06/30/2024,6410047,OH,2024,0,1,1,0,1,Planned TEFCA,4.700480365792417
360270,MERCY HEALTH - DEFIANCE HOSPITAL,OH,MORT_30_PN,Death rate for pneumonia patients,125,14.9,10.8,20.1,07/01/2021,06/30/2024,6410047,OH,2024,0,1,1,0,1,Planned TEFCA,4.8283137373023015
360276,HMHP ST ELIZABETH BOARDMAN HEALTH CENTER,OH,MORT_30_HF,Death rate for heart failure patients,490,8.1,6.3,10.4,07/01/2021,06/30/2024,6410074,OH,2024,0,1,1,0,1,Planned TEFCA,6.194405391104672
360276,HMHP ST ELIZABETH BOARDMAN HEALTH CENTER,OH,MORT_30_PN,Death rate for pneumonia patients,417,17.3,14.5,20.6,07/01/2021,06/30/2024,6410074,OH,2024,0,1,1,0,1,Planned TEFCA,6.0330862217988015
361300,PAULDING COUNTY HOSPITAL,OH,MORT_30_PN,Death rate for pneumonia patients,42,18.3,11.8,27.9,07/01/2021,06/30/2024,6411880,OH,2024,0,0,0,0,0,Neither current nor planned,3.7376696182833684
361306,MERCY ALLEN HOSPITAL,OH,MORT_30_HF,Death rate for heart failure patients,27,10.8,6.7,16.6,07/01/2021,06/30/2024,6411840,OH,2024,0,1,1,0,1,Planned TEFCA,3.295836866004329
361306,MERCY ALLEN HOSPITAL,OH,MORT_30_PN,Death rate for pneumonia patients,31,15.4,10.1,22.7,07/01/2021,06/30/2024,6411840,OH,2024,0,1,1,0,1,Planned TEFCA,3.4339872044851463
361310,MERCY HEALTH - WILLARD HOSPITAL,OH,MORT_30_PN,Death rate for pneumonia patients,49,17.6,12.1,24.5,07/01/2021,06/30/2024,6412342,OH,2024,0,1,1,0,1,Planned TEFCA,3.8918202981106265
361312,MERCY HEALTH - URBANA HOSPITAL,OH,MORT_30_HF,Death rate for heart failure patients,34,11.4,7.1,17.1,07/01/2021,06/30/2024,6412235,OH,2024,0,1,1,0,1,Planned TEFCA,3.5263605246161616
361312,MERCY HEALTH - URBANA HOSPITAL,OH,MORT_30_PN,Death rate for pneumonia patients,47,17.1,11.7,24.3,07/01/2021,06/30/2024,6412235,OH,2024,0,1,1,0,1,Planned TEFCA,3.8501476017100584
361314,MAGRUDER HOSPITAL,OH,MORT_30_HF,Death rate for heart failure patients,42,13.2,8.5,19.9,07/01/2021,06/30/2024,6411900,OH,2024,1,0,1,0,0,Neither current nor planned,3.7376696182833684
361314,MAGRUDER HOSPITAL,OH,MORT_30_PN,Death rate for pneumonia patients,37,16.7,11,24.1,07/01/2021,06/30/2024,6411900,OH,2024,1,0,1,0,0,Neither current nor planned,3.6109179126442243
361318,FOSTORIA COMMUNITY HOSPITAL,OH,MORT_30_HF,Death rate for heart failure patients,49,10.1,6.6,15.5,07/01/2021,06/30/2024,6411325,OH,2023,1,1,0,0,1,Planned TEFCA,3.8918202981106265
361318,FOSTORIA COMMUNITY HOSPITAL,OH,MORT_30_PN,Death rate for pneumonia patients,51,14.7,9.8,21.6,07/01/2021,06/30/2024,6411325,OH,2023,1,1,0,0,1,Planned TEFCA,3.9318256327243257
361328,PROMEDICA DEFIANCE REGIONAL HOSPITAL,OH,MORT_30_HF,Death rate for heart failure patients,38,11.2,6.9,17.6,07/01/2021,06/30/2024,6411230,OH,2023,1,1,0,0,1,Planned TEFCA,3.6375861597263857
361328,PROMEDICA DEFIANCE REGIONAL HOSPITAL,OH,MORT_30_PN,Death rate for pneumonia patients,71,20.8,14.3,29.7,07/01/2021,06/30/2024,6411230,OH,2023,1,1,0,0,1,Planned TEFCA,4.2626798770413155
361330,HOCKING VALLEY COMMUNITY HOSPITAL,OH,MORT_30_PN,Death rate for pneumonia patients,44,14,9.2,21.1,07/01/2021,06/30/2024,6411579,OH,2023,0,0,0,0,0,Neither current nor planned,3.784189633918261
370001,HILLCREST MEDICAL CENTER,OK,MORT_30_HF,Death rate for heart failure patients,419,10.6,8.5,13.2,07/01/2021,06/30/2024,6731180,OK,2024,0,1,1,0,0,Neither current nor planned,6.037870919922137
370001,HILLCREST MEDICAL CENTER,OK,MORT_30_PN,Death rate for pneumonia patients,465,19.9,17,23.1,07/01/2021,06/30/2024,6731180,OK,2024,0,1,1,0,0,Neither current nor planned,6.142037405587356
370006,INTEGRIS HEALTH PONCA CITY,OK,MORT_30_HF,Death rate for heart failure patients,76,10.1,6.5,14.8,07/01/2021,06/30/2024,6730960,OK,2023,0,1,0,0,0,Neither current nor planned,4.330733340286331
370006,INTEGRIS HEALTH PONCA CITY,OK,MORT_30_PN,Death rate for pneumonia patients,138,22.1,16.9,28.5,07/01/2021,06/30/2024,6730960,OK,2023,0,1,0,0,0,Neither current nor planned,4.927253685157205
370008,NORMAN REGIONAL,OK,MORT_30_HF,Death rate for heart failure patients,240,14.8,11.4,18.8,07/01/2021,06/30/2024,6730074,OK,2024,0,0,1,0,1,Planned TEFCA,5.480638923341991
370008,NORMAN REGIONAL,OK,MORT_30_PN,Death rate for pneumonia patients,328,14.7,11.7,18.3,07/01/2021,06/30/2024,6730074,OK,2024,0,0,1,0,1,Planned TEFCA,5.793013608384144
370015,HILLCREST HOSPITAL PRYOR,OK,MORT_30_HF,Death rate for heart failure patients,27,10.5,6.6,15.9,07/01/2021,06/30/2024,6730975,OK,2024,0,1,1,0,0,Neither current nor planned,3.295836866004329
370015,HILLCREST HOSPITAL PRYOR,OK,MORT_30_PN,Death rate for pneumonia patients,81,12.3,8.1,18.1,07/01/2021,06/30/2024,6730975,OK,2024,0,1,1,0,0,Neither current nor planned,4.394449154672439
370016,INTEGRIS HEALTH ENID HOSPITAL,OK,MORT_30_HF,Death rate for heart failure patients,88,15.5,10.9,21.6,07/01/2021,06/30/2024,6730360,OK,2023,1,1,1,0,1,Planned TEFCA,4.477336814478207
370016,INTEGRIS HEALTH ENID HOSPITAL,OK,MORT_30_PN,Death rate for pneumonia patients,159,18,13.3,23.9,07/01/2021,06/30/2024,6730360,OK,2023,1,1,1,0,1,Planned TEFCA,5.0689042022202315
370026,ST MARY'S REGIONAL MEDICAL CENTER,OK,MORT_30_HF,Death rate for heart failure patients,159,14.5,10.8,19.1,07/01/2021,06/30/2024,6730380,OK,2023,1,0,1,0,0,Neither current nor planned,5.0689042022202315
370026,ST MARY'S REGIONAL MEDICAL CENTER,OK,MORT_30_PN,Death rate for pneumonia patients,286,21.9,17.9,26,07/01/2021,06/30/2024,6730380,OK,2023,1,0,1,0,0,Neither current nor planned,5.655991810819852
370034,MCALESTER REGIONAL HEALTH CENTER,OK,MORT_30_HF,Death rate for heart failure patients,134,9.5,6.6,13.5,07/01/2021,06/30/2024,6730590,OK,2023,0,0,1,0,0,Neither current nor planned,4.897839799950911
370034,MCALESTER REGIONAL HEALTH CENTER,OK,MORT_30_PN,Death rate for pneumonia patients,159,17.8,13.7,22.5,07/01/2021,06/30/2024,6730590,OK,2023,0,0,1,0,0,Neither current nor planned,5.0689042022202315
370039,HILLCREST HOSPITAL CLAREMORE,OK,MORT_30_HF,Death rate for heart failure patients,92,13.5,9.2,19.3,07/01/2021,06/30/2024,6730170,OK,2024,0,1,1,0,0,Neither current nor planned,4.5217885770490405
370039,HILLCREST HOSPITAL CLAREMORE,OK,MORT_30_PN,Death rate for pneumonia patients,118,17.9,13.1,23.7,07/01/2021,06/30/2024,6730170,OK,2024,0,1,1,0,0,Neither current nor planned,4.770684624465665
370078,OKLAHOMA STATE UNIVERSITY MEDICAL CENTER,OK,MORT_30_HF,Death rate for heart failure patients,127,14.2,10.2,19.7,07/01/2021,06/30/2024,6739125,OK,2023,0,1,1,0,0,Neither current nor planned,4.844187086458591
370078,OKLAHOMA STATE UNIVERSITY MEDICAL CENTER,OK,MORT_30_PN,Death rate for pneumonia patients,112,21.7,16.3,28.1,07/01/2021,06/30/2024,6739125,OK,2023,0,1,1,0,0,Neither current nor planned,4.718498871295094
370091,"SAINT FRANCIS HOSPITAL, INC",OK,MORT_30_HF,Death rate for heart failure patients,831,9.4,7.8,11.3,07/01/2021,06/30/2024,6731215,OK,2023,0,0,0,0,0,Neither current nor planned,6.7226297948554485
370091,"SAINT FRANCIS HOSPITAL, INC",OK,MORT_30_PN,Death rate for pneumonia patients,852,14.3,12.4,16.4,07/01/2021,06/30/2024,6731215,OK,2023,0,0,0,0,0,Neither current nor planned,6.747586526829315
370097,SOUTHWESTERN MEDICAL CENTER,OK,MORT_30_HF,Death rate for heart failure patients,62,11,7.1,16.4,07/01/2021,06/30/2024,6730570,OK,2024,1,0,0,0,1,Planned TEFCA,4.127134385045092
370097,SOUTHWESTERN MEDICAL CENTER,OK,MORT_30_PN,Death rate for pneumonia patients,170,16.1,11.7,22.1,07/01/2021,06/30/2024,6730570,OK,2024,1,0,0,0,1,Planned TEFCA,5.135798437050262
370112,SEQUOYAH COUNTY-CITY OF SALLISAW HOSPITAL AUTHORIT,OK,MORT_30_HF,Death rate for heart failure patients,31,10.8,6.5,17.3,07/01/2021,06/30/2024,6739105,OK,2024,1,0,1,1,0,Current TEFCA,3.4339872044851463
370112,SEQUOYAH COUNTY-CITY OF SALLISAW HOSPITAL AUTHORIT,OK,MORT_30_PN,Death rate for pneumonia patients,67,14.3,9.5,21.5,07/01/2021,06/30/2024,6739105,OK,2024,1,0,1,1,0,Current TEFCA,4.204692619390966
370158,PURCELL MUNICIPAL HOSPITAL,OK,MORT_30_HF,Death rate for heart failure patients,25,11.2,6.8,18.2,07/01/2021,06/30/2024,6730980,OK,2024,0,1,0,0,0,Neither current nor planned,3.2188758248682006
370158,PURCELL MUNICIPAL HOSPITAL,OK,MORT_30_PN,Death rate for pneumonia patients,45,16,10.5,24,07/01/2021,06/30/2024,6730980,OK,2024,0,1,0,0,0,Neither current nor planned,3.8066624897703196
370166,WAGONER COMMUNITY HOSPITAL,OK,MORT_30_HF,Death rate for heart failure patients,65,12,7.8,18,07/01/2021,06/30/2024,6731255,OK,2024,0,0,0,0,0,Neither current nor planned,4.174387269895637
370166,WAGONER COMMUNITY HOSPITAL,OK,MORT_30_PN,Death rate for pneumonia patients,29,14.6,9.2,23.3,07/01/2021,06/30/2024,6731255,OK,2024,0,0,0,0,0,Neither current nor planned,3.367295829986474
370227,ST JOHN OWASSO,OK,MORT_30_HF,Death rate for heart failure patients,50,11.9,7.7,18.1,07/01/2021,06/30/2024,6730069,OK,2023,1,0,1,0,1,Planned TEFCA,3.912023005428146
370227,ST JOHN OWASSO,OK,MORT_30_PN,Death rate for pneumonia patients,59,14.1,9,21,07/01/2021,06/30/2024,6730069,OK,2023,1,0,1,0,1,Planned TEFCA,4.07753744390572
370228,"BAILEY MEDICAL CENTER, LLC",OK,MORT_30_HF,Death rate for heart failure patients,28,10.6,6.8,15.9,07/01/2021,06/30/2024,6730072,OK,2024,0,1,1,0,0,Neither current nor planned,3.332204510175204
370228,"BAILEY MEDICAL CENTER, LLC",OK,MORT_30_PN,Death rate for pneumonia patients,47,14.7,9.6,22.3,07/01/2021,06/30/2024,6730072,OK,2024,0,1,1,0,0,Neither current nor planned,3.8501476017100584
371303,ROGER MILLS MEMORIAL HOSPITAL,OK,MORT_30_PN,Death rate for pneumonia patients,47,14.8,9.7,22.3,07/01/2021,06/30/2024,6730123,OK,2024,1,0,1,0,1,Planned TEFCA,3.8501476017100584
371319,"COAL COUNTY GENERAL HOSPITAL, INC.",OK,MORT_30_HF,Death rate for heart failure patients,28,10.2,6.3,16,07/01/2021,06/30/2024,6730220,OK,2023,0,0,0,0,0,Neither current nor planned,3.332204510175204
371319,"COAL COUNTY GENERAL HOSPITAL, INC.",OK,MORT_30_PN,Death rate for pneumonia patients,30,15.9,10.1,23.7,07/01/2021,06/30/2024,6730220,OK,2023,0,0,0,0,0,Neither current nor planned,3.4011973816621555
371321,HOLDENVILLE GENERAL HOSPITAL,OK,MORT_30_PN,Death rate for pneumonia patients,36,14.8,9.4,21.6,07/01/2021,06/30/2024,6730505,OK,2023,0,1,0,0,1,Planned TEFCA,3.58351893845611
371330,MANGUM REGIONAL MEDICAL CENTER,OK,MORT_30_PN,Death rate for pneumonia patients,42,15.4,10.5,22.4,07/01/2021,06/30/2024,6730580,OK,2024,1,0,1,0,0,Neither current nor planned,3.7376696182833684
371336,NEWMAN MEMORIAL HOSPITAL,OK,MORT_30_PN,Death rate for pneumonia patients,29,15.4,10.1,22.9,07/01/2021,06/30/2024,6731030,OK,2023,0,0,0,0,0,Neither current nor planned,3.367295829986474
380004,PROVIDENCE ST VINCENT MEDICAL CENTER,OR,MORT_30_HF,Death rate for heart failure patients,631,10.6,8.8,12.8,07/01/2021,06/30/2024,6920540,OR,2023,1,1,1,0,1,Planned TEFCA,6.447305862541213
380004,PROVIDENCE ST VINCENT MEDICAL CENTER,OR,MORT_30_PN,Death rate for pneumonia patients,281,13.4,10.4,17.2,07/01/2021,06/30/2024,6920540,OR,2023,1,1,1,0,1,Planned TEFCA,5.638354669333745
380005,ASANTE ASHLAND COMMUNITY HOSPITAL,OR,MORT_30_PN,Death rate for pneumonia patients,53,15.4,10.3,22.5,07/01/2021,06/30/2024,6920025,OR,2023,0,1,1,0,0,Neither current nor planned,3.970291913552122
380020,MCKENZIE-WILLAMETTE MEDICAL CENTER,OR,MORT_30_HF,Death rate for heart failure patients,112,15.8,11.6,21.2,07/01/2021,06/30/2024,6920741,OR,2023,0,0,0,0,0,Neither current nor planned,4.718498871295094
380020,MCKENZIE-WILLAMETTE MEDICAL CENTER,OR,MORT_30_PN,Death rate for pneumonia patients,95,17.6,12.6,24,07/01/2021,06/30/2024,6920741,OR,2023,0,0,0,0,0,Neither current nor planned,4.553876891600541
380021,HILLSBORO MEDICAL CENTER,OR,MORT_30_HF,Death rate for heart failure patients,117,12.9,9.2,17.8,07/01/2021,06/30/2024,6920004,OR,2023,1,1,0,0,0,Neither current nor planned,4.762173934797756
380021,HILLSBORO MEDICAL CENTER,OR,MORT_30_PN,Death rate for pneumonia patients,119,18.5,13.9,24.1,07/01/2021,06/30/2024,6920004,OR,2023,1,1,0,0,0,Neither current nor planned,4.77912349311153
380037,PROVIDENCE NEWBERG MEDICAL CENTER,OR,MORT_30_HF,Death rate for heart failure patients,124,10.8,7.6,15.2,07/01/2021,06/30/2024,6920315,OR,2023,1,1,1,0,1,Planned TEFCA,4.820281565605037
380037,PROVIDENCE NEWBERG MEDICAL CENTER,OR,MORT_30_PN,Death rate for pneumonia patients,72,17.3,12.3,23.5,07/01/2021,06/30/2024,6920315,OR,2023,1,1,1,0,1,Planned TEFCA,4.276666119016055
380038,PROVIDENCE WILLAMETTE FALLS MEDICAL CENTER,OR,MORT_30_HF,Death rate for heart failure patients,120,8.2,5.5,11.8,07/01/2021,06/30/2024,6920350,OR,2023,1,1,1,0,1,Planned TEFCA,4.787491742782046
380038,PROVIDENCE WILLAMETTE FALLS MEDICAL CENTER,OR,MORT_30_PN,Death rate for pneumonia patients,116,17.3,13,22.4,07/01/2021,06/30/2024,6920350,OR,2023,1,1,1,0,1,Planned TEFCA,4.7535901911063645
380050,SKY LAKES MEDICAL CENTER,OR,MORT_30_HF,Death rate for heart failure patients,212,12.6,9.3,16.5,07/01/2021,06/30/2024,6920207,OR,2023,1,1,1,1,0,Current TEFCA,5.356586274672012
380050,SKY LAKES MEDICAL CENTER,OR,MORT_30_PN,Death rate for pneumonia patients,252,18.6,14.6,23.2,07/01/2021,06/30/2024,6920207,OR,2023,1,1,1,1,0,Current TEFCA,5.529429087511423
380051,SALEM HOSPITAL,OR,MORT_30_HF,Death rate for heart failure patients,496,15.1,12.7,17.9,07/01/2021,06/30/2024,6920708,OR,2023,1,1,0,0,0,Neither current nor planned,6.206575926724928
380051,SALEM HOSPITAL,OR,MORT_30_PN,Death rate for pneumonia patients,501,18,15.3,21.1,07/01/2021,06/30/2024,6920708,OR,2023,1,1,0,0,0,Neither current nor planned,6.2166061010848646
380052,SAINT ALPHONSUS MEDICAL CENTER ONTARIO,OR,MORT_30_HF,Death rate for heart failure patients,57,12.7,8.4,18.4,07/01/2021,06/30/2024,6920340,OR,2024,0,1,1,1,0,Current TEFCA,4.04305126783455
380052,SAINT ALPHONSUS MEDICAL CENTER ONTARIO,OR,MORT_30_PN,Death rate for pneumonia patients,57,13.4,9,19.4,07/01/2021,06/30/2024,6920340,OR,2024,0,1,1,1,0,Current TEFCA,4.04305126783455
380061,PROVIDENCE PORTLAND MEDICAL CENTER,OR,MORT_30_HF,Death rate for heart failure patients,317,9.9,7.5,12.9,07/01/2021,06/30/2024,6920520,OR,2023,1,1,1,0,1,Planned TEFCA,5.75890177387728
380061,PROVIDENCE PORTLAND MEDICAL CENTER,OR,MORT_30_PN,Death rate for pneumonia patients,193,13.9,10.5,18,07/01/2021,06/30/2024,6920520,OR,2023,1,1,1,0,1,Planned TEFCA,5.262690188904886
380075,PROVIDENCE MEDFORD MEDICAL CENTER,OR,MORT_30_HF,Death rate for heart failure patients,215,13,9.9,16.7,07/01/2021,06/30/2024,6920290,OR,2023,1,1,1,0,1,Planned TEFCA,5.3706380281276624
380075,PROVIDENCE MEDFORD MEDICAL CENTER,OR,MORT_30_PN,Death rate for pneumonia patients,169,15.9,12.1,20.3,07/01/2021,06/30/2024,6920290,OR,2023,1,1,1,0,1,Planned TEFCA,5.1298987149230735
380082,PROVIDENCE MILWAUKIE HOSPITAL,OR,MORT_30_HF,Death rate for heart failure patients,109,13.3,9.5,17.9,07/01/2021,06/30/2024,6920296,OR,2023,1,1,1,0,1,Planned TEFCA,4.6913478822291435
380082,PROVIDENCE MILWAUKIE HOSPITAL,OR,MORT_30_PN,Death rate for pneumonia patients,60,17.2,12.5,23.2,07/01/2021,06/30/2024,6920296,OR,2023,1,1,1,0,1,Planned TEFCA,4.0943445622221
380102,SACRED HEART MEDICAL CENTER - RIVERBEND,OR,MORT_30_HF,Death rate for heart failure patients,536,13.7,11.4,16.4,07/01/2021,06/30/2024,6920051,OR,2023,1,1,1,1,0,Current TEFCA,6.284134161070802
380102,SACRED HEART MEDICAL CENTER - RIVERBEND,OR,MORT_30_PN,Death rate for pneumonia patients,353,16.1,13.1,19.8,07/01/2021,06/30/2024,6920051,OR,2023,1,1,1,1,0,Current TEFCA,5.8664680569332965
381303,PROVIDENCE SEASIDE HOSPITAL,OR,MORT_30_HF,Death rate for heart failure patients,98,12.2,8.1,17.4,07/01/2021,06/30/2024,6920725,OR,2023,1,1,1,0,1,Planned TEFCA,4.584967478670572
381303,PROVIDENCE SEASIDE HOSPITAL,OR,MORT_30_PN,Death rate for pneumonia patients,73,16.9,12,23.8,07/01/2021,06/30/2024,6920725,OR,2023,1,1,1,0,1,Planned TEFCA,4.290459441148391
381304,SOUTHERN COOS HOSPITAL & HEALTH CENTER,OR,MORT_30_HF,Death rate for heart failure patients,26,15,9.6,22.8,07/01/2021,06/30/2024,6920065,OR,2024,1,0,1,0,1,Planned TEFCA,3.258096538021482
381304,SOUTHERN COOS HOSPITAL & HEALTH CENTER,OR,MORT_30_PN,Death rate for pneumonia patients,44,17.3,11.5,25.7,07/01/2021,06/30/2024,6920065,OR,2024,1,0,1,0,1,Planned TEFCA,3.784189633918261
381306,WALLOWA MEMORIAL HOSPITAL,OR,MORT_30_HF,Death rate for heart failure patients,27,11.8,7.3,18.5,07/01/2021,06/30/2024,6920140,OR,2023,0,1,0,0,0,Neither current nor planned,3.295836866004329
381306,WALLOWA MEMORIAL HOSPITAL,OR,MORT_30_PN,Death rate for pneumonia patients,40,19.1,12.2,27.9,07/01/2021,06/30/2024,6920140,OR,2023,0,1,0,0,0,Neither current nor planned,3.6888794541139363
381309,LAKE DISTRICT HOSPITAL,OR,MORT_30_PN,Death rate for pneumonia patients,33,16.7,10.8,24.9,07/01/2021,06/30/2024,6920231,OR,2023,1,0,0,0,0,Neither current nor planned,3.4965075614664802
381312,COQUILLE VALLEY HOSPITAL,OR,MORT_30_PN,Death rate for pneumonia patients,28,18.9,12.5,27.8,07/01/2021,06/30/2024,6920105,OR,2023,1,0,1,0,0,Neither current nor planned,3.332204510175204
381313,ST CHARLES MEDICAL CENTER PRINEVILLE,OR,MORT_30_HF,Death rate for heart failure patients,31,12.5,8.1,18.7,07/01/2021,06/30/2024,6920610,OR,2023,1,1,1,0,0,Neither current nor planned,3.4339872044851463
381313,ST CHARLES MEDICAL CENTER PRINEVILLE,OR,MORT_30_PN,Death rate for pneumonia patients,37,18.7,12.4,26.7,07/01/2021,06/30/2024,6920610,OR,2023,1,1,1,0,0,Neither current nor planned,3.6109179126442243
381315,ST. ALPHONSUS MEDICAL CENTER - BAKER CITY,OR,MORT_30_HF,Death rate for heart failure patients,39,19.8,12.5,30.4,07/01/2021,06/30/2024,6920060,OR,2024,0,1,1,1,0,Current TEFCA,3.6635616461296463
381315,ST. ALPHONSUS MEDICAL CENTER - BAKER CITY,OR,MORT_30_PN,Death rate for pneumonia patients,43,24.4,16.1,34.6,07/01/2021,06/30/2024,6920060,OR,2024,0,1,1,1,0,Current TEFCA,3.7612001156935624
381316,PEACE HARBOR MEDICAL CENTER,OR,MORT_30_HF,Death rate for heart failure patients,50,11.2,7.5,16.2,07/01/2021,06/30/2024,6920163,OR,2023,1,1,1,1,0,Current TEFCA,3.912023005428146
381316,PEACE HARBOR MEDICAL CENTER,OR,MORT_30_PN,Death rate for pneumonia patients,39,13.7,8.9,20.1,07/01/2021,06/30/2024,6920163,OR,2023,1,1,1,1,0,Current TEFCA,3.6635616461296463
381318,PROVIDENCE HOOD RIVER MEMORIAL HOSPITAL,OR,MORT_30_HF,Death rate for heart failure patients,82,14.3,9.7,20.4,07/01/2021,06/30/2024,6920190,OR,2023,1,1,1,0,1,Planned TEFCA,4.406719247264253
381318,PROVIDENCE HOOD RIVER MEMORIAL HOSPITAL,OR,MORT_30_PN,Death rate for pneumonia patients,70,16.1,10.9,23.5,07/01/2021,06/30/2024,6920190,OR,2023,1,1,1,0,1,Planned TEFCA,4.248495242049359
381324,ST CHARLES MADRAS,OR,MORT_30_HF,Death rate for heart failure patients,26,13.6,8.4,21.5,07/01/2021,06/30/2024,6920242,OR,2024,1,0,1,1,0,Current TEFCA,3.258096538021482
390012,JEFFERSON LANSDALE HOSPITAL,PA,MORT_30_HF,Death rate for heart failure patients,374,10.8,8.4,13.8,07/01/2021,06/30/2024,6231150,PA,2023,1,1,1,1,0,Current TEFCA,5.924255797414532
390012,JEFFERSON LANSDALE HOSPITAL,PA,MORT_30_PN,Death rate for pneumonia patients,287,16.6,13.3,20.8,07/01/2021,06/30/2024,6231150,PA,2023,1,1,1,1,0,Current TEFCA,5.659482215759621
390035,ST LUKE'S HOSPITAL - UPPER BUCKS CAMPUS,PA,MORT_30_HF,Death rate for heart failure patients,221,9.6,6.9,13.3,07/01/2021,06/30/2024,6232820,PA,2023,1,1,0,0,1,Planned TEFCA,5.3981627015177525
390035,ST LUKE'S HOSPITAL - UPPER BUCKS CAMPUS,PA,MORT_30_PN,Death rate for pneumonia patients,228,12.6,9.5,16.3,07/01/2021,06/30/2024,6232820,PA,2023,1,1,0,0,1,Planned TEFCA,5.429345628954441
390049,ST LUKES HOSPITAL,PA,MORT_30_HF,Death rate for heart failure patients,915,9.5,7.9,11.3,07/01/2021,06/30/2024,6230049,PA,2023,1,1,0,0,1,Planned TEFCA,6.818924065275521
390049,ST LUKES HOSPITAL,PA,MORT_30_PN,Death rate for pneumonia patients,571,14.2,12,16.9,07/01/2021,06/30/2024,6230049,PA,2023,1,1,0,0,1,Planned TEFCA,6.3473892096560105
390057,ST LUKE'S HOSPITAL - GRAND VIEW CAMPUS,PA,MORT_30_HF,Death rate for heart failure patients,327,9.9,7.7,12.8,07/01/2021,06/30/2024,6233090,PA,2023,0,0,1,0,0,Neither current nor planned,5.7899601708972535
390057,ST LUKE'S HOSPITAL - GRAND VIEW CAMPUS,PA,MORT_30_PN,Death rate for pneumonia patients,394,14.7,12,17.7,07/01/2021,06/30/2024,6233090,PA,2023,0,0,1,0,0,Neither current nor planned,5.976350909297934
390058,UPMC CARLISLE,PA,MORT_30_HF,Death rate for heart failure patients,240,11.5,8.7,15,07/01/2021,06/30/2024,6230340,PA,2023,1,1,1,0,1,Planned TEFCA,5.480638923341991
390058,UPMC CARLISLE,PA,MORT_30_PN,Death rate for pneumonia patients,207,16,12.8,20,07/01/2021,06/30/2024,6230340,PA,2023,1,1,1,0,1,Planned TEFCA,5.332718793265369
390067,UPMC PINNACLE HOSPITALS,PA,MORT_30_HF,Death rate for heart failure patients,956,10.6,9,12.5,07/01/2021,06/30/2024,6230039,PA,2023,1,1,1,0,1,Planned TEFCA,6.862757913051401
390067,UPMC PINNACLE HOSPITALS,PA,MORT_30_PN,Death rate for pneumonia patients,675,16.3,14,18.7,07/01/2021,06/30/2024,6230039,PA,2023,1,1,1,0,1,Planned TEFCA,6.51471269087253
390068,UPMC LITITZ,PA,MORT_30_HF,Death rate for heart failure patients,105,11.4,7.8,16.3,07/01/2021,06/30/2024,6239183,PA,2023,1,1,1,0,1,Planned TEFCA,4.653960350157523
390068,UPMC LITITZ,PA,MORT_30_PN,Death rate for pneumonia patients,81,17.6,12.7,23.6,07/01/2021,06/30/2024,6239183,PA,2023,1,1,1,0,1,Planned TEFCA,4.394449154672439
390079,ROBERT PACKER HOSPITAL,PA,MORT_30_HF,Death rate for heart failure patients,425,15.1,12.4,18.3,07/01/2021,06/30/2024,6232970,PA,2023,1,1,1,0,1,Planned TEFCA,6.052089168924417
390079,ROBERT PACKER HOSPITAL,PA,MORT_30_PN,Death rate for pneumonia patients,433,16.5,13.7,19.5,07/01/2021,06/30/2024,6232970,PA,2023,1,1,1,0,1,Planned TEFCA,6.07073772800249
390086,PENN HIGHLANDS DUBOIS,PA,MORT_30_HF,Death rate for heart failure patients,364,13,10.1,16.2,07/01/2021,06/30/2024,6230615,PA,2023,0,0,0,0,0,Neither current nor planned,5.8971538676367405
390086,PENN HIGHLANDS DUBOIS,PA,MORT_30_PN,Death rate for pneumonia patients,274,16.6,13.2,20.8,07/01/2021,06/30/2024,6230615,PA,2023,0,0,0,0,0,Neither current nor planned,5.6131281063880705
390101,UPMC MEMORIAL,PA,MORT_30_HF,Death rate for heart failure patients,204,11.1,8,15,07/01/2021,06/30/2024,6233549,PA,2023,1,1,1,0,1,Planned TEFCA,5.318119993844216
390101,UPMC MEMORIAL,PA,MORT_30_PN,Death rate for pneumonia patients,156,14.3,10.7,18.7,07/01/2021,06/30/2024,6233549,PA,2023,1,1,1,0,1,Planned TEFCA,5.049856007249537
390113,MEADVILLE MEDICAL CENTER,PA,MORT_30_HF,Death rate for heart failure patients,190,13.2,9.8,17.8,07/01/2021,06/30/2024,6231335,PA,2023,1,0,1,0,0,Neither current nor planned,5.247024072160486
390113,MEADVILLE MEDICAL CENTER,PA,MORT_30_PN,Death rate for pneumonia patients,179,14.9,11.2,19.4,07/01/2021,06/30/2024,6231335,PA,2023,1,0,1,0,0,Neither current nor planned,5.187385805840755
390115,JEFFERSON HEALTH- NORTHEAST,PA,MORT_30_HF,Death rate for heart failure patients,753,9.6,7.9,11.8,07/01/2021,06/30/2024,6230054,PA,2023,1,1,1,1,0,Current TEFCA,6.6240652277998935
390115,JEFFERSON HEALTH- NORTHEAST,PA,MORT_30_PN,Death rate for pneumonia patients,482,15,12.3,18.3,07/01/2021,06/30/2024,6230054,PA,2023,1,1,1,1,0,Current TEFCA,6.1779441140506
390125,WAYNE MEMORIAL HOSPITAL,PA,MORT_30_HF,Death rate for heart failure patients,156,14.1,10.3,19.3,07/01/2021,06/30/2024,6230990,PA,2024,0,0,1,0,0,Neither current nor planned,5.049856007249537
390125,WAYNE MEMORIAL HOSPITAL,PA,MORT_30_PN,Death rate for pneumonia patients,251,19.4,14.9,24.7,07/01/2021,06/30/2024,6230990,PA,2024,0,0,1,0,0,Neither current nor planned,5.5254529391317835
390142,JEFFERSON EINSTEIN PHILADELPHIA HOSPITAL,PA,MORT_30_HF,Death rate for heart failure patients,263,8.6,6.4,11.6,07/01/2021,06/30/2024,6231634,PA,2023,1,0,1,0,1,Planned TEFCA,5.572154032177765
390142,JEFFERSON EINSTEIN PHILADELPHIA HOSPITAL,PA,MORT_30_PN,Death rate for pneumonia patients,125,16.7,12.9,20.7,07/01/2021,06/30/2024,6231634,PA,2023,1,0,1,0,1,Planned TEFCA,4.8283137373023015
390156,MERCY CATHOLIC MEDICAL CENTER- MERCY FITZGERALD,PA,MORT_30_HF,Death rate for heart failure patients,161,9.1,6.2,13.2,07/01/2021,06/30/2024,6230555,PA,2023,1,0,1,0,0,Neither current nor planned,5.081404364984463
390156,MERCY CATHOLIC MEDICAL CENTER- MERCY FITZGERALD,PA,MORT_30_PN,Death rate for pneumonia patients,87,17.6,12.6,24.3,07/01/2021,06/30/2024,6230555,PA,2023,1,0,1,0,0,Neither current nor planned,4.465908118654584
390173,INDIANA REGIONAL MEDICAL CENTER,PA,MORT_30_HF,Death rate for heart failure patients,120,15.3,11.2,20.9,07/01/2021,06/30/2024,6231010,PA,2023,1,0,0,0,0,Neither current nor planned,4.787491742782046
390173,INDIANA REGIONAL MEDICAL CENTER,PA,MORT_30_PN,Death rate for pneumonia patients,126,19.3,14.6,24.9,07/01/2021,06/30/2024,6231010,PA,2023,1,0,0,0,0,Neither current nor planned,4.836281906951478
390174,THOMAS JEFFERSON UNIVERSITY HOSPITAL,PA,MORT_30_HF,Death rate for heart failure patients,556,8,6.3,10.2,07/01/2021,06/30/2024,6230043,PA,2023,1,1,1,1,0,Current TEFCA,6.320768294250582
390174,THOMAS JEFFERSON UNIVERSITY HOSPITAL,PA,MORT_30_PN,Death rate for pneumonia patients,307,13.8,10.9,17.5,07/01/2021,06/30/2024,6230043,PA,2023,1,1,1,1,0,Current TEFCA,5.726847747587197
390183,ST LUKE'S MINERS MEMORIAL HOSPITAL,PA,MORT_30_HF,Death rate for heart failure patients,218,8.2,5.9,11.1,07/01/2021,06/30/2024,6230440,PA,2023,1,1,0,0,1,Planned TEFCA,5.384495062789089
390183,ST LUKE'S MINERS MEMORIAL HOSPITAL,PA,MORT_30_PN,Death rate for pneumonia patients,148,13.4,9.7,17.8,07/01/2021,06/30/2024,6230440,PA,2023,1,1,0,0,1,Planned TEFCA,4.997212273764115
390203,DOYLESTOWN HOSPITAL,PA,MORT_30_HF,Death rate for heart failure patients,902,10.7,8.9,12.6,07/01/2021,06/30/2024,6230590,PA,2023,0,0,1,0,0,Neither current nor planned,6.804614520062624
390203,DOYLESTOWN HOSPITAL,PA,MORT_30_PN,Death rate for pneumonia patients,618,15.3,12.8,18,07/01/2021,06/30/2024,6230590,PA,2023,0,0,1,0,0,Neither current nor planned,6.42648845745769
390204,NAZARETH HOSPITAL,PA,MORT_30_HF,Death rate for heart failure patients,229,12.8,9.9,16.6,07/01/2021,06/30/2024,6232030,PA,2024,1,1,1,0,1,Planned TEFCA,5.43372200355424
390204,NAZARETH HOSPITAL,PA,MORT_30_PN,Death rate for pneumonia patients,244,16.4,13.5,19.8,07/01/2021,06/30/2024,6232030,PA,2024,1,1,1,0,1,Planned TEFCA,5.497168225293202
390228,ST CLAIR HOSPITAL,PA,MORT_30_HF,Death rate for heart failure patients,415,12.6,10.2,15.5,07/01/2021,06/30/2024,6232575,PA,2023,1,0,1,0,1,Planned TEFCA,6.028278520230698
390228,ST CLAIR HOSPITAL,PA,MORT_30_PN,Death rate for pneumonia patients,420,15.2,12.5,18.4,07/01/2021,06/30/2024,6232575,PA,2023,1,0,1,0,1,Planned TEFCA,6.040254711277414
390231,JEFFERSON ABINGTON HOSPITAL,PA,MORT_30_HF,Death rate for heart failure patients,1103,8.3,6.9,9.9,07/01/2021,06/30/2024,6230010,PA,2023,1,1,1,1,0,Current TEFCA,7.005789019253503
390231,JEFFERSON ABINGTON HOSPITAL,PA,MORT_30_PN,Death rate for pneumonia patients,786,13.9,11.8,16,07/01/2021,06/30/2024,6230010,PA,2023,1,1,1,1,0,Current TEFCA,6.666956792429207
390233,UPMC HANOVER,PA,MORT_30_HF,Death rate for heart failure patients,338,12.4,9.9,15.7,07/01/2021,06/30/2024,6230880,PA,2023,1,1,1,0,1,Planned TEFCA,5.823045895483019
390233,UPMC HANOVER,PA,MORT_30_PN,Death rate for pneumonia patients,390,15.3,12.4,18.9,07/01/2021,06/30/2024,6230880,PA,2023,1,1,1,0,1,Planned TEFCA,5.966146739123692
390237,REGIONAL HOSPITAL OF SCRANTON,PA,MORT_30_HF,Death rate for heart failure patients,609,12.9,10.6,15.6,07/01/2021,06/30/2024,6233000,PA,2024,1,0,0,0,0,Neither current nor planned,6.411818267709897
390237,REGIONAL HOSPITAL OF SCRANTON,PA,MORT_30_PN,Death rate for pneumonia patients,530,19.5,16.7,22.6,07/01/2021,06/30/2024,6233000,PA,2024,1,0,0,0,0,Neither current nor planned,6.272877006546167
390258,ST MARY MEDICAL CENTER,PA,MORT_30_HF,Death rate for heart failure patients,633,10.1,8.1,12.5,07/01/2021,06/30/2024,6231130,PA,2024,0,1,1,0,1,Planned TEFCA,6.450470422144176
390258,ST MARY MEDICAL CENTER,PA,MORT_30_PN,Death rate for pneumonia patients,824,19,16.5,21.6,07/01/2021,06/30/2024,6231130,PA,2024,0,1,1,0,1,Planned TEFCA,6.714170529909472
390329,JEFFERSON EINSTEIN MONTGOMERY HOSPITAL,PA,MORT_30_HF,Death rate for heart failure patients,462,12.7,10.4,15.6,07/01/2021,06/30/2024,6230515,PA,2023,1,0,1,0,1,Planned TEFCA,6.135564891081739
390329,JEFFERSON EINSTEIN MONTGOMERY HOSPITAL,PA,MORT_30_PN,Death rate for pneumonia patients,312,13.1,10.5,16.2,07/01/2021,06/30/2024,6230515,PA,2023,1,0,1,0,1,Planned TEFCA,5.7430031878094825
390330,ST LUKE'S HOSPITAL - MONROE CAMPUS,PA,MORT_30_HF,Death rate for heart failure patients,371,8.2,6.2,10.7,07/01/2021,06/30/2024,6230552,PA,2023,1,1,0,0,1,Planned TEFCA,5.916202062607435
390330,ST LUKE'S HOSPITAL - MONROE CAMPUS,PA,MORT_30_PN,Death rate for pneumonia patients,285,13.7,10.7,17.3,07/01/2021,06/30/2024,6230552,PA,2023,1,1,0,0,1,Planned TEFCA,5.652489180268651
390332,GEISINGER ST. LUKE'S  HOSPITAL,PA,MORT_30_HF,Death rate for heart failure patients,280,10.4,7.7,13.6,07/01/2021,06/30/2024,6230563,PA,2023,1,1,0,0,1,Planned TEFCA,5.634789603169249
390332,GEISINGER ST. LUKE'S  HOSPITAL,PA,MORT_30_PN,Death rate for pneumonia patients,193,13.2,10.3,17.1,07/01/2021,06/30/2024,6230563,PA,2023,1,1,0,0,1,Planned TEFCA,5.262690188904886
410008,SOUTH COUNTY HOSPITAL INC,RI,MORT_30_HF,Death rate for heart failure patients,223,11.8,8.6,15.7,07/01/2021,06/30/2024,6150200,RI,2023,0,0,1,0,0,Neither current nor planned,5.407171771460119
410008,SOUTH COUNTY HOSPITAL INC,RI,MORT_30_PN,Death rate for pneumonia patients,232,15.6,12.2,19.7,07/01/2021,06/30/2024,6150200,RI,2023,0,0,1,0,0,Neither current nor planned,5.44673737166631
410013,WESTERLY HOSPITAL,RI,MORT_30_HF,Death rate for heart failure patients,213,11.8,8.8,15.3,07/01/2021,06/30/2024,6150220,RI,2024,1,1,1,0,1,Planned TEFCA,5.3612921657094255
410013,WESTERLY HOSPITAL,RI,MORT_30_PN,Death rate for pneumonia patients,223,19.5,15.7,23.6,07/01/2021,06/30/2024,6150220,RI,2024,1,1,1,0,1,Planned TEFCA,5.407171771460119
420004,MUSC MEDICAL CENTER,SC,MORT_30_HF,Death rate for heart failure patients,510,11.4,9.2,14.1,07/01/2021,06/30/2024,6370085,SC,2023,1,1,1,0,1,Planned TEFCA,6.234410725718371
420004,MUSC MEDICAL CENTER,SC,MORT_30_PN,Death rate for pneumonia patients,400,16.1,13.4,19.2,07/01/2021,06/30/2024,6370085,SC,2023,1,1,1,0,1,Planned TEFCA,5.991464547107982
420023,ST FRANCIS-DOWNTOWN,SC,MORT_30_HF,Death rate for heart failure patients,567,12.1,9.9,14.6,07/01/2021,06/30/2024,6370330,SC,2024,0,1,1,0,1,Planned TEFCA,6.340359303727752
420023,ST FRANCIS-DOWNTOWN,SC,MORT_30_PN,Death rate for pneumonia patients,656,16.1,13.9,18.7,07/01/2021,06/30/2024,6370330,SC,2024,0,1,1,0,1,Planned TEFCA,6.486160788944089
420027,ANMED HEALTH,SC,MORT_30_HF,Death rate for heart failure patients,528,14.2,11.7,17.2,07/01/2021,06/30/2024,6370030,SC,2024,1,1,1,1,0,Current TEFCA,6.269096283706261
420027,ANMED HEALTH,SC,MORT_30_PN,Death rate for pneumonia patients,836,17.1,15,19.6,07/01/2021,06/30/2024,6370030,SC,2024,1,1,1,1,0,Current TEFCA,6.728628613084702
420065,BON SECOURS-ST FRANCIS XAVIER HOSPITAL,SC,MORT_30_HF,Death rate for heart failure patients,257,14.4,11.3,18.1,07/01/2021,06/30/2024,6370100,SC,2024,0,1,1,0,1,Planned TEFCA,5.54907608489522
420065,BON SECOURS-ST FRANCIS XAVIER HOSPITAL,SC,MORT_30_PN,Death rate for pneumonia patients,267,16,12.6,19.7,07/01/2021,06/30/2024,6370100,SC,2024,0,1,1,0,1,Planned TEFCA,5.58724865840025
420087,ROPER HOSPITAL,SC,MORT_30_HF,Death rate for heart failure patients,673,11,9,13.2,07/01/2021,06/30/2024,6370090,SC,2024,0,1,1,0,1,Planned TEFCA,6.511745329644728
420087,ROPER HOSPITAL,SC,MORT_30_PN,Death rate for pneumonia patients,369,15.1,12.3,18.4,07/01/2021,06/30/2024,6370090,SC,2024,0,1,1,0,1,Planned TEFCA,5.910796644040527
420098,TIDELANDS WACCAMAW COMMUNITY HOSPITAL,SC,MORT_30_HF,Death rate for heart failure patients,383,12.4,9.7,15.6,07/01/2021,06/30/2024,6370018,SC,2023,1,0,1,0,1,Planned TEFCA,5.948034989180646
420098,TIDELANDS WACCAMAW COMMUNITY HOSPITAL,SC,MORT_30_PN,Death rate for pneumonia patients,455,18.5,15.4,21.9,07/01/2021,06/30/2024,6370018,SC,2023,1,0,1,0,1,Planned TEFCA,6.12029741895095
420104,MOUNT PLEASANT HOSPITAL,SC,MORT_30_HF,Death rate for heart failure patients,175,10.5,7.7,14.4,07/01/2021,06/30/2024,6370035,SC,2024,0,1,1,0,1,Planned TEFCA,5.1647859739235145
420104,MOUNT PLEASANT HOSPITAL,SC,MORT_30_PN,Death rate for pneumonia patients,198,13.5,10.2,17.5,07/01/2021,06/30/2024,6370035,SC,2024,0,1,1,0,1,Planned TEFCA,5.288267030694535
420110,ROPER ST FRANCIS HOSPITAL-BERKELEY INC,SC,MORT_30_HF,Death rate for heart failure patients,131,11.5,8.3,15.5,07/01/2021,06/30/2024,6370433,SC,2024,0,1,1,0,1,Planned TEFCA,4.875197323201151
420110,ROPER ST FRANCIS HOSPITAL-BERKELEY INC,SC,MORT_30_PN,Death rate for pneumonia patients,125,15.9,11.6,21.2,07/01/2021,06/30/2024,6370433,SC,2024,0,1,1,0,1,Planned TEFCA,4.8283137373023015
430012,AVERA SACRED HEART HOSPITAL,SD,MORT_30_HF,Death rate for heart failure patients,109,15.6,11.2,21.4,07/01/2021,06/30/2024,6650530,SD,2024,1,0,1,0,0,Neither current nor planned,4.6913478822291435
430012,AVERA SACRED HEART HOSPITAL,SD,MORT_30_PN,Death rate for pneumonia patients,130,16,11.3,22,07/01/2021,06/30/2024,6650530,SD,2024,1,0,1,0,0,Neither current nor planned,4.867534450455582
430014,AVERA ST LUKES,SD,MORT_30_HF,Death rate for heart failure patients,177,10.5,7.8,14,07/01/2021,06/30/2024,6650004,SD,2024,1,0,1,0,0,Neither current nor planned,5.176149732573829
430014,AVERA ST LUKES,SD,MORT_30_PN,Death rate for pneumonia patients,164,14.8,11.2,19.5,07/01/2021,06/30/2024,6650004,SD,2024,1,0,1,0,0,Neither current nor planned,5.099866427824199
430015,AVERA ST MARY'S HOSPITAL,SD,MORT_30_HF,Death rate for heart failure patients,48,17.3,11.9,24.5,07/01/2021,06/30/2024,6650330,SD,2024,1,0,1,0,0,Neither current nor planned,3.871201010907891
430015,AVERA ST MARY'S HOSPITAL,SD,MORT_30_PN,Death rate for pneumonia patients,111,20,15,26,07/01/2021,06/30/2024,6650330,SD,2024,1,0,1,0,0,Neither current nor planned,4.709530201312334
430016,AVERA MCKENNAN HOSPITAL & UNIVERSITY HEALTH CENTER,SD,MORT_30_HF,Death rate for heart failure patients,334,10.8,8.4,13.9,07/01/2021,06/30/2024,6650420,SD,2024,1,0,1,0,0,Neither current nor planned,5.811140992976701
430016,AVERA MCKENNAN HOSPITAL & UNIVERSITY HEALTH CENTER,SD,MORT_30_PN,Death rate for pneumonia patients,498,14.7,12.1,17.6,07/01/2021,06/30/2024,6650420,SD,2024,1,0,1,0,0,Neither current nor planned,6.210600077024653
431302,AVERA MISSOURI RIVER HEALTH CENTER,SD,MORT_30_PN,Death rate for pneumonia patients,30,17,11.5,24.5,07/01/2021,06/30/2024,6650145,SD,2024,1,0,1,0,0,Neither current nor planned,3.4011973816621555
431306,PLATTE HEALTH CENTER,SD,MORT_30_PN,Death rate for pneumonia patients,47,15.3,10.1,22.2,07/01/2021,06/30/2024,6650345,SD,2024,1,0,1,0,0,Neither current nor planned,3.8501476017100584
431310,AVERA FLANDREAU HOSPITAL - CAH,SD,MORT_30_PN,Death rate for pneumonia patients,27,16.8,11.3,24.8,07/01/2021,06/30/2024,6650110,SD,2024,1,0,1,0,0,Neither current nor planned,3.295836866004329
431319,HANS P PETERSON MEMORIAL HOSPITAL - CAH,SD,MORT_30_PN,Death rate for pneumonia patients,36,14.3,8.9,22.1,07/01/2021,06/30/2024,6650325,SD,2023,1,1,1,0,1,Planned TEFCA,3.58351893845611
431330,AVERA ST BENEDICT HEALTH CENTER - CAH,SD,MORT_30_HF,Death rate for heart failure patients,25,12.8,7.6,20.2,07/01/2021,06/30/2024,6650320,SD,2024,1,0,1,0,0,Neither current nor planned,3.2188758248682006
431330,AVERA ST BENEDICT HEALTH CENTER - CAH,SD,MORT_30_PN,Death rate for pneumonia patients,25,17.5,11.3,25.5,07/01/2021,06/30/2024,6650320,SD,2024,1,0,1,0,0,Neither current nor planned,3.2188758248682006
431337,AVERA HAND COUNTY MEMORIAL HOSPITAL AND CLINIC,SD,MORT_30_PN,Death rate for pneumonia patients,30,21.3,14.1,31.6,07/01/2021,06/30/2024,6650270,SD,2024,1,0,1,0,0,Neither current nor planned,3.4011973816621555
431338,AVERA GREGORY HOSPITAL,SD,MORT_30_PN,Death rate for pneumonia patients,51,14.8,9.9,21.2,07/01/2021,06/30/2024,6650149,SD,2024,1,0,1,0,0,Neither current nor planned,3.9318256327243257
431340,AVERA QUEEN OF PEACE,SD,MORT_30_HF,Death rate for heart failure patients,71,11.7,7.7,17.4,07/01/2021,06/30/2024,6650003,SD,2024,1,0,1,0,0,Neither current nor planned,4.2626798770413155
431340,AVERA QUEEN OF PEACE,SD,MORT_30_PN,Death rate for pneumonia patients,77,18.9,13.3,26.4,07/01/2021,06/30/2024,6650003,SD,2024,1,0,1,0,0,Neither current nor planned,4.343805421853684
440057,CLAIBORNE MEDICAL CENTER,TN,MORT_30_PN,Death rate for pneumonia patients,60,21.5,15.4,29.6,07/01/2021,06/30/2024,6521222,TN,2024,1,1,1,0,1,Planned TEFCA,4.0943445622221
440065,TRISTAR NORTHCREST MEDICAL CENTER,TN,MORT_30_HF,Death rate for heart failure patients,76,11.9,7.9,17.5,07/01/2021,06/30/2024,6521210,TN,2024,1,0,1,0,0,Neither current nor planned,4.330733340286331
440065,TRISTAR NORTHCREST MEDICAL CENTER,TN,MORT_30_PN,Death rate for pneumonia patients,195,15.5,11.6,19.9,07/01/2021,06/30/2024,6521210,TN,2024,1,0,1,0,0,Neither current nor planned,5.272999558563747
440102,LINCOLN MEDICAL CENTER,TN,MORT_30_HF,Death rate for heart failure patients,30,13.6,8.8,21.3,07/01/2021,06/30/2024,6520280,TN,2023,1,1,1,0,0,Neither current nor planned,3.4011973816621555
440102,LINCOLN MEDICAL CENTER,TN,MORT_30_PN,Death rate for pneumonia patients,80,20.6,15.1,27.4,07/01/2021,06/30/2024,6520280,TN,2023,1,1,1,0,0,Neither current nor planned,4.382026634673881
450028,VALLEY BAPTIST MEDICAL CENTER- BROWNSVILLE,TX,MORT_30_HF,Death rate for heart failure patients,122,12.2,9,16.4,07/01/2021,06/30/2024,6740460,TX,2023,1,0,0,0,0,Neither current nor planned,4.804021044733257
450028,VALLEY BAPTIST MEDICAL CENTER- BROWNSVILLE,TX,MORT_30_PN,Death rate for pneumonia patients,166,16,12.9,19.6,07/01/2021,06/30/2024,6740460,TX,2023,1,0,0,0,0,Neither current nor planned,5.111987788356544
450040,COVENANT MEDICAL CENTER,TX,MORT_30_HF,Death rate for heart failure patients,466,9.5,7.6,11.9,07/01/2021,06/30/2024,6742360,TX,2023,1,1,1,0,1,Planned TEFCA,6.1441856341256456
450040,COVENANT MEDICAL CENTER,TX,MORT_30_PN,Death rate for pneumonia patients,671,15.1,13,17.6,07/01/2021,06/30/2024,6742360,TX,2023,1,1,1,0,1,Planned TEFCA,6.508769136971682
450119,SOUTH TEXAS HEALTH SYSTEM,TX,MORT_30_HF,Death rate for heart failure patients,299,9.8,7.5,12.5,07/01/2021,06/30/2024,6740646,TX,2023,1,0,1,0,0,Neither current nor planned,5.700443573390687
450119,SOUTH TEXAS HEALTH SYSTEM,TX,MORT_30_PN,Death rate for pneumonia patients,276,14.6,11.8,17.8,07/01/2021,06/30/2024,6740646,TX,2023,1,0,1,0,0,Neither current nor planned,5.62040086571715
450147,DE TAR HOSPITAL NAVARRO,TX,MORT_30_HF,Death rate for heart failure patients,232,10.2,7.6,13.5,07/01/2021,06/30/2024,6743630,TX,2023,0,0,0,0,0,Neither current nor planned,5.44673737166631
450147,DE TAR HOSPITAL NAVARRO,TX,MORT_30_PN,Death rate for pneumonia patients,212,15.8,12.3,20.2,07/01/2021,06/30/2024,6743630,TX,2023,0,0,0,0,0,Neither current nor planned,5.356586274672012
450194,UT HEALTH EAST TEXAS JACKSONVILLE HOSPITAL,TX,MORT_30_PN,Death rate for pneumonia patients,51,16.5,11.1,23.7,07/01/2021,06/30/2024,6742070,TX,2024,0,0,0,0,0,Neither current nor planned,3.9318256327243257
450229,HENDRICK MEDICAL CENTER,TX,MORT_30_HF,Death rate for heart failure patients,577,14.9,12.6,17.7,07/01/2021,06/30/2024,6740020,TX,2024,0,0,1,0,0,Neither current nor planned,6.3578422665081
450229,HENDRICK MEDICAL CENTER,TX,MORT_30_PN,Death rate for pneumonia patients,790,19,16.6,21.4,07/01/2021,06/30/2024,6740020,TX,2024,0,0,1,0,0,Neither current nor planned,6.672032945461067
450235,MEMORIAL HOSPITAL,TX,MORT_30_PN,Death rate for pneumonia patients,55,17,11.5,24.3,07/01/2021,06/30/2024,6741690,TX,2024,1,0,1,1,0,Current TEFCA,4.007333185232471
450241,FAITH COMMUNITY HOSPITAL,TX,MORT_30_PN,Death rate for pneumonia patients,37,19,12.8,27,07/01/2021,06/30/2024,6742058,TX,2024,0,0,1,0,1,Planned TEFCA,3.6109179126442243
450346,BAPTIST BEAUMONT HOSPITAL,TX,MORT_30_HF,Death rate for heart failure patients,317,10.5,7.9,13.5,07/01/2021,06/30/2024,6740091,TX,2024,1,0,1,0,0,Neither current nor planned,5.75890177387728
450346,BAPTIST BEAUMONT HOSPITAL,TX,MORT_30_PN,Death rate for pneumonia patients,438,21.2,18.1,24.7,07/01/2021,06/30/2024,6740091,TX,2024,1,0,1,0,0,Neither current nor planned,6.082218910376446
450465,MATAGORDA REGIONAL MEDICAL CENTER,TX,MORT_30_HF,Death rate for heart failure patients,65,11.1,7.5,16.2,07/01/2021,06/30/2024,6740235,TX,2024,0,0,0,0,0,Neither current nor planned,4.174387269895637
450465,MATAGORDA REGIONAL MEDICAL CENTER,TX,MORT_30_PN,Death rate for pneumonia patients,95,15.9,11.7,21.4,07/01/2021,06/30/2024,6740235,TX,2024,0,0,0,0,0,Neither current nor planned,4.553876891600541
450518,THE MEDICAL CENTER OF SOUTHEAST TEXAS,TX,MORT_30_HF,Death rate for heart failure patients,117,9.7,6.5,14,07/01/2021,06/30/2024,6740316,TX,2023,1,0,0,0,1,Planned TEFCA,4.762173934797756
450518,THE MEDICAL CENTER OF SOUTHEAST TEXAS,TX,MORT_30_PN,Death rate for pneumonia patients,100,15.6,11.4,20.5,07/01/2021,06/30/2024,6740316,TX,2023,1,0,0,0,1,Planned TEFCA,4.605170185988092
450539,COVENANT HOSPITAL PLAINVIEW,TX,MORT_30_HF,Death rate for heart failure patients,27,11.3,6.9,17.1,07/01/2021,06/30/2024,6742840,TX,2023,1,1,1,0,1,Planned TEFCA,3.295836866004329
450539,COVENANT HOSPITAL PLAINVIEW,TX,MORT_30_PN,Death rate for pneumonia patients,55,14.6,9.9,20.4,07/01/2021,06/30/2024,6742840,TX,2023,1,1,1,0,1,Planned TEFCA,4.007333185232471
450604,HILL COUNTRY MEMORIAL HOSPITAL,TX,MORT_30_HF,Death rate for heart failure patients,72,15.6,10.8,21.6,07/01/2021,06/30/2024,6741511,TX,2024,1,0,1,0,0,Neither current nor planned,4.276666119016055
450604,HILL COUNTRY MEMORIAL HOSPITAL,TX,MORT_30_PN,Death rate for pneumonia patients,109,16.2,11.6,22.6,07/01/2021,06/30/2024,6741511,TX,2024,1,0,1,0,0,Neither current nor planned,4.6913478822291435
450656,NACOGDOCHES MEDICAL CENTER,TX,MORT_30_HF,Death rate for heart failure patients,164,8.8,6.1,12.9,07/01/2021,06/30/2024,6742583,TX,2024,1,0,1,0,0,Neither current nor planned,5.099866427824199
450656,NACOGDOCHES MEDICAL CENTER,TX,MORT_30_PN,Death rate for pneumonia patients,290,15.5,12.5,19,07/01/2021,06/30/2024,6742583,TX,2024,1,0,1,0,0,Neither current nor planned,5.66988092298052
450678,WHITE ROCK MEDICAL CENTER,TX,MORT_30_HF,Death rate for heart failure patients,78,9.4,6.1,14.3,07/01/2021,06/30/2024,6740964,TX,2023,1,0,1,0,1,Planned TEFCA,4.356708826689592
450678,WHITE ROCK MEDICAL CENTER,TX,MORT_30_PN,Death rate for pneumonia patients,120,18.5,14.5,23.2,07/01/2021,06/30/2024,6740964,TX,2023,1,0,1,0,1,Planned TEFCA,4.787491742782046
450690,THE UNIVERSITY OF TEXAS HEALTH SCIENCE CENTER AT TYLER,TX,MORT_30_HF,Death rate for heart failure patients,49,13.4,8.5,20.4,07/01/2021,06/30/2024,6743556,TX,2024,0,0,0,0,0,Neither current nor planned,3.8918202981106265
450690,THE UNIVERSITY OF TEXAS HEALTH SCIENCE CENTER AT TYLER,TX,MORT_30_PN,Death rate for pneumonia patients,67,18.4,12.3,26.2,07/01/2021,06/30/2024,6743556,TX,2024,0,0,0,0,0,Neither current nor planned,4.204692619390966
450755,COVENANT HOSPITAL LEVELLAND,TX,MORT_30_PN,Death rate for pneumonia patients,25,15.9,11,22.2,07/01/2021,06/30/2024,6742250,TX,2023,1,1,1,0,1,Planned TEFCA,3.2188758248682006
450869,DOCTORS HOSPTAL AT RENAISSANCE,TX,MORT_30_HF,Death rate for heart failure patients,170,12.1,8.8,16.4,07/01/2021,06/30/2024,6740232,TX,2023,0,0,0,0,0,Neither current nor planned,5.135798437050262
450869,DOCTORS HOSPTAL AT RENAISSANCE,TX,MORT_30_PN,Death rate for pneumonia patients,157,15.8,12.4,20.1,07/01/2021,06/30/2024,6740232,TX,2023,0,0,0,0,0,Neither current nor planned,5.056245805348308
451300,PARMER COUNTY COMMUNITY HOSPITAL,TX,MORT_30_PN,Death rate for pneumonia patients,27,18,11.6,26.8,07/01/2021,06/30/2024,6741545,TX,2023,0,0,0,0,0,Neither current nor planned,3.295836866004329
451347,COLEMAN COUNTY MEDICAL CENTER COMPANY,TX,MORT_30_PN,Death rate for pneumonia patients,62,21.4,13.9,32.1,07/01/2021,06/30/2024,6740660,TX,2023,0,0,0,0,0,Neither current nor planned,4.127134385045092
451356,MEMORIAL MEDICAL CENTER,TX,MORT_30_HF,Death rate for heart failure patients,25,12,7.7,17.6,07/01/2021,06/30/2024,6742853,TX,2024,1,0,0,0,0,Neither current nor planned,3.2188758248682006
451356,MEMORIAL MEDICAL CENTER,TX,MORT_30_PN,Death rate for pneumonia patients,59,16.9,11.7,23.4,07/01/2021,06/30/2024,6742853,TX,2024,1,0,0,0,0,Neither current nor planned,4.07753744390572
451361,SABINE COUNTY HOSPITAL,TX,MORT_30_PN,Death rate for pneumonia patients,36,19.2,12.7,28,07/01/2021,06/30/2024,6749260,TX,2023,0,0,0,0,0,Neither current nor planned,3.58351893845611
451379,CORYELL MEMORIAL HOSPITAL,TX,MORT_30_PN,Death rate for pneumonia patients,55,18.9,12.5,28.2,07/01/2021,06/30/2024,6741620,TX,2024,1,0,0,0,0,Neither current nor planned,4.007333185232471
451395,HILL REGIONAL HOSPITAL,TX,MORT_30_HF,Death rate for heart failure patients,49,16.4,10.9,24.8,07/01/2021,06/30/2024,6741840,TX,2024,1,0,1,0,0,Neither current nor planned,3.8918202981106265
451395,HILL REGIONAL HOSPITAL,TX,MORT_30_PN,Death rate for pneumonia patients,66,22.9,16.5,31.3,07/01/2021,06/30/2024,6741840,TX,2024,1,0,1,0,0,Neither current nor planned,4.189654742026425
460001,INTERMOUNTAIN HEALTH UTAH VALLEY HOSPITAL,UT,MORT_30_HF,Death rate for heart failure patients,308,12.4,9.8,15.9,07/01/2021,06/30/2024,6870220,UT,2023,1,1,1,0,1,Planned TEFCA,5.730099782973574
460001,INTERMOUNTAIN HEALTH UTAH VALLEY HOSPITAL,UT,MORT_30_PN,Death rate for pneumonia patients,321,17.7,14.4,21.4,07/01/2021,06/30/2024,6870220,UT,2023,1,1,1,0,1,Planned TEFCA,5.771441123130016
460004,MCKAY-DEE HOSPITAL,UT,MORT_30_HF,Death rate for heart failure patients,285,14.8,11.8,18.8,07/01/2021,06/30/2024,6870160,UT,2023,1,1,1,0,1,Planned TEFCA,5.652489180268651
460004,MCKAY-DEE HOSPITAL,UT,MORT_30_PN,Death rate for pneumonia patients,254,14.9,11.6,18.9,07/01/2021,06/30/2024,6870160,UT,2023,1,1,1,0,1,Planned TEFCA,5.537334267018537
460006,LDS HOSPITAL,UT,MORT_30_HF,Death rate for heart failure patients,32,9.7,6,15.1,07/01/2021,06/30/2024,6870260,UT,2023,1,1,1,0,1,Planned TEFCA,3.4657359027997265
460006,LDS HOSPITAL,UT,MORT_30_PN,Death rate for pneumonia patients,107,17.5,13,23.2,07/01/2021,06/30/2024,6870260,UT,2023,1,1,1,0,1,Planned TEFCA,4.672828834461906
460007,CEDAR CITY HOSPITAL,UT,MORT_30_HF,Death rate for heart failure patients,44,14.2,9.2,21.3,07/01/2021,06/30/2024,6870050,UT,2023,1,1,1,0,1,Planned TEFCA,3.784189633918261
460007,CEDAR CITY HOSPITAL,UT,MORT_30_PN,Death rate for pneumonia patients,70,17.3,12.1,24.1,07/01/2021,06/30/2024,6870050,UT,2023,1,1,1,0,1,Planned TEFCA,4.248495242049359
460010,INTERMOUNTAIN MEDICAL CENTER,UT,MORT_30_HF,Death rate for heart failure patients,592,11.5,9.3,13.9,07/01/2021,06/30/2024,6870141,UT,2023,1,1,1,0,1,Planned TEFCA,6.3835066348840055
460010,INTERMOUNTAIN MEDICAL CENTER,UT,MORT_30_PN,Death rate for pneumonia patients,325,16.8,13.8,20.5,07/01/2021,06/30/2024,6870141,UT,2023,1,1,1,0,1,Planned TEFCA,5.783825182329737
460014,MOUNTAIN WEST MEDICAL CENTER,UT,MORT_30_HF,Death rate for heart failure patients,30,11.1,7.1,17,07/01/2021,06/30/2024,6870333,UT,2023,1,1,1,0,0,Neither current nor planned,3.4011973816621555
460014,MOUNTAIN WEST MEDICAL CENTER,UT,MORT_30_PN,Death rate for pneumonia patients,35,16.1,10.8,23.8,07/01/2021,06/30/2024,6870333,UT,2023,1,1,1,0,0,Neither current nor planned,3.5553480614894135
460015,INTERMOUNTAIN HEALTH LOGAN REGIONAL HOSPITAL,UT,MORT_30_HF,Death rate for heart failure patients,147,11.5,8.3,15.7,07/01/2021,06/30/2024,6870120,UT,2023,1,1,1,0,1,Planned TEFCA,4.990432586778736
460015,INTERMOUNTAIN HEALTH LOGAN REGIONAL HOSPITAL,UT,MORT_30_PN,Death rate for pneumonia patients,115,17,12.3,23.2,07/01/2021,06/30/2024,6870120,UT,2023,1,1,1,0,1,Planned TEFCA,4.74493212836325
460019,UINTAH BASIN MEDICAL CENTER,UT,MORT_30_HF,Death rate for heart failure patients,46,12.9,8.4,19.5,07/01/2021,06/30/2024,6870235,UT,2023,1,0,1,0,0,Neither current nor planned,3.828641396489095
460019,UINTAH BASIN MEDICAL CENTER,UT,MORT_30_PN,Death rate for pneumonia patients,63,16.8,11.5,24.8,07/01/2021,06/30/2024,6870235,UT,2023,1,0,1,0,0,Neither current nor planned,4.143134726391533
460021,ST. GEORGE REGIONAL HOSPITAL,UT,MORT_30_HF,Death rate for heart failure patients,447,11,8.9,13.7,07/01/2021,06/30/2024,6870245,UT,2023,1,1,1,0,1,Planned TEFCA,6.102558594613569
460021,ST. GEORGE REGIONAL HOSPITAL,UT,MORT_30_PN,Death rate for pneumonia patients,625,16.6,14.1,19.4,07/01/2021,06/30/2024,6870245,UT,2023,1,1,1,0,1,Planned TEFCA,6.437751649736401
460023,AMERICAN FORK HOSPITAL,UT,MORT_30_HF,Death rate for heart failure patients,71,13,8.9,18.7,07/01/2021,06/30/2024,6870010,UT,2023,1,1,1,0,1,Planned TEFCA,4.2626798770413155
460023,AMERICAN FORK HOSPITAL,UT,MORT_30_PN,Death rate for pneumonia patients,110,14.1,9.8,19.3,07/01/2021,06/30/2024,6870010,UT,2023,1,1,1,0,1,Planned TEFCA,4.700480365792417
460026,INTERMOUNTAIN HEALTH SEVIER VALLEY HOSPITAL,UT,MORT_30_HF,Death rate for heart failure patients,25,11.6,7.1,18.4,07/01/2021,06/30/2024,6870230,UT,2023,1,1,1,0,1,Planned TEFCA,3.2188758248682006
460026,INTERMOUNTAIN HEALTH SEVIER VALLEY HOSPITAL,UT,MORT_30_PN,Death rate for pneumonia patients,39,15.1,9.9,21.7,07/01/2021,06/30/2024,6870230,UT,2023,1,1,1,0,1,Planned TEFCA,3.6635616461296463
460044,INTERMOUNTAIN HEALTH ALTA VIEW HOSPITAL,UT,MORT_30_HF,Death rate for heart failure patients,48,10.6,6.6,16.3,07/01/2021,06/30/2024,6870500,UT,2023,1,1,1,0,1,Planned TEFCA,3.871201010907891
460044,INTERMOUNTAIN HEALTH ALTA VIEW HOSPITAL,UT,MORT_30_PN,Death rate for pneumonia patients,89,11.7,7.9,16.6,07/01/2021,06/30/2024,6870500,UT,2023,1,1,1,0,1,Planned TEFCA,4.48863636973214
460057,PARK CITY HOSPITAL,UT,MORT_30_HF,Death rate for heart failure patients,27,10.8,6.7,16.9,07/01/2021,06/30/2024,6870189,UT,2023,1,1,1,0,1,Planned TEFCA,3.295836866004329
460057,PARK CITY HOSPITAL,UT,MORT_30_PN,Death rate for pneumonia patients,51,16.5,10.9,24.9,07/01/2021,06/30/2024,6870189,UT,2023,1,1,1,0,1,Planned TEFCA,3.9318256327243257
460058,INTERMOUNTAIN HEALTH RIVERTON HOSPITAL,UT,MORT_30_HF,Death rate for heart failure patients,67,10.8,7,15.9,07/01/2021,06/30/2024,6870124,UT,2023,1,1,1,0,1,Planned TEFCA,4.204692619390966
460058,INTERMOUNTAIN HEALTH RIVERTON HOSPITAL,UT,MORT_30_PN,Death rate for pneumonia patients,89,14.5,10.2,20.3,07/01/2021,06/30/2024,6870124,UT,2023,1,1,1,0,1,Planned TEFCA,4.48863636973214
460061,INTERMOUNTAIN HEALTH LAYTON HOSPITAL,UT,MORT_30_HF,Death rate for heart failure patients,45,11.1,7.2,16.8,07/01/2021,06/30/2024,6870379,UT,2023,1,1,1,0,1,Planned TEFCA,3.8066624897703196
460061,INTERMOUNTAIN HEALTH LAYTON HOSPITAL,UT,MORT_30_PN,Death rate for pneumonia patients,57,13.5,9.3,19.1,07/01/2021,06/30/2024,6870379,UT,2023,1,1,1,0,1,Planned TEFCA,4.04305126783455
460062,INTERMOUNTAIN HEALTH SPANISH FORK HOSPITAL,UT,MORT_30_PN,Death rate for pneumonia patients,47,13,8.6,19.5,07/01/2021,06/30/2024,6870417,UT,2023,1,1,1,0,1,Planned TEFCA,3.8501476017100584
461301,INTERMOUNTAIN HEALTH FILLMORE COMMUNITY HOSPITAL,UT,MORT_30_PN,Death rate for pneumonia patients,27,14.3,8.9,22.6,07/01/2021,06/30/2024,6870070,UT,2023,1,1,1,0,1,Planned TEFCA,3.295836866004329
461302,MOAB REGIONAL HOSPITAL,UT,MORT_30_PN,Death rate for pneumonia patients,28,17.4,11.5,25.1,07/01/2021,06/30/2024,6870130,UT,2023,0,0,0,0,0,Neither current nor planned,3.332204510175204
461304,CENTRAL VALLEY MEDICAL CENTER - CAH,UT,MORT_30_PN,Death rate for pneumonia patients,44,15.1,9.9,22.1,07/01/2021,06/30/2024,6870145,UT,2023,1,1,1,0,0,Neither current nor planned,3.784189633918261
461307,INTERMOUNTAIN HEALTH HEBER VALLEY HOSPITAL,UT,MORT_30_PN,Death rate for pneumonia patients,30,14.2,9.1,21.1,07/01/2021,06/30/2024,6870091,UT,2023,1,1,1,0,1,Planned TEFCA,3.4011973816621555
461310,BLUE MOUNTAIN HOSPITAL,UT,MORT_30_PN,Death rate for pneumonia patients,35,17.5,11.7,25.4,07/01/2021,06/30/2024,6879346,UT,2024,0,0,1,0,1,Planned TEFCA,3.5553480614894135
461333,INTERMOUNTAIN HEALTH GARFIELD MEMORIAL HOSPITAL,UT,MORT_30_PN,Death rate for pneumonia patients,29,15.9,9.6,25.5,07/01/2021,06/30/2024,6879080,UT,2023,1,1,1,0,1,Planned TEFCA,3.367295829986474
490005,WINCHESTER MEDICAL CENTER,VA,MORT_30_HF,Death rate for heart failure patients,1076,11.7,9.9,13.7,07/01/2021,06/30/2024,6341200,VA,2024,1,1,1,0,1,Planned TEFCA,6.98100574072173
490005,WINCHESTER MEDICAL CENTER,VA,MORT_30_PN,Death rate for pneumonia patients,830,18.2,15.9,20.9,07/01/2021,06/30/2024,6341200,VA,2024,1,1,1,0,1,Planned TEFCA,6.721425700790643
490009,UNIVERSITY OF VIRGINIA MEDICAL CENTER,VA,MORT_30_HF,Death rate for heart failure patients,672,10,8.3,12.2,07/01/2021,06/30/2024,6344000,VA,2023,1,1,1,1,0,Current TEFCA,6.5102583405231496
490009,UNIVERSITY OF VIRGINIA MEDICAL CENTER,VA,MORT_30_PN,Death rate for pneumonia patients,414,16.8,14.1,19.8,07/01/2021,06/30/2024,6344000,VA,2023,1,1,1,1,0,Current TEFCA,6.025865973825314
490017,BON SECOURS MARYVIEW MEDICAL CENTER,VA,MORT_30_HF,Death rate for heart failure patients,325,14.5,11.7,17.8,07/01/2021,06/30/2024,6340740,VA,2024,0,1,1,0,1,Planned TEFCA,5.783825182329737
490017,BON SECOURS MARYVIEW MEDICAL CENTER,VA,MORT_30_PN,Death rate for pneumonia patients,230,17.3,14.1,21.2,07/01/2021,06/30/2024,6340740,VA,2024,0,1,1,0,1,Planned TEFCA,5.438079308923196
490019,UVA HEALTH CULPEPER MEDICAL CENTER,VA,MORT_30_HF,Death rate for heart failure patients,214,12.5,9.4,16.5,07/01/2021,06/30/2024,6340195,VA,2023,1,1,1,1,0,Current TEFCA,5.365976015021851
490019,UVA HEALTH CULPEPER MEDICAL CENTER,VA,MORT_30_PN,Death rate for pneumonia patients,278,16.5,13.2,20.6,07/01/2021,06/30/2024,6340195,VA,2023,1,1,1,1,0,Current TEFCA,5.627621113690637
490021,CENTRA HEALTH -  LYNCHBURG GEN HOSPITAL,VA,MORT_30_HF,Death rate for heart failure patients,1012,9.6,8.1,11.2,07/01/2021,06/30/2024,6340013,VA,2023,1,1,1,0,1,Planned TEFCA,6.919683849847411
490021,CENTRA HEALTH -  LYNCHBURG GEN HOSPITAL,VA,MORT_30_PN,Death rate for pneumonia patients,718,17.8,15.5,20.4,07/01/2021,06/30/2024,6340013,VA,2023,1,1,1,0,1,Planned TEFCA,6.576469569048224
490041,MARY IMMACULATE HOSPITAL,VA,MORT_30_HF,Death rate for heart failure patients,158,12.6,9.1,17.2,07/01/2021,06/30/2024,6340510,VA,2024,0,1,1,0,1,Planned TEFCA,5.062595033026967
490041,MARY IMMACULATE HOSPITAL,VA,MORT_30_PN,Death rate for pneumonia patients,146,19.4,14.8,25,07/01/2021,06/30/2024,6340510,VA,2024,0,1,1,0,1,Planned TEFCA,4.983606621708336
490045,NOVANT PRINCE WILLIAM MEDICAL CENTER,VA,MORT_30_HF,Death rate for heart failure patients,332,14.5,11.5,18.1,07/01/2021,06/30/2024,6340454,VA,2023,1,1,1,1,0,Current TEFCA,5.805134968916488
490045,NOVANT PRINCE WILLIAM MEDICAL CENTER,VA,MORT_30_PN,Death rate for pneumonia patients,223,19.1,15.3,23.4,07/01/2021,06/30/2024,6340454,VA,2023,1,1,1,1,0,Current TEFCA,5.407171771460119
490053,JOHNSTON MEMORIAL HOSPITAL,VA,MORT_30_HF,Death rate for heart failure patients,163,13.4,10,17.5,07/01/2021,06/30/2024,6340010,VA,2023,1,1,1,0,1,Planned TEFCA,5.093750200806762
490053,JOHNSTON MEMORIAL HOSPITAL,VA,MORT_30_PN,Death rate for pneumonia patients,363,19.9,16.7,23.4,07/01/2021,06/30/2024,6340010,VA,2023,1,1,1,0,1,Planned TEFCA,5.8944028342648505
490059,BON SECOURS ST MARYS HOSPITAL,VA,MORT_30_HF,Death rate for heart failure patients,640,12.1,10,14.5,07/01/2021,06/30/2024,6340921,VA,2024,0,1,1,0,1,Planned TEFCA,6.461468176353717
490059,BON SECOURS ST MARYS HOSPITAL,VA,MORT_30_PN,Death rate for pneumonia patients,524,16.1,13.6,18.9,07/01/2021,06/30/2024,6340921,VA,2024,0,1,1,0,1,Planned TEFCA,6.261491684321042
490067,BON SECOURS SOUTHSIDE MEDICAL CENTER,VA,MORT_30_HF,Death rate for heart failure patients,470,10.7,8.6,13.4,07/01/2021,06/30/2024,6340710,VA,2024,0,1,1,0,1,Planned TEFCA,6.152732694704104
490067,BON SECOURS SOUTHSIDE MEDICAL CENTER,VA,MORT_30_PN,Death rate for pneumonia patients,459,17.3,14.5,20.3,07/01/2021,06/30/2024,6340710,VA,2024,0,1,1,0,1,Planned TEFCA,6.129050210060545
490069,BON SECOURS MEMORIAL REGIONAL MEDICAL CENTER,VA,MORT_30_HF,Death rate for heart failure patients,690,12.1,10.1,14.4,07/01/2021,06/30/2024,6340896,VA,2024,0,1,1,0,1,Planned TEFCA,6.536691597591305
490069,BON SECOURS MEMORIAL REGIONAL MEDICAL CENTER,VA,MORT_30_PN,Death rate for pneumonia patients,514,16.3,13.8,19.1,07/01/2021,06/30/2024,6340896,VA,2024,0,1,1,0,1,Planned TEFCA,6.2422232654551655
490092,BON SECOURS SOUTHAMPTON MEMORIAL HOSPITAL,VA,MORT_30_HF,Death rate for heart failure patients,99,12.2,8.5,17,07/01/2021,06/30/2024,6340280,VA,2024,0,1,1,0,1,Planned TEFCA,4.59511985013459
490092,BON SECOURS SOUTHAMPTON MEMORIAL HOSPITAL,VA,MORT_30_PN,Death rate for pneumonia patients,88,22,16.3,29.2,07/01/2021,06/30/2024,6340280,VA,2024,0,1,1,0,1,Planned TEFCA,4.477336814478207
490097,BON SECOURS SOUTHERN VIRGINIA MEDICAL CENTER,VA,MORT_30_HF,Death rate for heart failure patients,40,15.6,9.9,23.7,07/01/2021,06/30/2024,6340227,VA,2024,0,1,1,0,1,Planned TEFCA,3.6888794541139363
490097,BON SECOURS SOUTHERN VIRGINIA MEDICAL CENTER,VA,MORT_30_PN,Death rate for pneumonia patients,50,16.4,11.2,23.3,07/01/2021,06/30/2024,6340227,VA,2024,0,1,1,0,1,Planned TEFCA,3.912023005428146
490120,CHESAPEAKE GENERAL HOSPITAL,VA,MORT_30_HF,Death rate for heart failure patients,716,9.2,7.6,11.2,07/01/2021,06/30/2024,6340145,VA,2023,1,1,1,0,1,Planned TEFCA,6.573680166960646
490120,CHESAPEAKE GENERAL HOSPITAL,VA,MORT_30_PN,Death rate for pneumonia patients,600,13,11,15.3,07/01/2021,06/30/2024,6340145,VA,2023,1,1,1,0,1,Planned TEFCA,6.396929655216146
490136,BON SECOURS ST FRANCIS MEDICAL CENTER,VA,MORT_30_HF,Death rate for heart failure patients,397,12.7,10.1,15.6,07/01/2021,06/30/2024,6340021,VA,2024,0,1,1,0,1,Planned TEFCA,5.983936280687191
490136,BON SECOURS ST FRANCIS MEDICAL CENTER,VA,MORT_30_PN,Death rate for pneumonia patients,365,17.7,14.5,21.5,07/01/2021,06/30/2024,6340021,VA,2024,0,1,1,0,1,Planned TEFCA,5.8998973535824915
490144,UVA HEALTH HAYMARKET MEDICAL CENTER,VA,MORT_30_HF,Death rate for heart failure patients,191,15.6,12,20.3,07/01/2021,06/30/2024,6340429,VA,2023,1,1,1,1,0,Current TEFCA,5.25227342804663
490144,UVA HEALTH HAYMARKET MEDICAL CENTER,VA,MORT_30_PN,Death rate for pneumonia patients,260,18.8,15.2,23.2,07/01/2021,06/30/2024,6340429,VA,2023,1,1,1,1,0,Current TEFCA,5.560681631015528
491305,SHENANDOAH MEMORIAL HOSPITAL,VA,MORT_30_HF,Death rate for heart failure patients,89,14.2,10.1,19.3,07/01/2021,06/30/2024,6341215,VA,2024,1,1,1,0,1,Planned TEFCA,4.48863636973214
491305,SHENANDOAH MEMORIAL HOSPITAL,VA,MORT_30_PN,Death rate for pneumonia patients,111,18,13.3,24.1,07/01/2021,06/30/2024,6341215,VA,2024,1,1,1,0,1,Planned TEFCA,4.709530201312334
491307,"PAGE MEMORIAL HOSPITAL, INC",VA,MORT_30_HF,Death rate for heart failure patients,93,8.1,5.3,12.4,07/01/2021,06/30/2024,6340420,VA,2024,1,1,1,0,1,Planned TEFCA,4.532599493153256
491307,"PAGE MEMORIAL HOSPITAL, INC",VA,MORT_30_PN,Death rate for pneumonia patients,62,16.4,11.5,22.8,07/01/2021,06/30/2024,6340420,VA,2024,1,1,1,0,1,Planned TEFCA,4.127134385045092
491308,RAPPAHANNOCK GENERAL HOSPITAL,VA,MORT_30_HF,Death rate for heart failure patients,59,10.3,6.8,15.4,07/01/2021,06/30/2024,6340385,VA,2024,0,1,1,0,1,Planned TEFCA,4.07753744390572
491308,RAPPAHANNOCK GENERAL HOSPITAL,VA,MORT_30_PN,Death rate for pneumonia patients,58,15.5,11,21.4,07/01/2021,06/30/2024,6340385,VA,2024,0,1,1,0,1,Planned TEFCA,4.060443010546419
500002,PROVIDENCE ST MARY MEDICAL CENTER,WA,MORT_30_HF,Death rate for heart failure patients,340,12.7,10,15.7,07/01/2021,06/30/2024,6911170,WA,2023,1,1,1,0,1,Planned TEFCA,5.8289456176102075
500002,PROVIDENCE ST MARY MEDICAL CENTER,WA,MORT_30_PN,Death rate for pneumonia patients,298,17.4,14.2,21,07/01/2021,06/30/2024,6911170,WA,2023,1,1,1,0,1,Planned TEFCA,5.697093486505405
500003,SKAGIT VALLEY HOSPITAL,WA,MORT_30_HF,Death rate for heart failure patients,299,15.9,12.8,19.9,07/01/2021,06/30/2024,6910420,WA,2023,1,1,1,0,0,Neither current nor planned,5.700443573390687
500003,SKAGIT VALLEY HOSPITAL,WA,MORT_30_PN,Death rate for pneumonia patients,239,19,15,24.1,07/01/2021,06/30/2024,6910420,WA,2023,1,1,1,0,0,Neither current nor planned,5.476463551931511
500016,CONFLUENCE HEALTH HOSPITAL,WA,MORT_30_HF,Death rate for heart failure patients,486,13.3,11.1,16,07/01/2021,06/30/2024,6911195,WA,2024,1,1,1,0,1,Planned TEFCA,6.186208623900494
500016,CONFLUENCE HEALTH HOSPITAL,WA,MORT_30_PN,Death rate for pneumonia patients,307,16.7,13.9,20.1,07/01/2021,06/30/2024,6911195,WA,2024,1,1,1,0,1,Planned TEFCA,5.726847747587197
500030,ST JOSEPH HOSPITAL,WA,MORT_30_HF,Death rate for heart failure patients,591,10.6,8.7,12.8,07/01/2021,06/30/2024,6910001,WA,2023,1,1,1,1,0,Current TEFCA,6.3818160174060985
500030,ST JOSEPH HOSPITAL,WA,MORT_30_PN,Death rate for pneumonia patients,540,12.3,10,15,07/01/2021,06/30/2024,6910001,WA,2023,1,1,1,1,0,Current TEFCA,6.29156913955832
500036,YAKIMA VALLEY MEMORIAL,WA,MORT_30_HF,Death rate for heart failure patients,549,13.2,10.9,15.9,07/01/2021,06/30/2024,6911260,WA,2023,1,0,0,0,0,Neither current nor planned,6.3080984415095305
500036,YAKIMA VALLEY MEMORIAL,WA,MORT_30_PN,Death rate for pneumonia patients,524,18.8,16.2,21.4,07/01/2021,06/30/2024,6911260,WA,2023,1,0,0,0,0,Neither current nor planned,6.261491684321042
500041,PEACEHEALTH ST JOHN MEDICAL CENTER,WA,MORT_30_HF,Death rate for heart failure patients,224,14.3,11.2,18,07/01/2021,06/30/2024,6910355,WA,2023,1,1,1,1,0,Current TEFCA,5.4116460518550396
500041,PEACEHEALTH ST JOHN MEDICAL CENTER,WA,MORT_30_PN,Death rate for pneumonia patients,202,15,11.6,19.2,07/01/2021,06/30/2024,6910355,WA,2023,1,1,1,1,0,Current TEFCA,5.308267697401205
500050,PEACEHEALTH SOUTHWEST MEDICAL CENTER,WA,MORT_30_HF,Death rate for heart failure patients,489,10,8.1,12.3,07/01/2021,06/30/2024,6911130,WA,2023,1,1,1,1,0,Current TEFCA,6.192362489474872
500050,PEACEHEALTH SOUTHWEST MEDICAL CENTER,WA,MORT_30_PN,Death rate for pneumonia patients,327,14.2,11.6,17.1,07/01/2021,06/30/2024,6911130,WA,2023,1,1,1,1,0,Current TEFCA,5.7899601708972535
500051,OVERLAKE HOSPITAL MEDICAL CENTER,WA,MORT_30_HF,Death rate for heart failure patients,422,12.5,10.2,15.4,07/01/2021,06/30/2024,6910060,WA,2024,1,1,1,0,1,Planned TEFCA,6.045005314036012
500051,OVERLAKE HOSPITAL MEDICAL CENTER,WA,MORT_30_PN,Death rate for pneumonia patients,338,18.1,15.2,21.5,07/01/2021,06/30/2024,6910060,WA,2024,1,1,1,0,1,Planned TEFCA,5.823045895483019
500054,PROV SACRED HRT MED CTR & CHILDS HOSP.,WA,MORT_30_HF,Death rate for heart failure patients,470,15.2,12.7,17.8,07/01/2021,06/30/2024,6910980,WA,2023,1,1,1,0,1,Planned TEFCA,6.152732694704104
500054,PROV SACRED HRT MED CTR & CHILDS HOSP.,WA,MORT_30_PN,Death rate for pneumonia patients,409,18.3,15.6,21.5,07/01/2021,06/30/2024,6910980,WA,2023,1,1,1,0,1,Planned TEFCA,6.013715156042802
500058,KADLEC REGIONAL MEDICAL CENTER,WA,MORT_30_HF,Death rate for heart failure patients,685,12.1,10.1,14.4,07/01/2021,06/30/2024,6910530,WA,2023,1,1,1,0,1,Planned TEFCA,6.529418838262226
500058,KADLEC REGIONAL MEDICAL CENTER,WA,MORT_30_PN,Death rate for pneumonia patients,685,15.6,13.4,18.2,07/01/2021,06/30/2024,6910530,WA,2023,1,1,1,0,1,Planned TEFCA,6.529418838262226
500072,OLYMPIC MEDICAL CENTER,WA,MORT_30_HF,Death rate for heart failure patients,239,18.5,14.9,22.5,07/01/2021,06/30/2024,6910480,WA,2023,0,1,1,0,0,Neither current nor planned,5.476463551931511
500072,OLYMPIC MEDICAL CENTER,WA,MORT_30_PN,Death rate for pneumonia patients,316,19.2,15.9,23,07/01/2021,06/30/2024,6910480,WA,2023,0,1,1,0,0,Neither current nor planned,5.755742213586912
500077,PROVIDENCE HOLY FAMILY HOSPITAL,WA,MORT_30_HF,Death rate for heart failure patients,300,12.6,10,15.7,07/01/2021,06/30/2024,6910894,WA,2023,1,1,1,0,1,Planned TEFCA,5.703782474656201
500077,PROVIDENCE HOLY FAMILY HOSPITAL,WA,MORT_30_PN,Death rate for pneumonia patients,261,18.8,15.3,22.7,07/01/2021,06/30/2024,6910894,WA,2023,1,1,1,0,1,Planned TEFCA,5.564520407322694
500129,TACOMA GENERAL ALLENMORE HOSPITAL,WA,MORT_30_HF,Death rate for heart failure patients,496,13.7,11.3,16.5,07/01/2021,06/30/2024,6911018,WA,2023,1,1,1,0,0,Neither current nor planned,6.206575926724928
500129,TACOMA GENERAL ALLENMORE HOSPITAL,WA,MORT_30_PN,Death rate for pneumonia patients,574,15.4,13.1,18.1,07/01/2021,06/30/2024,6911018,WA,2023,1,1,1,0,0,Neither current nor planned,6.352629396319567
501309,PROVIDENCE ST JOSEPH HOSPITAL,WA,MORT_30_PN,Death rate for pneumonia patients,25,14.7,9.1,22.1,07/01/2021,06/30/2024,6910160,WA,2023,1,1,1,0,1,Planned TEFCA,3.2188758248682006
501312,PROSSER MEMORIAL HOSPITAL,WA,MORT_30_HF,Death rate for heart failure patients,33,11.2,7,17.4,07/01/2021,06/30/2024,6910492,WA,2023,1,0,0,0,0,Neither current nor planned,3.4965075614664802
501312,PROSSER MEMORIAL HOSPITAL,WA,MORT_30_PN,Death rate for pneumonia patients,70,19.9,14.3,26.5,07/01/2021,06/30/2024,6910492,WA,2023,1,0,0,0,0,Neither current nor planned,4.248495242049359
501323,JEFFERSON HEALTHCARE,WA,MORT_30_HF,Death rate for heart failure patients,76,13.3,9.1,18.8,07/01/2021,06/30/2024,6910490,WA,2023,0,1,0,0,0,Neither current nor planned,4.330733340286331
501323,JEFFERSON HEALTHCARE,WA,MORT_30_PN,Death rate for pneumonia patients,98,16.7,11.4,23.2,07/01/2021,06/30/2024,6910490,WA,2023,0,1,0,0,0,Neither current nor planned,4.584967478670572
501326,PROVIDENCE MOUNT CARMEL HOSPITAL,WA,MORT_30_HF,Death rate for heart failure patients,47,17.7,12.1,24.5,07/01/2021,06/30/2024,6910200,WA,2023,1,1,1,0,1,Planned TEFCA,3.8501476017100584
501326,PROVIDENCE MOUNT CARMEL HOSPITAL,WA,MORT_30_PN,Death rate for pneumonia patients,67,18.8,13.5,25.7,07/01/2021,06/30/2024,6910200,WA,2023,1,1,1,0,1,Planned TEFCA,4.204692619390966
501329,PEACEHEALTH UNITED GENERAL MEDICAL CENTER,WA,MORT_30_HF,Death rate for heart failure patients,44,12,8,17.4,07/01/2021,06/30/2024,6910810,WA,2023,1,1,1,1,0,Current TEFCA,3.784189633918261
501329,PEACEHEALTH UNITED GENERAL MEDICAL CENTER,WA,MORT_30_PN,Death rate for pneumonia patients,78,16.9,12.1,23.5,07/01/2021,06/30/2024,6910810,WA,2023,1,1,1,1,0,Current TEFCA,4.356708826689592
501331,PULLMAN REGIONAL HOSPITAL,WA,MORT_30_HF,Death rate for heart failure patients,44,13,8.3,19.3,07/01/2021,06/30/2024,6910495,WA,2023,1,1,1,0,1,Planned TEFCA,3.784189633918261
501331,PULLMAN REGIONAL HOSPITAL,WA,MORT_30_PN,Death rate for pneumonia patients,32,16.5,11,24.3,07/01/2021,06/30/2024,6910495,WA,2023,1,1,1,0,1,Planned TEFCA,3.4657359027997265
510024,MON HEALTH MEDICAL CENTER,WV,MORT_30_HF,Death rate for heart failure patients,245,11.2,8.2,15,07/01/2021,06/30/2024,6350555,WV,2024,0,0,1,0,0,Neither current nor planned,5.501258210544727
510024,MON HEALTH MEDICAL CENTER,WV,MORT_30_PN,Death rate for pneumonia patients,170,17.2,13.1,22.3,07/01/2021,06/30/2024,6350555,WV,2024,0,0,1,0,0,Neither current nor planned,5.135798437050262
511309,VALLEY HEALTH WAR MEMORIAL HOSPITAL,WV,MORT_30_HF,Death rate for heart failure patients,42,9.8,6.1,15.3,07/01/2021,06/30/2024,6350060,WV,2024,1,1,1,0,1,Planned TEFCA,3.7376696182833684
511309,VALLEY HEALTH WAR MEMORIAL HOSPITAL,WV,MORT_30_PN,Death rate for pneumonia patients,43,15.4,10.1,22.6,07/01/2021,06/30/2024,6350060,WV,2024,1,1,1,0,1,Planned TEFCA,3.7612001156935624
511311,HAMPSHIRE MEMORIAL HOSPITAL,WV,MORT_30_HF,Death rate for heart failure patients,26,12.7,7.7,19.7,07/01/2021,06/30/2024,6350675,WV,2024,1,1,1,0,1,Planned TEFCA,3.258096538021482
511311,HAMPSHIRE MEMORIAL HOSPITAL,WV,MORT_30_PN,Death rate for pneumonia patients,39,14.8,9.6,22.2,07/01/2021,06/30/2024,6350675,WV,2024,1,1,1,0,1,Planned TEFCA,3.6635616461296463
511317,"CAMC PLATEAU MEDICAL CENTER, INC",WV,MORT_30_PN,Death rate for pneumonia patients,54,16.1,10.8,22.9,07/01/2021,06/30/2024,6350590,WV,2024,0,0,0,0,1,Planned TEFCA,3.9889840465642745
520066,MERCY HEALTH SYSTEM CORP,WI,MORT_30_HF,Death rate for heart failure patients,199,10.6,7.8,14.5,07/01/2021,06/30/2024,6450015,WI,2024,1,1,0,1,0,Current TEFCA,5.293304824724492
520066,MERCY HEALTH SYSTEM CORP,WI,MORT_30_PN,Death rate for pneumonia patients,134,13.6,9.6,19.2,07/01/2021,06/30/2024,6450015,WI,2024,1,1,0,1,0,Current TEFCA,4.897839799950911
520071,FORT MEMORIAL HOSPITAL,WI,MORT_30_HF,Death rate for heart failure patients,67,13.5,9.1,19.9,07/01/2021,06/30/2024,6450390,WI,2023,1,0,0,0,0,Neither current nor planned,4.204692619390966
520071,FORT MEMORIAL HOSPITAL,WI,MORT_30_PN,Death rate for pneumonia patients,63,15.6,10.9,21.7,07/01/2021,06/30/2024,6450390,WI,2023,1,0,0,0,0,Neither current nor planned,4.143134726391533
521308,AMERY HOSPITAL & CLINIC,WI,MORT_30_HF,Death rate for heart failure patients,52,14.8,9.7,21.6,07/01/2021,06/30/2024,6450035,WI,2023,1,1,1,0,1,Planned TEFCA,3.9512437185814275
521308,AMERY HOSPITAL & CLINIC,WI,MORT_30_PN,Death rate for pneumonia patients,54,15.9,10.7,23.1,07/01/2021,06/30/2024,6450035,WI,2023,1,1,1,0,1,Planned TEFCA,3.9889840465642745
521320,TOMAH MEMORIAL HOSPITAL,WI,MORT_30_HF,Death rate for heart failure patients,40,12.2,7.6,18.9,07/01/2021,06/30/2024,6451895,WI,2024,1,1,1,0,0,Neither current nor planned,3.6888794541139363
521320,TOMAH MEMORIAL HOSPITAL,WI,MORT_30_PN,Death rate for pneumonia patients,46,17.7,11.9,25.5,07/01/2021,06/30/2024,6451895,WI,2024,1,1,1,0,0,Neither current nor planned,3.828641396489095
521330,CROSSING RIVERS HEALTH MEDICAL CENTER,WI,MORT_30_HF,Death rate for heart failure patients,26,15,9.3,22.4,07/01/2021,06/30/2024,6451515,WI,2023,0,1,1,0,0,Neither current nor planned,3.258096538021482
521330,CROSSING RIVERS HEALTH MEDICAL CENTER,WI,MORT_30_PN,Death rate for pneumonia patients,76,15.8,10.9,22.4,07/01/2021,06/30/2024,6451515,WI,2023,0,1,1,0,0,Neither current nor planned,4.330733340286331
521357,MERCY WALWORTH HOSPITAL & MEDICAL CENTER,WI,MORT_30_HF,Death rate for heart failure patients,76,11.4,7.6,16.9,07/01/2021,06/30/2024,6450038,WI,2024,1,1,0,1,0,Current TEFCA,4.330733340286331
521357,MERCY WALWORTH HOSPITAL & MEDICAL CENTER,WI,MORT_30_PN,Death rate for pneumonia patients,61,18.3,13.2,25,07/01/2021,06/30/2024,6450038,WI,2024,1,1,0,1,0,Current TEFCA,4.110873864173311
521358,DOOR COUNTY MEDICAL CENTER,WI,MORT_30_HF,Death rate for heart failure patients,69,12.7,8.5,18.7,07/01/2021,06/30/2024,6451850,WI,2024,1,0,1,0,1,Planned TEFCA,4.23410650459726
521358,DOOR COUNTY MEDICAL CENTER,WI,MORT_30_PN,Death rate for pneumonia patients,59,16.9,11.1,24.6,07/01/2021,06/30/2024,6451850,WI,2024,1,0,1,0,1,Planned TEFCA,4.07753744390572
521359,TAMARACK HEALTH ASHLAND MEDICAL CENTER,WI,MORT_30_HF,Death rate for heart failure patients,48,14,9,21.1,07/01/2021,06/30/2024,6450078,WI,2023,1,0,1,0,0,Neither current nor planned,3.871201010907891
521359,TAMARACK HEALTH ASHLAND MEDICAL CENTER,WI,MORT_30_PN,Death rate for pneumonia patients,79,16.7,11.4,23.2,07/01/2021,06/30/2024,6450078,WI,2023,1,0,1,0,0,Neither current nor planned,4.3694478524670215
530012,BANNER WYOMING MEDICAL CENTER,WY,MORT_30_HF,Death rate for heart failure patients,438,16.4,13.4,19.9,07/01/2021,06/30/2024,6830040,WY,2024,1,0,1,0,1,Planned TEFCA,6.082218910376446
530012,BANNER WYOMING MEDICAL CENTER,WY,MORT_30_PN,Death rate for pneumonia patients,464,16.7,13.6,20.1,07/01/2021,06/30/2024,6830040,WY,2024,1,0,1,0,1,Planned TEFCA,6.139884552226255
530015,ST JOHNS MEDICAL CENTER,WY,MORT_30_HF,Death rate for heart failure patients,58,11.2,7.2,16.7,07/01/2021,06/30/2024,6830150,WY,2024,1,0,0,0,0,Neither current nor planned,4.060443010546419
530015,ST JOHNS MEDICAL CENTER,WY,MORT_30_PN,Death rate for pneumonia patients,98,9.6,6.5,14.3,07/01/2021,06/30/2024,6830150,WY,2024,1,0,0,0,0,Neither current nor planned,4.584967478670572
531302,MEMORIAL HOSPITAL OF CONVERSE COUNTY,WY,MORT_30_PN,Death rate for pneumonia patients,57,19.2,13,27.6,07/01/2021,06/30/2024,6830080,WY,2024,0,0,1,0,0,Neither current nor planned,4.04305126783455
531304,HOT SPRINGS COUNTY MEMORIAL HOSPITAL,WY,MORT_30_HF,Death rate for heart failure patients,31,16.1,11,23.1,07/01/2021,06/30/2024,6830262,WY,2023,0,0,0,0,0,Neither current nor planned,3.4339872044851463
531304,HOT SPRINGS COUNTY MEMORIAL HOSPITAL,WY,MORT_30_PN,Death rate for pneumonia patients,44,18.4,12.4,25.7,07/01/2021,06/30/2024,6830262,WY,2023,0,0,0,0,0,Neither current nor planned,3.784189633918261
531305,PLATTE COUNTY HOSPITAL,WY,MORT_30_HF,Death rate for heart failure patients,29,11.2,6.8,18.3,07/01/2021,06/30/2024,6830268,WY,2024,1,0,1,0,1,Planned TEFCA,3.367295829986474
531305,PLATTE COUNTY HOSPITAL,WY,MORT_30_PN,Death rate for pneumonia patients,60,16.3,11.4,22.4,07/01/2021,06/30/2024,6830268,WY,2024,1,0,1,0,1,Planned TEFCA,4.0943445622221
531306,WASHAKIE MEDICAL CENTER,WY,MORT_30_HF,Death rate for heart failure patients,34,10.2,6.4,15.9,07/01/2021,06/30/2024,6830280,WY,2024,1,0,1,0,1,Planned TEFCA,3.5263605246161616
531306,WASHAKIE MEDICAL CENTER,WY,MORT_30_PN,Death rate for pneumonia patients,44,18.5,12.7,25.5,07/01/2021,06/30/2024,6830280,WY,2024,1,0,1,0,1,Planned TEFCA,3.784189633918261
531307,COMMUNITY HOSPITAL,WY,MORT_30_HF,Death rate for heart failure patients,70,14.1,9.6,20.6,07/01/2021,06/30/2024,6830265,WY,2024,1,0,1,0,1,Planned TEFCA,4.248495242049359
531307,COMMUNITY HOSPITAL,WY,MORT_30_PN,Death rate for pneumonia patients,50,22.3,15.1,31.5,07/01/2021,06/30/2024,6830265,WY,2024,1,0,1,0,1,Planned TEFCA,3.912023005428146
531309,NORTH BIG HORN HOSPITAL DISTRICT,WY,MORT_30_HF,Death rate for heart failure patients,43,11.5,7.2,17.9,07/01/2021,06/30/2024,6830205,WY,2023,1,0,1,0,1,Planned TEFCA,3.7612001156935624
531309,NORTH BIG HORN HOSPITAL DISTRICT,WY,MORT_30_PN,Death rate for pneumonia patients,34,17.8,11.7,26.6,07/01/2021,06/30/2024,6830205,WY,2023,1,0,1,0,1,Planned TEFCA,3.5263605246161616
670078,BAPTIST NEIGHBORHOOD HOSPITAL THOUSAND OAKS,TX,MORT_30_PN,Death rate for pneumonia patients,84,12,7.7,18.7,07/01/2021,06/30/2024,6740937,TX,2024,0,0,0,0,0,Neither current nor planned,4.430816798843313
